🚀 Broccoli Core - Phase 3.10: Advanced Governor + Plugins

2026-07-18 15:10:52,321 [INFO] accessibility: ✅ AccessibilityDriver initialized
[grok] initialized
2026-07-18 15:10:52,324 [INFO] plugin.example: ✅ Example Plugin loaded
2026-07-18 15:10:52,324 [INFO] plugin_loader: ✅ Loaded plugin: ExamplePlugin
✅ rish (Shizuku) detected and executable
2026-07-18 15:10:52,324 [INFO] governor: ✅ Shizuku/rish driver initialized
2026-07-18 15:10:52,325 [INFO] governor: Governor Engine started
2026-07-18 15:10:52,325 [INFO] governor: Health: 100% | Cycle: 0
2026-07-18 15:10:52,325 [INFO] governor: Observed screen - nodes: 0
2026-07-18 15:10:54,701 [INFO] governor: System via rish: 15
📋 Enqueued: Process user screen interaction [NORMAL]
⚙️ Executing: Process user screen interaction
✅ Completed: Process user screen interaction
2026-07-18 15:10:54,702 [INFO] governor: Governor cycle 1 completed
2026-07-18 15:10:57,702 [INFO] governor: Health: 100% | Cycle: 1
2026-07-18 15:10:57,703 [INFO] governor: Observed screen - nodes: 0
2026-07-18 15:11:02,811 [INFO] governor: System via rish: shell
📋 Enqueued: Process user screen interaction [NORMAL]
⚙️ Executing: Process user screen interaction
✅ Completed: Process user screen interaction
2026-07-18 15:11:02,814 [INFO] governor: Governor cycle 2 completed
2026-07-18 15:11:05,815 [INFO] governor: Health: 100% | Cycle: 2
2026-07-18 15:11:05,817 [INFO] governor: Observed screen - nodes: 0
2026-07-18 15:11:11,734 [INFO] governor: System via rish: shell
📋 Enqueued: Process user screen interaction [NORMAL]
⚙️ Executing: Process user screen interaction
✅ Completed: Process user screen interaction
2026-07-18 15:11:11,735 [INFO] governor: Governor cycle 3 completed
2026-07-18 15:11:14,736 [INFO] governor: Health: 100% | Cycle: 3
2026-07-18 15:11:14,737 [INFO] governor: Observed screen - nodes: 0
2026-07-18 15:11:20,416 [INFO] governor: System via rish: 15
📋 Enqueued: Process user screen interaction [NORMAL]
⚙️ Executing: Process user screen interaction
✅ Completed: Process user screen interaction
2026-07-18 15:11:20,417 [INFO] governor: Governor cycle 4 completed
2026-07-18 15:11:23,418 [INFO] governor: Health: 100% | Cycle: 4
2026-07-18 15:11:23,419 [INFO] governor: Observed screen - nodes: 0
2026-07-18 15:11:28,543 [INFO] governor: System via rish: 15
📋 Enqueued: Analyze screen for UI changes [HIGH]
⚙️ Executing: Analyze screen for UI changes
✅ Completed: Analyze screen for UI changes
2026-07-18 15:11:28,545 [INFO] governor: Governor cycle 5 completed
2026-07-18 15:11:31,545 [INFO] governor: Health: 100% | Cycle: 5
2026-07-18 15:11:31,546 [INFO] governor: Observed screen - nodes: 0
2026-07-18 15:11:34,958 [INFO] governor: System via rish: 15
📋 Enqueued: Process user screen interaction [NORMAL]
⚙️ Executing: Process user screen interaction
✅ Completed: Process user screen interaction
2026-07-18 15:11:34,960 [INFO] governor: Governor cycle 6 completed
2026-07-18 15:11:37,963 [INFO] governor: Health: 100% | Cycle: 6
2026-07-18 15:11:37,963 [INFO] governor: Observed screen - nodes: 0
2026-07-18 15:11:40,336 [INFO] governor: System via rish: 15
📋 Enqueued: Process user screen interaction [NORMAL]
⚙️ Executing: Process user screen interaction
✅ Completed: Process user screen interaction
2026-07-18 15:11:40,337 [INFO] governor: Governor cycle 7 completed
2026-07-18 15:11:43,337 [INFO] governor: Health: 100% | Cycle: 7
2026-07-18 15:11:43,338 [INFO] governor: Observed screen - nodes: 0
2026-07-18 15:11:45,887 [INFO] governor: System via rish: 15
📋 Enqueued: Process user screen interaction [NORMAL]
⚙️ Executing: Process user screen interaction
✅ Completed: Process user screen interaction
2026-07-18 15:11:45,888 [INFO] governor: Governor cycle 8 completed
2026-07-18 15:11:48,889 [INFO] governor: Health: 100% | Cycle: 8
2026-07-18 15:11:48,891 [INFO] governor: Observed screen - nodes: 0
2026-07-18 15:11:51,331 [INFO] governor: System via rish: 15
📋 Enqueued: Process user screen interaction [NORMAL]
⚙️ Executing: Process user screen interaction
✅ Completed: Process user screen interaction
2026-07-18 15:11:51,332 [INFO] governor: Governor cycle 9 completed
2026-07-18 15:11:54,333 [INFO] governor: Health: 100% | Cycle: 9
2026-07-18 15:11:54,334 [INFO] governor: Observed screen - nodes: 0
2026-07-18 15:11:58,479 [INFO] governor: System via rish: shell
📋 Enqueued: Analyze screen for UI changes [HIGH]
⚙️ Executing: Analyze screen for UI changes
✅ Completed: Analyze screen for UI changes
2026-07-18 15:11:58,479 [INFO] governor: Governor cycle 10 completed
2026-07-18 15:12:01,480 [INFO] governor: Health: 100% | Cycle: 10
2026-07-18 15:12:01,480 [INFO] governor: Observed screen - nodes: 0
2026-07-18 15:12:03,797 [INFO] governor: System via rish: 15
📋 Enqueued: Process user screen interaction [NORMAL]
⚙️ Executing: Process user screen interaction
✅ Completed: Process user screen interaction
2026-07-18 15:12:03,799 [INFO] governor: Governor cycle 11 completed
2026-07-18 15:12:06,800 [INFO] governor: Health: 100% | Cycle: 11
2026-07-18 15:12:06,801 [INFO] governor: Observed screen - nodes: 0
2026-07-18 15:12:09,163 [INFO] governor: System via rish: 15
📋 Enqueued: Process user screen interaction [NORMAL]
⚙️ Executing: Process user screen interaction
✅ Completed: Process user screen interaction
2026-07-18 15:12:09,163 [INFO] governor: Governor cycle 12 completed
2026-07-18 15:12:12,164 [INFO] governor: Health: 100% | Cycle: 12
2026-07-18 15:12:12,165 [INFO] governor: Observed screen - nodes: 0
2026-07-18 15:12:14,789 [INFO] governor: System via rish: shell
📋 Enqueued: Process user screen interaction [NORMAL]
⚙️ Executing: Process user screen interaction
✅ Completed: Process user screen interaction
2026-07-18 15:12:14,790 [INFO] governor: Governor cycle 13 completed
2026-07-18 15:12:17,791 [INFO] governor: Health: 100% | Cycle: 13
2026-07-18 15:12:17,792 [INFO] governor: Observed screen - nodes: 0
2026-07-18 15:12:20,118 [INFO] governor: System via rish: 15
📋 Enqueued: Process user screen interaction [NORMAL]
⚙️ Executing: Process user screen interaction
✅ Completed: Process user screen interaction
2026-07-18 15:12:20,119 [INFO] governor: Governor cycle 14 completed
2026-07-18 15:12:23,121 [INFO] governor: Health: 100% | Cycle: 14
2026-07-18 15:12:23,121 [INFO] governor: Observed screen - nodes: 0
2026-07-18 15:12:25,784 [INFO] governor: System via rish: 15
📋 Enqueued: Analyze screen for UI changes [HIGH]
⚙️ Executing: Analyze screen for UI changes
✅ Completed: Analyze screen for UI changes
2026-07-18 15:12:25,786 [INFO] governor: Governor cycle 15 completed
2026-07-18 15:12:28,786 [INFO] governor: Health: 100% | Cycle: 15
2026-07-18 15:12:28,787 [INFO] governor: Observed screen - nodes: 0
2026-07-18 15:12:31,143 [INFO] governor: System via rish: shell
📋 Enqueued: Process user screen interaction [NORMAL]
⚙️ Executing: Process user screen interaction
✅ Completed: Process user screen interaction
2026-07-18 15:12:31,144 [INFO] governor: Governor cycle 16 completed
2026-07-18 15:12:34,145 [INFO] governor: Health: 100% | Cycle: 16
2026-07-18 15:12:34,146 [INFO] governor: Observed screen - nodes: 0
2026-07-18 15:12:36,319 [INFO] governor: System via rish: 15
📋 Enqueued: Process user screen interaction [NORMAL]
⚙️ Executing: Process user screen interaction
✅ Completed: Process user screen interaction
2026-07-18 15:12:36,320 [INFO] governor: Governor cycle 17 completed
2026-07-18 15:12:39,320 [INFO] governor: Health: 100% | Cycle: 17
2026-07-18 15:12:39,320 [INFO] governor: Observed screen - nodes: 0
2026-07-18 15:12:41,832 [INFO] governor: System via rish: 15
📋 Enqueued: Process user screen interaction [NORMAL]
⚙️ Executing: Process user screen interaction
✅ Completed: Process user screen interaction
2026-07-18 15:12:41,833 [INFO] governor: Governor cycle 18 completed
2026-07-18 15:12:44,834 [INFO] governor: Health: 100% | Cycle: 18
2026-07-18 15:12:44,835 [INFO] governor: Observed screen - nodes: 0
2026-07-18 15:12:47,146 [INFO] governor: System via rish: 15
📋 Enqueued: Process user screen interaction [NORMAL]
⚙️ Executing: Process user screen interaction
✅ Completed: Process user screen interaction
2026-07-18 15:12:47,147 [INFO] governor: Governor cycle 19 completed
2026-07-18 15:12:50,149 [INFO] governor: Health: 100% | Cycle: 19
2026-07-18 15:12:50,150 [INFO] governor: Observed screen - nodes: 0
2026-07-18 15:12:52,544 [INFO] governor: System via rish: 15
📋 Enqueued: Analyze screen for UI changes [HIGH]
⚙️ Executing: Analyze screen for UI changes
✅ Completed: Analyze screen for UI changes
2026-07-18 15:12:52,544 [INFO] governor: Governor cycle 20 completed
2026-07-18 15:12:55,545 [INFO] governor: Health: 100% | Cycle: 20
2026-07-18 15:12:55,545 [INFO] governor: Observed screen - nodes: 0
2026-07-18 15:12:58,294 [INFO] governor: System via rish: 15
📋 Enqueued: Process user screen interaction [NORMAL]
⚙️ Executing: Process user screen interaction
✅ Completed: Process user screen interaction
2026-07-18 15:12:58,295 [INFO] governor: Governor cycle 21 completed
2026-07-18 15:13:01,297 [INFO] governor: Health: 100% | Cycle: 21
2026-07-18 15:13:01,298 [INFO] governor: Observed screen - nodes: 0
2026-07-18 15:13:03,873 [INFO] governor: System via rish: 15
📋 Enqueued: Process user screen interaction [NORMAL]
⚙️ Executing: Process user screen interaction
✅ Completed: Process user screen interaction
2026-07-18 15:13:03,874 [INFO] governor: Governor cycle 22 completed
2026-07-18 15:13:06,875 [INFO] governor: Health: 100% | Cycle: 22
2026-07-18 15:13:06,876 [INFO] governor: Observed screen - nodes: 0
2026-07-18 15:13:09,423 [INFO] governor: System via rish: 15
📋 Enqueued: Process user screen interaction [NORMAL]
⚙️ Executing: Process user screen interaction
✅ Completed: Process user screen interaction
2026-07-18 15:13:09,424 [INFO] governor: Governor cycle 23 completed
2026-07-18 15:13:12,425 [INFO] governor: Health: 100% | Cycle: 23
2026-07-18 15:13:12,426 [INFO] governor: Observed screen - nodes: 0
2026-07-18 15:13:14,428 [INFO] governor: System via rish: 15
📋 Enqueued: Process user screen interaction [NORMAL]
⚙️ Executing: Process user screen interaction
✅ Completed: Process user screen interaction
2026-07-18 15:13:14,429 [INFO] governor: Governor cycle 24 completed
2026-07-18 15:13:17,430 [INFO] governor: Health: 100% | Cycle: 24
2026-07-18 15:13:17,431 [INFO] governor: Observed screen - nodes: 0
2026-07-18 15:13:19,562 [INFO] governor: System via rish: 15
📋 Enqueued: Analyze screen for UI changes [HIGH]
⚙️ Executing: Analyze screen for UI changes
✅ Completed: Analyze screen for UI changes
2026-07-18 15:13:19,563 [INFO] governor: Governor cycle 25 completed
2026-07-18 15:13:22,565 [INFO] governor: Health: 100% | Cycle: 25
2026-07-18 15:13:22,566 [INFO] governor: Observed screen - nodes: 0
2026-07-18 15:13:24,550 [INFO] governor: System via rish: 15
📋 Enqueued: Process user screen interaction [NORMAL]
⚙️ Executing: Process user screen interaction
✅ Completed: Process user screen interaction
2026-07-18 15:13:24,552 [INFO] governor: Governor cycle 26 completed
2026-07-18 15:13:27,553 [INFO] governor: Health: 100% | Cycle: 26
2026-07-18 15:13:27,554 [INFO] governor: Observed screen - nodes: 0
2026-07-18 15:13:29,391 [INFO] governor: System via rish: 15
📋 Enqueued: Process user screen interaction [NORMAL]
⚙️ Executing: Process user screen interaction
✅ Completed: Process user screen interaction
2026-07-18 15:13:29,392 [INFO] governor: Governor cycle 27 completed
2026-07-18 15:13:32,393 [INFO] governor: Health: 100% | Cycle: 27
2026-07-18 15:13:32,394 [INFO] governor: Observed screen - nodes: 0
2026-07-18 15:13:35,157 [INFO] governor: System via rish: 15
📋 Enqueued: Process user screen interaction [NORMAL]
⚙️ Executing: Process user screen interaction
✅ Completed: Process user screen interaction
2026-07-18 15:13:35,161 [INFO] governor: Governor cycle 28 completed
2026-07-18 15:13:38,161 [INFO] governor: Health: 100% | Cycle: 28
2026-07-18 15:13:38,162 [INFO] governor: Observed screen - nodes: 0
2026-07-18 15:13:40,051 [INFO] governor: System via rish: 15
📋 Enqueued: Process user screen interaction [NORMAL]
⚙️ Executing: Process user screen interaction
✅ Completed: Process user screen interaction
2026-07-18 15:13:40,052 [INFO] governor: Governor cycle 29 completed
2026-07-18 15:13:43,053 [INFO] governor: Health: 100% | Cycle: 29
2026-07-18 15:13:43,054 [INFO] governor: Observed screen - nodes: 0
2026-07-18 15:13:45,107 [INFO] governor: System via rish: 15
📋 Enqueued: Analyze screen for UI changes [HIGH]
⚙️ Executing: Analyze screen for UI changes
✅ Completed: Analyze screen for UI changes
2026-07-18 15:13:45,108 [INFO] governor: Governor cycle 30 completed
2026-07-18 15:13:48,109 [INFO] governor: Health: 100% | Cycle: 30
2026-07-18 15:13:48,110 [INFO] governor: Observed screen - nodes: 0
2026-07-18 15:13:51,048 [INFO] governor: System via rish: shell
📋 Enqueued: Process user screen interaction [NORMAL]
⚙️ Executing: Process user screen interaction
✅ Completed: Process user screen interaction
2026-07-18 15:13:51,049 [INFO] governor: Governor cycle 31 completed
2026-07-18 15:13:54,050 [INFO] governor: Health: 100% | Cycle: 31
2026-07-18 15:13:54,051 [INFO] governor: Observed screen - nodes: 0
2026-07-18 15:13:56,196 [INFO] governor: System via rish: shell
📋 Enqueued: Process user screen interaction [NORMAL]
⚙️ Executing: Process user screen interaction
✅ Completed: Process user screen interaction
2026-07-18 15:13:56,197 [INFO] governor: Governor cycle 32 completed
2026-07-18 15:13:59,198 [INFO] governor: Health: 100% | Cycle: 32
2026-07-18 15:13:59,199 [INFO] governor: Observed screen - nodes: 0
2026-07-18 15:14:01,153 [INFO] governor: System via rish: 15
📋 Enqueued: Process user screen interaction [NORMAL]
⚙️ Executing: Process user screen interaction
✅ Completed: Process user screen interaction
2026-07-18 15:14:01,154 [INFO] governor: Governor cycle 33 completed
2026-07-18 15:14:04,155 [INFO] governor: Health: 100% | Cycle: 33
2026-07-18 15:14:04,156 [INFO] governor: Observed screen - nodes: 0
2026-07-18 15:14:06,059 [INFO] governor: System via rish: shell
📋 Enqueued: Process user screen interaction [NORMAL]
⚙️ Executing: Process user screen interaction
✅ Completed: Process user screen interaction
2026-07-18 15:14:06,060 [INFO] governor: Governor cycle 34 completed
2026-07-18 15:14:09,061 [INFO] governor: Health: 100% | Cycle: 34
2026-07-18 15:14:09,062 [INFO] governor: Observed screen - nodes: 0
2026-07-18 15:14:10,527 [INFO] governor: System via rish: 15
📋 Enqueued: Analyze screen for UI changes [HIGH]
⚙️ Executing: Analyze screen for UI changes
✅ Completed: Analyze screen for UI changes
2026-07-18 15:14:10,527 [INFO] governor: Governor cycle 35 completed
2026-07-18 15:14:13,528 [INFO] governor: Health: 100% | Cycle: 35
2026-07-18 15:14:13,529 [INFO] governor: Observed screen - nodes: 0
2026-07-18 15:14:15,083 [INFO] governor: System via rish: shell
📋 Enqueued: Process user screen interaction [NORMAL]
⚙️ Executing: Process user screen interaction
✅ Completed: Process user screen interaction
2026-07-18 15:14:15,085 [INFO] governor: Governor cycle 36 completed
2026-07-18 15:14:18,086 [INFO] governor: Health: 100% | Cycle: 36
2026-07-18 15:14:18,087 [INFO] governor: Observed screen - nodes: 0
2026-07-18 15:14:19,353 [INFO] governor: System via rish: 15
📋 Enqueued: Process user screen interaction [NORMAL]
⚙️ Executing: Process user screen interaction
✅ Completed: Process user screen interaction
2026-07-18 15:14:19,354 [INFO] governor: Governor cycle 37 completed
2026-07-18 15:14:22,355 [INFO] governor: Health: 100% | Cycle: 37
2026-07-18 15:14:22,356 [INFO] governor: Observed screen - nodes: 0
2026-07-18 15:14:23,586 [INFO] governor: System via rish: 15
📋 Enqueued: Process user screen interaction [NORMAL]
⚙️ Executing: Process user screen interaction
✅ Completed: Process user screen interaction
2026-07-18 15:14:23,587 [INFO] governor: Governor cycle 38 completed
2026-07-18 15:14:26,589 [INFO] governor: Health: 100% | Cycle: 38
2026-07-18 15:14:26,589 [INFO] governor: Observed screen - nodes: 0
2026-07-18 15:14:28,065 [INFO] governor: System via rish: 15
📋 Enqueued: Process user screen interaction [NORMAL]
⚙️ Executing: Process user screen interaction
✅ Completed: Process user screen interaction
2026-07-18 15:14:28,066 [INFO] governor: Governor cycle 39 completed
2026-07-18 15:14:31,067 [INFO] governor: Health: 100% | Cycle: 39
2026-07-18 15:14:31,068 [INFO] governor: Observed screen - nodes: 0
2026-07-18 15:14:32,548 [INFO] governor: System via rish: 15
📋 Enqueued: Analyze screen for UI changes [HIGH]
⚙️ Executing: Analyze screen for UI changes
✅ Completed: Analyze screen for UI changes
2026-07-18 15:14:32,549 [INFO] governor: Governor cycle 40 completed
2026-07-18 15:14:35,551 [INFO] governor: Health: 100% | Cycle: 40
2026-07-18 15:14:35,551 [INFO] governor: Observed screen - nodes: 0
2026-07-18 15:14:36,986 [INFO] governor: System via rish: 15
📋 Enqueued: Process user screen interaction [NORMAL]
⚙️ Executing: Process user screen interaction
✅ Completed: Process user screen interaction
2026-07-18 15:14:36,988 [INFO] governor: Governor cycle 41 completed
2026-07-18 15:14:39,988 [INFO] governor: Health: 100% | Cycle: 41
2026-07-18 15:14:39,989 [INFO] governor: Observed screen - nodes: 0
2026-07-18 15:14:41,461 [INFO] governor: System via rish: 15
📋 Enqueued: Process user screen interaction [NORMAL]
⚙️ Executing: Process user screen interaction
✅ Completed: Process user screen interaction
2026-07-18 15:14:41,462 [INFO] governor: Governor cycle 42 completed
2026-07-18 15:14:44,463 [INFO] governor: Health: 100% | Cycle: 42
2026-07-18 15:14:44,463 [INFO] governor: Observed screen - nodes: 0
2026-07-18 15:14:45,874 [INFO] governor: System via rish: 15
📋 Enqueued: Process user screen interaction [NORMAL]
⚙️ Executing: Process user screen interaction
✅ Completed: Process user screen interaction
2026-07-18 15:14:45,875 [INFO] governor: Governor cycle 43 completed
2026-07-18 15:14:48,876 [INFO] governor: Health: 100% | Cycle: 43
2026-07-18 15:14:48,877 [INFO] governor: Observed screen - nodes: 0
2026-07-18 15:14:50,180 [INFO] governor: System via rish: 15
📋 Enqueued: Process user screen interaction [NORMAL]
⚙️ Executing: Process user screen interaction
✅ Completed: Process user screen interaction
2026-07-18 15:14:50,182 [INFO] governor: Governor cycle 44 completed
2026-07-18 15:14:53,183 [INFO] governor: Health: 100% | Cycle: 44
2026-07-18 15:14:53,183 [INFO] governor: Observed screen - nodes: 0
2026-07-18 15:14:55,725 [INFO] governor: System via rish: shell
📋 Enqueued: Analyze screen for UI changes [HIGH]
⚙️ Executing: Analyze screen for UI changes
✅ Completed: Analyze screen for UI changes
2026-07-18 15:14:55,726 [INFO] governor: Governor cycle 45 completed
2026-07-18 15:14:58,727 [INFO] governor: Health: 100% | Cycle: 45
2026-07-18 15:14:58,728 [INFO] governor: Observed screen - nodes: 0
2026-07-18 15:15:01,062 [INFO] governor: System via rish: 15
📋 Enqueued: Process user screen interaction [NORMAL]
⚙️ Executing: Process user screen interaction
✅ Completed: Process user screen interaction
2026-07-18 15:15:01,063 [INFO] governor: Governor cycle 46 completed
2026-07-18 15:15:04,065 [INFO] governor: Health: 100% | Cycle: 46
2026-07-18 15:15:04,066 [INFO] governor: Observed screen - nodes: 0
2026-07-18 15:15:05,490 [INFO] governor: System via rish: 15
📋 Enqueued: Process user screen interaction [NORMAL]
⚙️ Executing: Process user screen interaction
✅ Completed: Process user screen interaction
2026-07-18 15:15:05,491 [INFO] governor: Governor cycle 47 completed
2026-07-18 15:15:08,492 [INFO] governor: Health: 100% | Cycle: 47
2026-07-18 15:15:08,493 [INFO] governor: Observed screen - nodes: 0
2026-07-18 15:15:09,742 [INFO] governor: System via rish: 15
📋 Enqueued: Process user screen interaction [NORMAL]
⚙️ Executing: Process user screen interaction
✅ Completed: Process user screen interaction
2026-07-18 15:15:09,743 [INFO] governor: Governor cycle 48 completed
2026-07-18 15:15:12,745 [INFO] governor: Health: 100% | Cycle: 48
2026-07-18 15:15:12,746 [INFO] governor: Observed screen - nodes: 0
2026-07-18 15:15:14,007 [INFO] governor: System via rish: 15
📋 Enqueued: Process user screen interaction [NORMAL]
⚙️ Executing: Process user screen interaction
✅ Completed: Process user screen interaction
2026-07-18 15:15:14,008 [INFO] governor: Governor cycle 49 completed
2026-07-18 15:15:17,010 [INFO] governor: Health: 100% | Cycle: 49
2026-07-18 15:15:17,010 [INFO] governor: Observed screen - nodes: 0
2026-07-18 15:15:18,603 [INFO] governor: System via rish: 15
📋 Enqueued: Analyze screen for UI changes [HIGH]
⚙️ Executing: Analyze screen for UI changes
✅ Completed: Analyze screen for UI changes
2026-07-18 15:15:18,604 [INFO] governor: Governor cycle 50 completed
2026-07-18 15:15:21,604 [INFO] governor: Health: 100% | Cycle: 50
2026-07-18 15:15:21,605 [INFO] governor: Observed screen - nodes: 0
2026-07-18 15:15:23,994 [INFO] governor: System via rish: 15
📋 Enqueued: Process user screen interaction [NORMAL]
⚙️ Executing: Process user screen interaction
✅ Completed: Process user screen interaction
2026-07-18 15:15:23,995 [INFO] governor: Governor cycle 51 completed
2026-07-18 15:15:26,995 [INFO] governor: Health: 100% | Cycle: 51
2026-07-18 15:15:26,996 [INFO] governor: Observed screen - nodes: 0
2026-07-18 15:15:29,828 [INFO] governor: System via rish: shell
📋 Enqueued: Process user screen interaction [NORMAL]
⚙️ Executing: Process user screen interaction
✅ Completed: Process user screen interaction
2026-07-18 15:15:29,830 [INFO] governor: Governor cycle 52 completed
2026-07-18 15:15:32,831 [INFO] governor: Health: 100% | Cycle: 52
2026-07-18 15:15:32,831 [INFO] governor: Observed screen - nodes: 0
2026-07-18 15:15:36,022 [INFO] governor: System via rish: shell
📋 Enqueued: Process user screen interaction [NORMAL]
⚙️ Executing: Process user screen interaction
✅ Completed: Process user screen interaction
2026-07-18 15:15:36,023 [INFO] governor: Governor cycle 53 completed
2026-07-18 15:15:39,024 [INFO] governor: Health: 100% | Cycle: 53
2026-07-18 15:15:39,024 [INFO] governor: Observed screen - nodes: 0
2026-07-18 15:15:42,393 [INFO] governor: System via rish: 15
📋 Enqueued: Process user screen interaction [NORMAL]
⚙️ Executing: Process user screen interaction
✅ Completed: Process user screen interaction
2026-07-18 15:15:42,394 [INFO] governor: Governor cycle 54 completed
2026-07-18 15:15:45,395 [INFO] governor: Health: 100% | Cycle: 54
2026-07-18 15:15:45,396 [INFO] governor: Observed screen - nodes: 0
2026-07-18 15:15:49,746 [INFO] governor: System via rish: 15
📋 Enqueued: Analyze screen for UI changes [HIGH]
⚙️ Executing: Analyze screen for UI changes
✅ Completed: Analyze screen for UI changes
2026-07-18 15:15:49,750 [INFO] governor: Governor cycle 55 completed
2026-07-18 15:15:52,752 [INFO] governor: Health: 100% | Cycle: 55
2026-07-18 15:15:52,752 [INFO] governor: Observed screen - nodes: 0
2026-07-18 15:15:57,258 [INFO] governor: System via rish: 15
📋 Enqueued: Process user screen interaction [NORMAL]
⚙️ Executing: Process user screen interaction
✅ Completed: Process user screen interaction
2026-07-18 15:15:57,262 [INFO] governor: Governor cycle 56 completed
2026-07-18 15:16:00,263 [INFO] governor: Health: 100% | Cycle: 56
2026-07-18 15:16:00,264 [INFO] governor: Observed screen - nodes: 0
2026-07-18 15:16:03,475 [INFO] governor: System via rish: 15
📋 Enqueued: Process user screen interaction [NORMAL]
⚙️ Executing: Process user screen interaction
✅ Completed: Process user screen interaction
2026-07-18 15:16:03,476 [INFO] governor: Governor cycle 57 completed
2026-07-18 15:16:06,477 [INFO] governor: Health: 100% | Cycle: 57
2026-07-18 15:16:06,478 [INFO] governor: Observed screen - nodes: 0
2026-07-18 15:16:08,407 [INFO] governor: System via rish: shell
📋 Enqueued: Process user screen interaction [NORMAL]
⚙️ Executing: Process user screen interaction
✅ Completed: Process user screen interaction
2026-07-18 15:16:08,408 [INFO] governor: Governor cycle 58 completed
2026-07-18 15:16:11,409 [INFO] governor: Health: 100% | Cycle: 58
2026-07-18 15:16:11,410 [INFO] governor: Observed screen - nodes: 0
2026-07-18 15:16:13,654 [INFO] governor: System via rish: 15
📋 Enqueued: Process user screen interaction [NORMAL]
⚙️ Executing: Process user screen interaction
✅ Completed: Process user screen interaction
2026-07-18 15:16:13,655 [INFO] governor: Governor cycle 59 completed
2026-07-18 15:16:16,656 [INFO] governor: Health: 100% | Cycle: 59
2026-07-18 15:16:16,658 [INFO] governor: Observed screen - nodes: 0
2026-07-18 15:16:19,016 [INFO] governor: System via rish: 15
📋 Enqueued: Analyze screen for UI changes [HIGH]
⚙️ Executing: Analyze screen for UI changes
✅ Completed: Analyze screen for UI changes
2026-07-18 15:16:19,016 [INFO] governor: Governor cycle 60 completed
2026-07-18 15:16:22,017 [INFO] governor: Health: 100% | Cycle: 60
2026-07-18 15:16:22,018 [INFO] governor: Observed screen - nodes: 0
2026-07-18 15:16:23,766 [INFO] governor: System via rish: 15
📋 Enqueued: Process user screen interaction [NORMAL]
⚙️ Executing: Process user screen interaction
✅ Completed: Process user screen interaction
2026-07-18 15:16:23,767 [INFO] governor: Governor cycle 61 completed
2026-07-18 15:16:26,767 [INFO] governor: Health: 100% | Cycle: 61
2026-07-18 15:16:26,768 [INFO] governor: Observed screen - nodes: 0
2026-07-18 15:16:28,517 [INFO] governor: System via rish: shell
📋 Enqueued: Process user screen interaction [NORMAL]
⚙️ Executing: Process user screen interaction
✅ Completed: Process user screen interaction
2026-07-18 15:16:28,518 [INFO] governor: Governor cycle 62 completed
2026-07-18 15:16:31,521 [INFO] governor: Health: 100% | Cycle: 62
2026-07-18 15:16:31,521 [INFO] governor: Observed screen - nodes: 0
2026-07-18 15:16:35,202 [INFO] governor: System via rish: 15
📋 Enqueued: Process user screen interaction [NORMAL]
⚙️ Executing: Process user screen interaction
✅ Completed: Process user screen interaction
2026-07-18 15:16:35,203 [INFO] governor: Governor cycle 63 completed
2026-07-18 15:16:38,204 [INFO] governor: Health: 100% | Cycle: 63
2026-07-18 15:16:38,205 [INFO] governor: Observed screen - nodes: 0
2026-07-18 15:16:40,289 [INFO] governor: System via rish: 15
📋 Enqueued: Process user screen interaction [NORMAL]
⚙️ Executing: Process user screen interaction
✅ Completed: Process user screen interaction
2026-07-18 15:16:40,290 [INFO] governor: Governor cycle 64 completed
2026-07-18 15:16:43,291 [INFO] governor: Health: 100% | Cycle: 64
2026-07-18 15:16:43,292 [INFO] governor: Observed screen - nodes: 0
2026-07-18 15:16:45,178 [INFO] governor: System via rish: 15
📋 Enqueued: Analyze screen for UI changes [HIGH]
⚙️ Executing: Analyze screen for UI changes
✅ Completed: Analyze screen for UI changes
2026-07-18 15:16:45,179 [INFO] governor: Governor cycle 65 completed
2026-07-18 15:16:48,179 [INFO] governor: Health: 100% | Cycle: 65
2026-07-18 15:16:48,180 [INFO] governor: Observed screen - nodes: 0
2026-07-18 15:16:51,058 [INFO] governor: System via rish: shell
📋 Enqueued: Process user screen interaction [NORMAL]
⚙️ Executing: Process user screen interaction
✅ Completed: Process user screen interaction
2026-07-18 15:16:51,059 [INFO] governor: Governor cycle 66 completed
2026-07-18 15:16:54,059 [INFO] governor: Health: 100% | Cycle: 66
2026-07-18 15:16:54,059 [INFO] governor: Observed screen - nodes: 0
2026-07-18 15:16:57,690 [INFO] governor: System via rish: 15
📋 Enqueued: Process user screen interaction [NORMAL]
⚙️ Executing: Process user screen interaction
✅ Completed: Process user screen interaction
2026-07-18 15:16:57,691 [INFO] governor: Governor cycle 67 completed
2026-07-18 15:17:00,692 [INFO] governor: Health: 100% | Cycle: 67
2026-07-18 15:17:00,693 [INFO] governor: Observed screen - nodes: 0
2026-07-18 15:17:02,611 [INFO] governor: System via rish: 15
📋 Enqueued: Process user screen interaction [NORMAL]
⚙️ Executing: Process user screen interaction
✅ Completed: Process user screen interaction
2026-07-18 15:17:02,613 [INFO] governor: Governor cycle 68 completed
2026-07-18 15:17:05,614 [INFO] governor: Health: 100% | Cycle: 68
2026-07-18 15:17:05,615 [INFO] governor: Observed screen - nodes: 0
2026-07-18 15:17:07,528 [INFO] governor: System via rish: 15
📋 Enqueued: Process user screen interaction [NORMAL]
⚙️ Executing: Process user screen interaction
✅ Completed: Process user screen interaction
2026-07-18 15:17:07,529 [INFO] governor: Governor cycle 69 completed
2026-07-18 15:17:10,531 [INFO] governor: Health: 100% | Cycle: 69
2026-07-18 15:17:10,532 [INFO] governor: Observed screen - nodes: 0
2026-07-18 15:17:12,441 [INFO] governor: System via rish: 15
📋 Enqueued: Analyze screen for UI changes [HIGH]
⚙️ Executing: Analyze screen for UI changes
✅ Completed: Analyze screen for UI changes
2026-07-18 15:17:12,442 [INFO] governor: Governor cycle 70 completed
2026-07-18 15:17:15,443 [INFO] governor: Health: 100% | Cycle: 70
2026-07-18 15:17:15,444 [INFO] governor: Observed screen - nodes: 0
2026-07-18 15:17:18,343 [INFO] governor: System via rish: shell
📋 Enqueued: Process user screen interaction [NORMAL]
⚙️ Executing: Process user screen interaction
✅ Completed: Process user screen interaction
2026-07-18 15:17:18,344 [INFO] governor: Governor cycle 71 completed
2026-07-18 15:17:21,345 [INFO] governor: Health: 100% | Cycle: 71
2026-07-18 15:17:21,346 [INFO] governor: Observed screen - nodes: 0
2026-07-18 15:17:23,868 [INFO] governor: System via rish: 15
📋 Enqueued: Process user screen interaction [NORMAL]
⚙️ Executing: Process user screen interaction
✅ Completed: Process user screen interaction
2026-07-18 15:17:23,868 [INFO] governor: Governor cycle 72 completed
2026-07-18 15:17:26,869 [INFO] governor: Health: 100% | Cycle: 72
2026-07-18 15:17:26,870 [INFO] governor: Observed screen - nodes: 0
2026-07-18 15:17:29,443 [INFO] governor: System via rish: shell
📋 Enqueued: Process user screen interaction [NORMAL]
⚙️ Executing: Process user screen interaction
✅ Completed: Process user screen interaction
2026-07-18 15:17:29,444 [INFO] governor: Governor cycle 73 completed
2026-07-18 15:17:32,445 [INFO] governor: Health: 100% | Cycle: 73
2026-07-18 15:17:32,446 [INFO] governor: Observed screen - nodes: 0
2026-07-18 15:17:35,095 [INFO] governor: System via rish: shell
📋 Enqueued: Process user screen interaction [NORMAL]
⚙️ Executing: Process user screen interaction
✅ Completed: Process user screen interaction
2026-07-18 15:17:35,096 [INFO] governor: Governor cycle 74 completed
2026-07-18 15:17:38,096 [INFO] governor: Health: 100% | Cycle: 74
2026-07-18 15:17:38,097 [INFO] governor: Observed screen - nodes: 0
2026-07-18 15:17:40,127 [INFO] governor: System via rish: 15
📋 Enqueued: Analyze screen for UI changes [HIGH]
⚙️ Executing: Analyze screen for UI changes
✅ Completed: Analyze screen for UI changes
2026-07-18 15:17:40,127 [INFO] governor: Governor cycle 75 completed
2026-07-18 15:17:43,128 [INFO] governor: Health: 100% | Cycle: 75
2026-07-18 15:17:43,128 [INFO] governor: Observed screen - nodes: 0
2026-07-18 15:17:45,437 [INFO] governor: System via rish: 15
📋 Enqueued: Process user screen interaction [NORMAL]
⚙️ Executing: Process user screen interaction
✅ Completed: Process user screen interaction
2026-07-18 15:17:45,438 [INFO] governor: Governor cycle 76 completed
2026-07-18 15:17:48,439 [INFO] governor: Health: 100% | Cycle: 76
2026-07-18 15:17:48,439 [INFO] governor: Observed screen - nodes: 0
2026-07-18 15:17:51,684 [INFO] governor: System via rish: 15
📋 Enqueued: Process user screen interaction [NORMAL]
⚙️ Executing: Process user screen interaction
✅ Completed: Process user screen interaction
2026-07-18 15:17:51,685 [INFO] governor: Governor cycle 77 completed
2026-07-18 15:17:54,685 [INFO] governor: Health: 100% | Cycle: 77
2026-07-18 15:17:54,686 [INFO] governor: Observed screen - nodes: 0
2026-07-18 15:17:57,284 [INFO] governor: System via rish: 15
📋 Enqueued: Process user screen interaction [NORMAL]
⚙️ Executing: Process user screen interaction
✅ Completed: Process user screen interaction
2026-07-18 15:17:57,284 [INFO] governor: Governor cycle 78 completed
2026-07-18 15:18:00,285 [INFO] governor: Health: 100% | Cycle: 78
2026-07-18 15:18:00,285 [INFO] governor: Observed screen - nodes: 0
2026-07-18 15:18:02,571 [INFO] governor: System via rish: shell
📋 Enqueued: Process user screen interaction [NORMAL]
⚙️ Executing: Process user screen interaction
✅ Completed: Process user screen interaction
2026-07-18 15:18:02,571 [INFO] governor: Governor cycle 79 completed
2026-07-18 15:18:05,572 [INFO] governor: Health: 100% | Cycle: 79
2026-07-18 15:18:05,572 [INFO] governor: Observed screen - nodes: 0
2026-07-18 15:18:08,819 [INFO] governor: System via rish: 15
📋 Enqueued: Analyze screen for UI changes [HIGH]
⚙️ Executing: Analyze screen for UI changes
✅ Completed: Analyze screen for UI changes
2026-07-18 15:18:08,820 [INFO] governor: Governor cycle 80 completed
2026-07-18 15:18:11,825 [INFO] governor: Health: 100% | Cycle: 80
2026-07-18 15:18:11,833 [INFO] governor: Observed screen - nodes: 0
2026-07-18 15:18:16,393 [INFO] governor: System via rish: 15
📋 Enqueued: Process user screen interaction [NORMAL]
⚙️ Executing: Process user screen interaction
✅ Completed: Process user screen interaction
2026-07-18 15:18:16,396 [INFO] governor: Governor cycle 81 completed
2026-07-18 15:18:19,397 [INFO] governor: Health: 100% | Cycle: 81
2026-07-18 15:18:19,398 [INFO] governor: Observed screen - nodes: 0
2026-07-18 15:18:22,968 [INFO] governor: System via rish: 15
📋 Enqueued: Process user screen interaction [NORMAL]
⚙️ Executing: Process user screen interaction
✅ Completed: Process user screen interaction
2026-07-18 15:18:22,969 [INFO] governor: Governor cycle 82 completed
2026-07-18 15:18:25,969 [INFO] governor: Health: 100% | Cycle: 82
2026-07-18 15:18:25,970 [INFO] governor: Observed screen - nodes: 0
2026-07-18 15:18:28,561 [INFO] governor: System via rish: 15
📋 Enqueued: Process user screen interaction [NORMAL]
⚙️ Executing: Process user screen interaction
✅ Completed: Process user screen interaction
2026-07-18 15:18:28,561 [INFO] governor: Governor cycle 83 completed
2026-07-18 15:18:31,562 [INFO] governor: Health: 100% | Cycle: 83
2026-07-18 15:18:31,562 [INFO] governor: Observed screen - nodes: 0
2026-07-18 15:18:34,170 [INFO] governor: System via rish: 15
📋 Enqueued: Process user screen interaction [NORMAL]
⚙️ Executing: Process user screen interaction
✅ Completed: Process user screen interaction
2026-07-18 15:18:34,172 [INFO] governor: Governor cycle 84 completed
2026-07-18 15:18:37,173 [INFO] governor: Health: 100% | Cycle: 84
2026-07-18 15:18:37,174 [INFO] governor: Observed screen - nodes: 0
2026-07-18 15:18:40,321 [INFO] governor: System via rish: 
📋 Enqueued: Analyze screen for UI changes [HIGH]
⚙️ Executing: Analyze screen for UI changes
✅ Completed: Analyze screen for UI changes
2026-07-18 15:18:40,322 [INFO] governor: Governor cycle 85 completed
2026-07-18 15:18:43,323 [INFO] governor: Health: 100% | Cycle: 85
2026-07-18 15:18:43,325 [INFO] governor: Observed screen - nodes: 0
2026-07-18 15:18:45,577 [INFO] governor: System via rish: shell
📋 Enqueued: Process user screen interaction [NORMAL]
⚙️ Executing: Process user screen interaction
✅ Completed: Process user screen interaction
2026-07-18 15:18:45,578 [INFO] governor: Governor cycle 86 completed
2026-07-18 15:18:48,579 [INFO] governor: Health: 100% | Cycle: 86
2026-07-18 15:18:48,580 [INFO] governor: Observed screen - nodes: 0
2026-07-18 15:18:51,119 [INFO] governor: System via rish: shell
📋 Enqueued: Process user screen interaction [NORMAL]
⚙️ Executing: Process user screen interaction
✅ Completed: Process user screen interaction
2026-07-18 15:18:51,120 [INFO] governor: Governor cycle 87 completed
2026-07-18 15:18:54,121 [INFO] governor: Health: 100% | Cycle: 87
2026-07-18 15:18:54,121 [INFO] governor: Observed screen - nodes: 0
2026-07-18 15:18:58,692 [INFO] governor: System via rish: 15
📋 Enqueued: Process user screen interaction [NORMAL]
⚙️ Executing: Process user screen interaction
✅ Completed: Process user screen interaction
2026-07-18 15:18:58,693 [INFO] governor: Governor cycle 88 completed
2026-07-18 15:19:01,694 [INFO] governor: Health: 100% | Cycle: 88
2026-07-18 15:19:01,694 [INFO] governor: Observed screen - nodes: 0
2026-07-18 15:19:03,270 [INFO] governor: System via rish: 15
📋 Enqueued: Process user screen interaction [NORMAL]
⚙️ Executing: Process user screen interaction
✅ Completed: Process user screen interaction
2026-07-18 15:19:03,271 [INFO] governor: Governor cycle 89 completed
2026-07-18 15:19:06,272 [INFO] governor: Health: 100% | Cycle: 89
2026-07-18 15:19:06,274 [INFO] governor: Observed screen - nodes: 0
2026-07-18 15:19:08,069 [INFO] governor: System via rish: 15
📋 Enqueued: Analyze screen for UI changes [HIGH]
⚙️ Executing: Analyze screen for UI changes
✅ Completed: Analyze screen for UI changes
2026-07-18 15:19:08,070 [INFO] governor: Governor cycle 90 completed
2026-07-18 15:19:11,071 [INFO] governor: Health: 100% | Cycle: 90
2026-07-18 15:19:11,071 [INFO] governor: Observed screen - nodes: 0
2026-07-18 15:19:12,372 [INFO] governor: System via rish: shell
📋 Enqueued: Process user screen interaction [NORMAL]
⚙️ Executing: Process user screen interaction
✅ Completed: Process user screen interaction
2026-07-18 15:19:12,373 [INFO] governor: Governor cycle 91 completed
2026-07-18 15:19:15,374 [INFO] governor: Health: 100% | Cycle: 91
2026-07-18 15:19:15,375 [INFO] governor: Observed screen - nodes: 0
2026-07-18 15:19:16,652 [INFO] governor: System via rish: shell
📋 Enqueued: Process user screen interaction [NORMAL]
⚙️ Executing: Process user screen interaction
✅ Completed: Process user screen interaction
2026-07-18 15:19:16,653 [INFO] governor: Governor cycle 92 completed
2026-07-18 15:19:19,654 [INFO] governor: Health: 100% | Cycle: 92
2026-07-18 15:19:19,655 [INFO] governor: Observed screen - nodes: 0
2026-07-18 15:19:20,909 [INFO] governor: System via rish: 15
📋 Enqueued: Process user screen interaction [NORMAL]
⚙️ Executing: Process user screen interaction
✅ Completed: Process user screen interaction
2026-07-18 15:19:20,910 [INFO] governor: Governor cycle 93 completed
2026-07-18 15:19:23,910 [INFO] governor: Health: 100% | Cycle: 93
2026-07-18 15:19:23,910 [INFO] governor: Observed screen - nodes: 0
2026-07-18 15:19:26,599 [INFO] governor: System via rish: 15
📋 Enqueued: Process user screen interaction [NORMAL]
⚙️ Executing: Process user screen interaction
✅ Completed: Process user screen interaction
2026-07-18 15:19:26,600 [INFO] governor: Governor cycle 94 completed
2026-07-18 15:19:29,601 [INFO] governor: Health: 100% | Cycle: 94
2026-07-18 15:19:29,602 [INFO] governor: Observed screen - nodes: 0
2026-07-18 15:19:31,904 [INFO] governor: System via rish: 15
📋 Enqueued: Analyze screen for UI changes [HIGH]
⚙️ Executing: Analyze screen for UI changes
✅ Completed: Analyze screen for UI changes
2026-07-18 15:19:31,905 [INFO] governor: Governor cycle 95 completed
2026-07-18 15:19:34,907 [INFO] governor: Health: 100% | Cycle: 95
2026-07-18 15:19:34,908 [INFO] governor: Observed screen - nodes: 0
2026-07-18 15:19:37,022 [INFO] governor: System via rish: shell
📋 Enqueued: Process user screen interaction [NORMAL]
⚙️ Executing: Process user screen interaction
✅ Completed: Process user screen interaction
2026-07-18 15:19:37,026 [INFO] governor: Governor cycle 96 completed
2026-07-18 15:19:40,026 [INFO] governor: Health: 100% | Cycle: 96
2026-07-18 15:19:40,027 [INFO] governor: Observed screen - nodes: 0
2026-07-18 15:19:41,931 [INFO] governor: System via rish: shell
📋 Enqueued: Process user screen interaction [NORMAL]
⚙️ Executing: Process user screen interaction
✅ Completed: Process user screen interaction
2026-07-18 15:19:41,932 [INFO] governor: Governor cycle 97 completed
2026-07-18 15:19:44,934 [INFO] governor: Health: 100% | Cycle: 97
2026-07-18 15:19:44,935 [INFO] governor: Observed screen - nodes: 0
2026-07-18 15:19:47,927 [INFO] governor: System via rish: shell
📋 Enqueued: Process user screen interaction [NORMAL]
⚙️ Executing: Process user screen interaction
✅ Completed: Process user screen interaction
2026-07-18 15:19:47,928 [INFO] governor: Governor cycle 98 completed
2026-07-18 15:19:50,931 [INFO] governor: Health: 100% | Cycle: 98
2026-07-18 15:19:50,932 [INFO] governor: Observed screen - nodes: 0
2026-07-18 15:19:54,521 [INFO] governor: System via rish: 15
📋 Enqueued: Process user screen interaction [NORMAL]
⚙️ Executing: Process user screen interaction
✅ Completed: Process user screen interaction
2026-07-18 15:19:54,522 [INFO] governor: Governor cycle 99 completed
2026-07-18 15:19:57,523 [INFO] governor: Health: 100% | Cycle: 99
2026-07-18 15:19:57,524 [INFO] governor: Observed screen - nodes: 0
2026-07-18 15:19:59,828 [INFO] governor: System via rish: 15
📋 Enqueued: Analyze screen for UI changes [HIGH]
⚙️ Executing: Analyze screen for UI changes
✅ Completed: Analyze screen for UI changes
2026-07-18 15:19:59,829 [INFO] governor: Governor cycle 100 completed
2026-07-18 15:20:02,830 [INFO] governor: Health: 100% | Cycle: 100
2026-07-18 15:20:02,831 [INFO] governor: Observed screen - nodes: 0
2026-07-18 15:20:04,936 [INFO] governor: System via rish: 15
📋 Enqueued: Process user screen interaction [NORMAL]
⚙️ Executing: Process user screen interaction
✅ Completed: Process user screen interaction
2026-07-18 15:20:04,938 [INFO] governor: Governor cycle 101 completed
2026-07-18 15:20:07,939 [INFO] governor: Health: 100% | Cycle: 101
2026-07-18 15:20:07,940 [INFO] governor: Observed screen - nodes: 0
2026-07-18 15:20:09,291 [INFO] governor: System via rish: shell
📋 Enqueued: Process user screen interaction [NORMAL]
⚙️ Executing: Process user screen interaction
✅ Completed: Process user screen interaction
2026-07-18 15:20:09,293 [INFO] governor: Governor cycle 102 completed
2026-07-18 15:20:12,294 [INFO] governor: Health: 100% | Cycle: 102
2026-07-18 15:20:12,294 [INFO] governor: Observed screen - nodes: 0
2026-07-18 15:20:13,653 [INFO] governor: System via rish: shell
📋 Enqueued: Process user screen interaction [NORMAL]
⚙️ Executing: Process user screen interaction
✅ Completed: Process user screen interaction
2026-07-18 15:20:13,654 [INFO] governor: Governor cycle 103 completed
2026-07-18 15:20:16,655 [INFO] governor: Health: 100% | Cycle: 103
2026-07-18 15:20:16,656 [INFO] governor: Observed screen - nodes: 0
2026-07-18 15:20:17,950 [INFO] governor: System via rish: shell
📋 Enqueued: Process user screen interaction [NORMAL]
⚙️ Executing: Process user screen interaction
✅ Completed: Process user screen interaction
2026-07-18 15:20:17,951 [INFO] governor: Governor cycle 104 completed
2026-07-18 15:20:20,953 [INFO] governor: Health: 100% | Cycle: 104
2026-07-18 15:20:20,954 [INFO] governor: Observed screen - nodes: 0
2026-07-18 15:20:22,190 [INFO] governor: System via rish: shell
📋 Enqueued: Analyze screen for UI changes [HIGH]
⚙️ Executing: Analyze screen for UI changes
✅ Completed: Analyze screen for UI changes
2026-07-18 15:20:22,192 [INFO] governor: Governor cycle 105 completed
2026-07-18 15:20:25,193 [INFO] governor: Health: 100% | Cycle: 105
2026-07-18 15:20:25,194 [INFO] governor: Observed screen - nodes: 0
2026-07-18 15:20:26,480 [INFO] governor: System via rish: shell
📋 Enqueued: Process user screen interaction [NORMAL]
⚙️ Executing: Process user screen interaction
✅ Completed: Process user screen interaction
2026-07-18 15:20:26,481 [INFO] governor: Governor cycle 106 completed
2026-07-18 15:20:29,482 [INFO] governor: Health: 100% | Cycle: 106
2026-07-18 15:20:29,483 [INFO] governor: Observed screen - nodes: 0
2026-07-18 15:20:30,707 [INFO] governor: System via rish: shell
📋 Enqueued: Process user screen interaction [NORMAL]
⚙️ Executing: Process user screen interaction
✅ Completed: Process user screen interaction
2026-07-18 15:20:30,708 [INFO] governor: Governor cycle 107 completed
2026-07-18 15:20:33,709 [INFO] governor: Health: 100% | Cycle: 107
2026-07-18 15:20:33,709 [INFO] governor: Observed screen - nodes: 0
2026-07-18 15:20:35,880 [INFO] governor: System via rish: 15
📋 Enqueued: Process user screen interaction [NORMAL]
⚙️ Executing: Process user screen interaction
✅ Completed: Process user screen interaction
2026-07-18 15:20:35,881 [INFO] governor: Governor cycle 108 completed
2026-07-18 15:20:38,882 [INFO] governor: Health: 100% | Cycle: 108
2026-07-18 15:20:38,883 [INFO] governor: Observed screen - nodes: 0
2026-07-18 15:20:42,423 [INFO] governor: System via rish: shell
📋 Enqueued: Process user screen interaction [NORMAL]
⚙️ Executing: Process user screen interaction
✅ Completed: Process user screen interaction
2026-07-18 15:20:42,425 [INFO] governor: Governor cycle 109 completed
2026-07-18 15:20:45,426 [INFO] governor: Health: 100% | Cycle: 109
2026-07-18 15:20:45,427 [INFO] governor: Observed screen - nodes: 0
2026-07-18 15:20:46,863 [INFO] governor: System via rish: shell
📋 Enqueued: Analyze screen for UI changes [HIGH]
⚙️ Executing: Analyze screen for UI changes
✅ Completed: Analyze screen for UI changes
2026-07-18 15:20:46,864 [INFO] governor: Governor cycle 110 completed
2026-07-18 15:20:49,865 [INFO] governor: Health: 100% | Cycle: 110
2026-07-18 15:20:49,866 [INFO] governor: Observed screen - nodes: 0
2026-07-18 15:20:51,176 [INFO] governor: System via rish: 15
📋 Enqueued: Process user screen interaction [NORMAL]
⚙️ Executing: Process user screen interaction
✅ Completed: Process user screen interaction
2026-07-18 15:20:51,177 [INFO] governor: Governor cycle 111 completed
2026-07-18 15:20:54,178 [INFO] governor: Health: 100% | Cycle: 111
2026-07-18 15:20:54,179 [INFO] governor: Observed screen - nodes: 0
2026-07-18 15:20:55,421 [INFO] governor: System via rish: 15
📋 Enqueued: Process user screen interaction [NORMAL]
⚙️ Executing: Process user screen interaction
✅ Completed: Process user screen interaction
2026-07-18 15:20:55,422 [INFO] governor: Governor cycle 112 completed
2026-07-18 15:20:58,423 [INFO] governor: Health: 100% | Cycle: 112
2026-07-18 15:20:58,425 [INFO] governor: Observed screen - nodes: 0
2026-07-18 15:21:00,048 [INFO] governor: System via rish: 15
📋 Enqueued: Process user screen interaction [NORMAL]
⚙️ Executing: Process user screen interaction
✅ Completed: Process user screen interaction
2026-07-18 15:21:00,049 [INFO] governor: Governor cycle 113 completed
2026-07-18 15:21:03,050 [INFO] governor: Health: 100% | Cycle: 113
2026-07-18 15:21:03,050 [INFO] governor: Observed screen - nodes: 0
2026-07-18 15:21:04,769 [INFO] governor: System via rish: 15
📋 Enqueued: Process user screen interaction [NORMAL]
⚙️ Executing: Process user screen interaction
✅ Completed: Process user screen interaction
2026-07-18 15:21:04,769 [INFO] governor: Governor cycle 114 completed
2026-07-18 15:21:07,770 [INFO] governor: Health: 100% | Cycle: 114
2026-07-18 15:21:07,771 [INFO] governor: Observed screen - nodes: 0
2026-07-18 15:21:09,016 [INFO] governor: System via rish: 15
📋 Enqueued: Analyze screen for UI changes [HIGH]
⚙️ Executing: Analyze screen for UI changes
✅ Completed: Analyze screen for UI changes
2026-07-18 15:21:09,017 [INFO] governor: Governor cycle 115 completed
2026-07-18 15:21:12,018 [INFO] governor: Health: 100% | Cycle: 115
2026-07-18 15:21:12,018 [INFO] governor: Observed screen - nodes: 0
2026-07-18 15:21:13,324 [INFO] governor: System via rish: shell
📋 Enqueued: Process user screen interaction [NORMAL]
⚙️ Executing: Process user screen interaction
✅ Completed: Process user screen interaction
2026-07-18 15:21:13,325 [INFO] governor: Governor cycle 116 completed
2026-07-18 15:21:16,327 [INFO] governor: Health: 100% | Cycle: 116
2026-07-18 15:21:16,328 [INFO] governor: Observed screen - nodes: 0
2026-07-18 15:21:17,581 [INFO] governor: System via rish: 15
📋 Enqueued: Process user screen interaction [NORMAL]
⚙️ Executing: Process user screen interaction
✅ Completed: Process user screen interaction
2026-07-18 15:21:17,582 [INFO] governor: Governor cycle 117 completed
2026-07-18 15:21:20,582 [INFO] governor: Health: 100% | Cycle: 117
2026-07-18 15:21:20,583 [INFO] governor: Observed screen - nodes: 0
2026-07-18 15:21:21,845 [INFO] governor: System via rish: 15
📋 Enqueued: Process user screen interaction [NORMAL]
⚙️ Executing: Process user screen interaction
✅ Completed: Process user screen interaction
2026-07-18 15:21:21,846 [INFO] governor: Governor cycle 118 completed
2026-07-18 15:21:24,847 [INFO] governor: Health: 100% | Cycle: 118
2026-07-18 15:21:24,848 [INFO] governor: Observed screen - nodes: 0
2026-07-18 15:21:26,113 [INFO] governor: System via rish: 15
📋 Enqueued: Process user screen interaction [NORMAL]
⚙️ Executing: Process user screen interaction
✅ Completed: Process user screen interaction
2026-07-18 15:21:26,115 [INFO] governor: Governor cycle 119 completed
2026-07-18 15:21:29,116 [INFO] governor: Health: 100% | Cycle: 119
2026-07-18 15:21:29,117 [INFO] governor: Observed screen - nodes: 0
2026-07-18 15:21:30,367 [INFO] governor: System via rish: 15
📋 Enqueued: Analyze screen for UI changes [HIGH]
⚙️ Executing: Analyze screen for UI changes
✅ Completed: Analyze screen for UI changes
2026-07-18 15:21:30,369 [INFO] governor: Governor cycle 120 completed
2026-07-18 15:21:33,370 [INFO] governor: Health: 100% | Cycle: 120
2026-07-18 15:21:33,371 [INFO] governor: Observed screen - nodes: 0
2026-07-18 15:21:34,624 [INFO] governor: System via rish: 15
📋 Enqueued: Process user screen interaction [NORMAL]
⚙️ Executing: Process user screen interaction
✅ Completed: Process user screen interaction
2026-07-18 15:21:34,626 [INFO] governor: Governor cycle 121 completed
2026-07-18 15:21:37,627 [INFO] governor: Health: 100% | Cycle: 121
2026-07-18 15:21:37,628 [INFO] governor: Observed screen - nodes: 0
2026-07-18 15:21:38,884 [INFO] governor: System via rish: shell
📋 Enqueued: Process user screen interaction [NORMAL]
⚙️ Executing: Process user screen interaction
✅ Completed: Process user screen interaction
2026-07-18 15:21:38,885 [INFO] governor: Governor cycle 122 completed
2026-07-18 15:21:41,886 [INFO] governor: Health: 100% | Cycle: 122
2026-07-18 15:21:41,887 [INFO] governor: Observed screen - nodes: 0
2026-07-18 15:21:43,148 [INFO] governor: System via rish: 15
📋 Enqueued: Process user screen interaction [NORMAL]
⚙️ Executing: Process user screen interaction
✅ Completed: Process user screen interaction
2026-07-18 15:21:43,149 [INFO] governor: Governor cycle 123 completed
2026-07-18 15:21:46,151 [INFO] governor: Health: 100% | Cycle: 123
2026-07-18 15:21:46,152 [INFO] governor: Observed screen - nodes: 0
2026-07-18 15:21:47,406 [INFO] governor: System via rish: 15
📋 Enqueued: Process user screen interaction [NORMAL]
⚙️ Executing: Process user screen interaction
✅ Completed: Process user screen interaction
2026-07-18 15:21:47,407 [INFO] governor: Governor cycle 124 completed
2026-07-18 15:21:50,408 [INFO] governor: Health: 100% | Cycle: 124
2026-07-18 15:21:50,409 [INFO] governor: Observed screen - nodes: 0
2026-07-18 15:21:51,639 [INFO] governor: System via rish: 15
📋 Enqueued: Analyze screen for UI changes [HIGH]
⚙️ Executing: Analyze screen for UI changes
✅ Completed: Analyze screen for UI changes
2026-07-18 15:21:51,639 [INFO] governor: Governor cycle 125 completed
2026-07-18 15:21:54,640 [INFO] governor: Health: 100% | Cycle: 125
2026-07-18 15:21:54,641 [INFO] governor: Observed screen - nodes: 0
2026-07-18 15:21:55,919 [INFO] governor: System via rish: 15
📋 Enqueued: Process user screen interaction [NORMAL]
⚙️ Executing: Process user screen interaction
✅ Completed: Process user screen interaction
2026-07-18 15:21:55,920 [INFO] governor: Governor cycle 126 completed
2026-07-18 15:21:58,921 [INFO] governor: Health: 100% | Cycle: 126
2026-07-18 15:21:58,922 [INFO] governor: Observed screen - nodes: 0
2026-07-18 15:22:00,463 [INFO] governor: System via rish: 15
📋 Enqueued: Process user screen interaction [NORMAL]
⚙️ Executing: Process user screen interaction
✅ Completed: Process user screen interaction
2026-07-18 15:22:00,463 [INFO] governor: Governor cycle 127 completed
2026-07-18 15:22:03,465 [INFO] governor: Health: 100% | Cycle: 127
2026-07-18 15:22:03,466 [INFO] governor: Observed screen - nodes: 0
2026-07-18 15:22:04,715 [INFO] governor: System via rish: 15
📋 Enqueued: Process user screen interaction [NORMAL]
⚙️ Executing: Process user screen interaction
✅ Completed: Process user screen interaction
2026-07-18 15:22:04,716 [INFO] governor: Governor cycle 128 completed
2026-07-18 15:22:07,717 [INFO] governor: Health: 100% | Cycle: 128
2026-07-18 15:22:07,718 [INFO] governor: Observed screen - nodes: 0
2026-07-18 15:22:08,974 [INFO] governor: System via rish: 15
📋 Enqueued: Process user screen interaction [NORMAL]
⚙️ Executing: Process user screen interaction
✅ Completed: Process user screen interaction
2026-07-18 15:22:08,975 [INFO] governor: Governor cycle 129 completed
2026-07-18 15:22:11,976 [INFO] governor: Health: 100% | Cycle: 129
2026-07-18 15:22:11,977 [INFO] governor: Observed screen - nodes: 0
2026-07-18 15:22:13,244 [INFO] governor: System via rish: shell
📋 Enqueued: Analyze screen for UI changes [HIGH]
⚙️ Executing: Analyze screen for UI changes
✅ Completed: Analyze screen for UI changes
2026-07-18 15:22:13,245 [INFO] governor: Governor cycle 130 completed
2026-07-18 15:22:16,246 [INFO] governor: Health: 100% | Cycle: 130
2026-07-18 15:22:16,247 [INFO] governor: Observed screen - nodes: 0
2026-07-18 15:22:17,485 [INFO] governor: System via rish: shell
📋 Enqueued: Process user screen interaction [NORMAL]
⚙️ Executing: Process user screen interaction
✅ Completed: Process user screen interaction
2026-07-18 15:22:17,486 [INFO] governor: Governor cycle 131 completed
2026-07-18 15:22:20,487 [INFO] governor: Health: 100% | Cycle: 131
2026-07-18 15:22:20,488 [INFO] governor: Observed screen - nodes: 0
2026-07-18 15:22:21,763 [INFO] governor: System via rish: 15
📋 Enqueued: Process user screen interaction [NORMAL]
⚙️ Executing: Process user screen interaction
✅ Completed: Process user screen interaction
2026-07-18 15:22:21,764 [INFO] governor: Governor cycle 132 completed
2026-07-18 15:22:24,765 [INFO] governor: Health: 100% | Cycle: 132
2026-07-18 15:22:24,766 [INFO] governor: Observed screen - nodes: 0
2026-07-18 15:22:26,007 [INFO] governor: System via rish: 15
📋 Enqueued: Process user screen interaction [NORMAL]
⚙️ Executing: Process user screen interaction
✅ Completed: Process user screen interaction
2026-07-18 15:22:26,007 [INFO] governor: Governor cycle 133 completed
2026-07-18 15:22:29,008 [INFO] governor: Health: 100% | Cycle: 133
2026-07-18 15:22:29,008 [INFO] governor: Observed screen - nodes: 0
2026-07-18 15:22:30,398 [INFO] governor: System via rish: 15
📋 Enqueued: Process user screen interaction [NORMAL]
⚙️ Executing: Process user screen interaction
✅ Completed: Process user screen interaction
2026-07-18 15:22:30,398 [INFO] governor: Governor cycle 134 completed
2026-07-18 15:22:33,399 [INFO] governor: Health: 100% | Cycle: 134
2026-07-18 15:22:33,400 [INFO] governor: Observed screen - nodes: 0
2026-07-18 15:22:34,671 [INFO] governor: System via rish: shell
📋 Enqueued: Analyze screen for UI changes [HIGH]
⚙️ Executing: Analyze screen for UI changes
✅ Completed: Analyze screen for UI changes
2026-07-18 15:22:34,672 [INFO] governor: Governor cycle 135 completed
2026-07-18 15:22:37,673 [INFO] governor: Health: 100% | Cycle: 135
2026-07-18 15:22:37,674 [INFO] governor: Observed screen - nodes: 0
2026-07-18 15:22:38,950 [INFO] governor: System via rish: 15
📋 Enqueued: Process user screen interaction [NORMAL]
⚙️ Executing: Process user screen interaction
✅ Completed: Process user screen interaction
2026-07-18 15:22:38,951 [INFO] governor: Governor cycle 136 completed
2026-07-18 15:22:41,952 [INFO] governor: Health: 100% | Cycle: 136
2026-07-18 15:22:41,953 [INFO] governor: Observed screen - nodes: 0
2026-07-18 15:22:43,216 [INFO] governor: System via rish: 15
📋 Enqueued: Process user screen interaction [NORMAL]
⚙️ Executing: Process user screen interaction
✅ Completed: Process user screen interaction
2026-07-18 15:22:43,217 [INFO] governor: Governor cycle 137 completed
2026-07-18 15:22:46,219 [INFO] governor: Health: 100% | Cycle: 137
2026-07-18 15:22:46,220 [INFO] governor: Observed screen - nodes: 0
2026-07-18 15:22:47,458 [INFO] governor: System via rish: shell
📋 Enqueued: Process user screen interaction [NORMAL]
⚙️ Executing: Process user screen interaction
✅ Completed: Process user screen interaction
2026-07-18 15:22:47,459 [INFO] governor: Governor cycle 138 completed
2026-07-18 15:22:50,460 [INFO] governor: Health: 100% | Cycle: 138
2026-07-18 15:22:50,460 [INFO] governor: Observed screen - nodes: 0
2026-07-18 15:22:51,665 [INFO] governor: System via rish: 15
📋 Enqueued: Process user screen interaction [NORMAL]
⚙️ Executing: Process user screen interaction
✅ Completed: Process user screen interaction
2026-07-18 15:22:51,665 [INFO] governor: Governor cycle 139 completed
2026-07-18 15:22:54,666 [INFO] governor: Health: 100% | Cycle: 139
2026-07-18 15:22:54,667 [INFO] governor: Observed screen - nodes: 0
2026-07-18 15:22:55,932 [INFO] governor: System via rish: shell
📋 Enqueued: Analyze screen for UI changes [HIGH]
⚙️ Executing: Analyze screen for UI changes
✅ Completed: Analyze screen for UI changes
2026-07-18 15:22:55,932 [INFO] governor: Governor cycle 140 completed
2026-07-18 15:22:58,932 [INFO] governor: Health: 100% | Cycle: 140
2026-07-18 15:22:58,932 [INFO] governor: Observed screen - nodes: 0
2026-07-18 15:23:00,152 [INFO] governor: System via rish: shell
📋 Enqueued: Process user screen interaction [NORMAL]
⚙️ Executing: Process user screen interaction
✅ Completed: Process user screen interaction
2026-07-18 15:23:00,152 [INFO] governor: Governor cycle 141 completed
2026-07-18 15:23:03,153 [INFO] governor: Health: 100% | Cycle: 141
2026-07-18 15:23:03,153 [INFO] governor: Observed screen - nodes: 0
2026-07-18 15:23:04,390 [INFO] governor: System via rish: 15
📋 Enqueued: Process user screen interaction [NORMAL]
⚙️ Executing: Process user screen interaction
✅ Completed: Process user screen interaction
2026-07-18 15:23:04,390 [INFO] governor: Governor cycle 142 completed
2026-07-18 15:23:07,391 [INFO] governor: Health: 100% | Cycle: 142
2026-07-18 15:23:07,391 [INFO] governor: Observed screen - nodes: 0
2026-07-18 15:23:08,627 [INFO] governor: System via rish: shell
📋 Enqueued: Process user screen interaction [NORMAL]
⚙️ Executing: Process user screen interaction
✅ Completed: Process user screen interaction
2026-07-18 15:23:08,628 [INFO] governor: Governor cycle 143 completed
2026-07-18 15:23:11,628 [INFO] governor: Health: 100% | Cycle: 143
2026-07-18 15:23:11,629 [INFO] governor: Observed screen - nodes: 0
2026-07-18 15:23:12,849 [INFO] governor: System via rish: 15
📋 Enqueued: Process user screen interaction [NORMAL]
⚙️ Executing: Process user screen interaction
✅ Completed: Process user screen interaction
2026-07-18 15:23:12,850 [INFO] governor: Governor cycle 144 completed
2026-07-18 15:23:15,851 [INFO] governor: Health: 100% | Cycle: 144
2026-07-18 15:23:15,851 [INFO] governor: Observed screen - nodes: 0
2026-07-18 15:23:17,091 [INFO] governor: System via rish: 15
📋 Enqueued: Analyze screen for UI changes [HIGH]
⚙️ Executing: Analyze screen for UI changes
✅ Completed: Analyze screen for UI changes
2026-07-18 15:23:17,092 [INFO] governor: Governor cycle 145 completed
2026-07-18 15:23:20,093 [INFO] governor: Health: 100% | Cycle: 145
2026-07-18 15:23:20,093 [INFO] governor: Observed screen - nodes: 0
2026-07-18 15:23:21,341 [INFO] governor: System via rish: shell
📋 Enqueued: Process user screen interaction [NORMAL]
⚙️ Executing: Process user screen interaction
✅ Completed: Process user screen interaction
2026-07-18 15:23:21,342 [INFO] governor: Governor cycle 146 completed
2026-07-18 15:23:24,343 [INFO] governor: Health: 100% | Cycle: 146
2026-07-18 15:23:24,344 [INFO] governor: Observed screen - nodes: 0
2026-07-18 15:23:25,586 [INFO] governor: System via rish: 15
📋 Enqueued: Process user screen interaction [NORMAL]
⚙️ Executing: Process user screen interaction
✅ Completed: Process user screen interaction
2026-07-18 15:23:25,587 [INFO] governor: Governor cycle 147 completed
2026-07-18 15:23:28,587 [INFO] governor: Health: 100% | Cycle: 147
2026-07-18 15:23:28,588 [INFO] governor: Observed screen - nodes: 0
2026-07-18 15:23:29,813 [INFO] governor: System via rish: 15
📋 Enqueued: Process user screen interaction [NORMAL]
⚙️ Executing: Process user screen interaction
✅ Completed: Process user screen interaction
2026-07-18 15:23:29,814 [INFO] governor: Governor cycle 148 completed
2026-07-18 15:23:32,815 [INFO] governor: Health: 100% | Cycle: 148
2026-07-18 15:23:32,816 [INFO] governor: Observed screen - nodes: 0
2026-07-18 15:23:34,032 [INFO] governor: System via rish: 15
📋 Enqueued: Process user screen interaction [NORMAL]
⚙️ Executing: Process user screen interaction
✅ Completed: Process user screen interaction
2026-07-18 15:23:34,033 [INFO] governor: Governor cycle 149 completed
2026-07-18 15:23:37,034 [INFO] governor: Health: 100% | Cycle: 149
2026-07-18 15:23:37,035 [INFO] governor: Observed screen - nodes: 0
2026-07-18 15:23:38,268 [INFO] governor: System via rish: shell
📋 Enqueued: Analyze screen for UI changes [HIGH]
⚙️ Executing: Analyze screen for UI changes
✅ Completed: Analyze screen for UI changes
2026-07-18 15:23:38,268 [INFO] governor: Governor cycle 150 completed
2026-07-18 15:23:41,269 [INFO] governor: Health: 100% | Cycle: 150
2026-07-18 15:23:41,270 [INFO] governor: Observed screen - nodes: 0
2026-07-18 15:23:42,511 [INFO] governor: System via rish: 15
📋 Enqueued: Process user screen interaction [NORMAL]
⚙️ Executing: Process user screen interaction
✅ Completed: Process user screen interaction
2026-07-18 15:23:42,512 [INFO] governor: Governor cycle 151 completed
2026-07-18 15:23:45,513 [INFO] governor: Health: 100% | Cycle: 151
2026-07-18 15:23:45,514 [INFO] governor: Observed screen - nodes: 0
2026-07-18 15:23:46,728 [INFO] governor: System via rish: 15
📋 Enqueued: Process user screen interaction [NORMAL]
⚙️ Executing: Process user screen interaction
✅ Completed: Process user screen interaction
2026-07-18 15:23:46,729 [INFO] governor: Governor cycle 152 completed
2026-07-18 15:23:49,730 [INFO] governor: Health: 100% | Cycle: 152
2026-07-18 15:23:49,731 [INFO] governor: Observed screen - nodes: 0
2026-07-18 15:23:50,976 [INFO] governor: System via rish: 15
📋 Enqueued: Process user screen interaction [NORMAL]
⚙️ Executing: Process user screen interaction
✅ Completed: Process user screen interaction
2026-07-18 15:23:50,976 [INFO] governor: Governor cycle 153 completed
2026-07-18 15:23:53,977 [INFO] governor: Health: 100% | Cycle: 153
2026-07-18 15:23:53,978 [INFO] governor: Observed screen - nodes: 0
2026-07-18 15:23:55,279 [INFO] governor: System via rish: 15
📋 Enqueued: Process user screen interaction [NORMAL]
⚙️ Executing: Process user screen interaction
✅ Completed: Process user screen interaction
2026-07-18 15:23:55,280 [INFO] governor: Governor cycle 154 completed
2026-07-18 15:23:58,281 [INFO] governor: Health: 100% | Cycle: 154
2026-07-18 15:23:58,283 [INFO] governor: Observed screen - nodes: 0
2026-07-18 15:23:59,595 [INFO] governor: System via rish: shell
📋 Enqueued: Analyze screen for UI changes [HIGH]
⚙️ Executing: Analyze screen for UI changes
✅ Completed: Analyze screen for UI changes
2026-07-18 15:23:59,596 [INFO] governor: Governor cycle 155 completed
2026-07-18 15:24:02,597 [INFO] governor: Health: 100% | Cycle: 155
2026-07-18 15:24:02,598 [INFO] governor: Observed screen - nodes: 0
2026-07-18 15:24:03,865 [INFO] governor: System via rish: 15
📋 Enqueued: Process user screen interaction [NORMAL]
⚙️ Executing: Process user screen interaction
✅ Completed: Process user screen interaction
2026-07-18 15:24:03,866 [INFO] governor: Governor cycle 156 completed
2026-07-18 15:24:06,867 [INFO] governor: Health: 100% | Cycle: 156
2026-07-18 15:24:06,868 [INFO] governor: Observed screen - nodes: 0
2026-07-18 15:24:08,180 [INFO] governor: System via rish: 15
📋 Enqueued: Process user screen interaction [NORMAL]
⚙️ Executing: Process user screen interaction
✅ Completed: Process user screen interaction
2026-07-18 15:24:08,180 [INFO] governor: Governor cycle 157 completed
2026-07-18 15:24:11,181 [INFO] governor: Health: 100% | Cycle: 157
2026-07-18 15:24:11,182 [INFO] governor: Observed screen - nodes: 0
2026-07-18 15:24:12,468 [INFO] governor: System via rish: 15
📋 Enqueued: Process user screen interaction [NORMAL]
⚙️ Executing: Process user screen interaction
✅ Completed: Process user screen interaction
2026-07-18 15:24:12,469 [INFO] governor: Governor cycle 158 completed
2026-07-18 15:24:15,470 [INFO] governor: Health: 100% | Cycle: 158
2026-07-18 15:24:15,471 [INFO] governor: Observed screen - nodes: 0
2026-07-18 15:24:16,721 [INFO] governor: System via rish: 15
📋 Enqueued: Process user screen interaction [NORMAL]
⚙️ Executing: Process user screen interaction
✅ Completed: Process user screen interaction
2026-07-18 15:24:16,722 [INFO] governor: Governor cycle 159 completed
2026-07-18 15:24:19,724 [INFO] governor: Health: 100% | Cycle: 159
2026-07-18 15:24:19,725 [INFO] governor: Observed screen - nodes: 0
2026-07-18 15:24:20,963 [INFO] governor: System via rish: 15
📋 Enqueued: Analyze screen for UI changes [HIGH]
⚙️ Executing: Analyze screen for UI changes
✅ Completed: Analyze screen for UI changes
2026-07-18 15:24:20,964 [INFO] governor: Governor cycle 160 completed
2026-07-18 15:24:23,964 [INFO] governor: Health: 100% | Cycle: 160
2026-07-18 15:24:23,965 [INFO] governor: Observed screen - nodes: 0
2026-07-18 15:24:25,206 [INFO] governor: System via rish: 15
📋 Enqueued: Process user screen interaction [NORMAL]
⚙️ Executing: Process user screen interaction
✅ Completed: Process user screen interaction
2026-07-18 15:24:25,207 [INFO] governor: Governor cycle 161 completed
2026-07-18 15:24:28,208 [INFO] governor: Health: 100% | Cycle: 161
2026-07-18 15:24:28,209 [INFO] governor: Observed screen - nodes: 0
2026-07-18 15:24:29,531 [INFO] governor: System via rish: 15
📋 Enqueued: Process user screen interaction [NORMAL]
⚙️ Executing: Process user screen interaction
✅ Completed: Process user screen interaction
2026-07-18 15:24:29,532 [INFO] governor: Governor cycle 162 completed
2026-07-18 15:24:32,532 [INFO] governor: Health: 100% | Cycle: 162
2026-07-18 15:24:32,533 [INFO] governor: Observed screen - nodes: 0
2026-07-18 15:24:34,104 [INFO] governor: System via rish: 15
📋 Enqueued: Process user screen interaction [NORMAL]
⚙️ Executing: Process user screen interaction
✅ Completed: Process user screen interaction
2026-07-18 15:24:34,106 [INFO] governor: Governor cycle 163 completed
2026-07-18 15:24:37,107 [INFO] governor: Health: 100% | Cycle: 163
2026-07-18 15:24:37,108 [INFO] governor: Observed screen - nodes: 0
2026-07-18 15:24:38,341 [INFO] governor: System via rish: 15
📋 Enqueued: Process user screen interaction [NORMAL]
⚙️ Executing: Process user screen interaction
✅ Completed: Process user screen interaction
2026-07-18 15:24:38,342 [INFO] governor: Governor cycle 164 completed
2026-07-18 15:24:41,343 [INFO] governor: Health: 100% | Cycle: 164
2026-07-18 15:24:41,344 [INFO] governor: Observed screen - nodes: 0
2026-07-18 15:24:42,594 [INFO] governor: System via rish: 15
📋 Enqueued: Analyze screen for UI changes [HIGH]
⚙️ Executing: Analyze screen for UI changes
✅ Completed: Analyze screen for UI changes
2026-07-18 15:24:42,594 [INFO] governor: Governor cycle 165 completed
2026-07-18 15:24:45,595 [INFO] governor: Health: 100% | Cycle: 165
2026-07-18 15:24:45,596 [INFO] governor: Observed screen - nodes: 0
2026-07-18 15:24:46,879 [INFO] governor: System via rish: 15
📋 Enqueued: Process user screen interaction [NORMAL]
⚙️ Executing: Process user screen interaction
✅ Completed: Process user screen interaction
2026-07-18 15:24:46,880 [INFO] governor: Governor cycle 166 completed
2026-07-18 15:24:49,881 [INFO] governor: Health: 100% | Cycle: 166
2026-07-18 15:24:49,882 [INFO] governor: Observed screen - nodes: 0
2026-07-18 15:24:51,140 [INFO] governor: System via rish: 15
📋 Enqueued: Process user screen interaction [NORMAL]
⚙️ Executing: Process user screen interaction
✅ Completed: Process user screen interaction
2026-07-18 15:24:51,141 [INFO] governor: Governor cycle 167 completed
2026-07-18 15:24:54,142 [INFO] governor: Health: 100% | Cycle: 167
2026-07-18 15:24:54,142 [INFO] governor: Observed screen - nodes: 0
2026-07-18 15:24:55,376 [INFO] governor: System via rish: shell
📋 Enqueued: Process user screen interaction [NORMAL]
⚙️ Executing: Process user screen interaction
✅ Completed: Process user screen interaction
2026-07-18 15:24:55,377 [INFO] governor: Governor cycle 168 completed
2026-07-18 15:24:58,378 [INFO] governor: Health: 100% | Cycle: 168
2026-07-18 15:24:58,378 [INFO] governor: Observed screen - nodes: 0
2026-07-18 15:24:59,571 [INFO] governor: System via rish: 15
📋 Enqueued: Process user screen interaction [NORMAL]
⚙️ Executing: Process user screen interaction
✅ Completed: Process user screen interaction
2026-07-18 15:24:59,572 [INFO] governor: Governor cycle 169 completed
2026-07-18 15:25:02,572 [INFO] governor: Health: 100% | Cycle: 169
2026-07-18 15:25:02,573 [INFO] governor: Observed screen - nodes: 0
2026-07-18 15:25:03,939 [INFO] governor: System via rish: shell
📋 Enqueued: Analyze screen for UI changes [HIGH]
⚙️ Executing: Analyze screen for UI changes
✅ Completed: Analyze screen for UI changes
2026-07-18 15:25:03,940 [INFO] governor: Governor cycle 170 completed
2026-07-18 15:25:06,941 [INFO] governor: Health: 100% | Cycle: 170
2026-07-18 15:25:06,943 [INFO] governor: Observed screen - nodes: 0
2026-07-18 15:25:08,223 [INFO] governor: System via rish: 15
📋 Enqueued: Process user screen interaction [NORMAL]
⚙️ Executing: Process user screen interaction
✅ Completed: Process user screen interaction
2026-07-18 15:25:08,225 [INFO] governor: Governor cycle 171 completed
2026-07-18 15:25:11,226 [INFO] governor: Health: 100% | Cycle: 171
2026-07-18 15:25:11,227 [INFO] governor: Observed screen - nodes: 0
2026-07-18 15:25:12,480 [INFO] governor: System via rish: 15
📋 Enqueued: Process user screen interaction [NORMAL]
⚙️ Executing: Process user screen interaction
✅ Completed: Process user screen interaction
2026-07-18 15:25:12,481 [INFO] governor: Governor cycle 172 completed
2026-07-18 15:25:15,482 [INFO] governor: Health: 100% | Cycle: 172
2026-07-18 15:25:15,482 [INFO] governor: Observed screen - nodes: 0
2026-07-18 15:25:16,721 [INFO] governor: System via rish: shell
📋 Enqueued: Process user screen interaction [NORMAL]
⚙️ Executing: Process user screen interaction
✅ Completed: Process user screen interaction
2026-07-18 15:25:16,722 [INFO] governor: Governor cycle 173 completed
2026-07-18 15:25:19,723 [INFO] governor: Health: 100% | Cycle: 173
2026-07-18 15:25:19,724 [INFO] governor: Observed screen - nodes: 0
2026-07-18 15:25:20,973 [INFO] governor: System via rish: 15
📋 Enqueued: Process user screen interaction [NORMAL]
⚙️ Executing: Process user screen interaction
✅ Completed: Process user screen interaction
2026-07-18 15:25:20,974 [INFO] governor: Governor cycle 174 completed
2026-07-18 15:25:23,974 [INFO] governor: Health: 100% | Cycle: 174
2026-07-18 15:25:23,975 [INFO] governor: Observed screen - nodes: 0
2026-07-18 15:25:25,564 [INFO] governor: System via rish: 15
📋 Enqueued: Analyze screen for UI changes [HIGH]
⚙️ Executing: Analyze screen for UI changes
✅ Completed: Analyze screen for UI changes
2026-07-18 15:25:25,565 [INFO] governor: Governor cycle 175 completed
2026-07-18 15:25:28,566 [INFO] governor: Health: 100% | Cycle: 175
2026-07-18 15:25:28,566 [INFO] governor: Observed screen - nodes: 0
2026-07-18 15:25:31,732 [INFO] governor: System via rish: 15
📋 Enqueued: Process user screen interaction [NORMAL]
⚙️ Executing: Process user screen interaction
✅ Completed: Process user screen interaction
2026-07-18 15:25:31,734 [INFO] governor: Governor cycle 176 completed
2026-07-18 15:25:34,735 [INFO] governor: Health: 100% | Cycle: 176
2026-07-18 15:25:34,736 [INFO] governor: Observed screen - nodes: 0
2026-07-18 15:25:36,296 [INFO] governor: System via rish: 15
📋 Enqueued: Process user screen interaction [NORMAL]
⚙️ Executing: Process user screen interaction
✅ Completed: Process user screen interaction
2026-07-18 15:25:36,296 [INFO] governor: Governor cycle 177 completed
2026-07-18 15:25:39,297 [INFO] governor: Health: 100% | Cycle: 177
2026-07-18 15:25:39,298 [INFO] governor: Observed screen - nodes: 0
2026-07-18 15:25:41,327 [INFO] governor: System via rish: 15
📋 Enqueued: Process user screen interaction [NORMAL]
⚙️ Executing: Process user screen interaction
✅ Completed: Process user screen interaction
2026-07-18 15:25:41,329 [INFO] governor: Governor cycle 178 completed
2026-07-18 15:25:44,331 [INFO] governor: Health: 100% | Cycle: 178
2026-07-18 15:25:44,333 [INFO] governor: Observed screen - nodes: 0
2026-07-18 15:25:46,579 [INFO] governor: System via rish: 15
📋 Enqueued: Process user screen interaction [NORMAL]
⚙️ Executing: Process user screen interaction
✅ Completed: Process user screen interaction
2026-07-18 15:25:46,580 [INFO] governor: Governor cycle 179 completed
2026-07-18 15:25:49,581 [INFO] governor: Health: 100% | Cycle: 179
2026-07-18 15:25:49,582 [INFO] governor: Observed screen - nodes: 0
2026-07-18 15:25:51,072 [INFO] governor: System via rish: 15
📋 Enqueued: Analyze screen for UI changes [HIGH]
⚙️ Executing: Analyze screen for UI changes
✅ Completed: Analyze screen for UI changes
2026-07-18 15:25:51,073 [INFO] governor: Governor cycle 180 completed
2026-07-18 15:25:54,073 [INFO] governor: Health: 100% | Cycle: 180
2026-07-18 15:25:54,074 [INFO] governor: Observed screen - nodes: 0
2026-07-18 15:25:56,570 [INFO] governor: System via rish: 15
📋 Enqueued: Process user screen interaction [NORMAL]
⚙️ Executing: Process user screen interaction
✅ Completed: Process user screen interaction
2026-07-18 15:25:56,570 [INFO] governor: Governor cycle 181 completed
2026-07-18 15:25:59,571 [INFO] governor: Health: 100% | Cycle: 181
2026-07-18 15:25:59,571 [INFO] governor: Observed screen - nodes: 0
2026-07-18 15:26:01,509 [INFO] governor: System via rish: 15
📋 Enqueued: Process user screen interaction [NORMAL]
⚙️ Executing: Process user screen interaction
✅ Completed: Process user screen interaction
2026-07-18 15:26:01,511 [INFO] governor: Governor cycle 182 completed
2026-07-18 15:26:04,512 [INFO] governor: Health: 100% | Cycle: 182
2026-07-18 15:26:04,513 [INFO] governor: Observed screen - nodes: 0
2026-07-18 15:26:05,801 [INFO] governor: System via rish: 15
📋 Enqueued: Process user screen interaction [NORMAL]
⚙️ Executing: Process user screen interaction
✅ Completed: Process user screen interaction
2026-07-18 15:26:05,802 [INFO] governor: Governor cycle 183 completed
2026-07-18 15:26:08,813 [INFO] governor: Health: 100% | Cycle: 183
2026-07-18 15:26:08,814 [INFO] governor: Observed screen - nodes: 0
2026-07-18 15:26:13,874 [INFO] governor: System via rish: 15
📋 Enqueued: Process user screen interaction [NORMAL]
⚙️ Executing: Process user screen interaction
✅ Completed: Process user screen interaction
2026-07-18 15:26:13,881 [INFO] governor: Governor cycle 184 completed
2026-07-18 15:26:16,882 [INFO] governor: Health: 100% | Cycle: 184
2026-07-18 15:26:16,883 [INFO] governor: Observed screen - nodes: 0
2026-07-18 15:26:19,359 [INFO] governor: System via rish: 15
📋 Enqueued: Analyze screen for UI changes [HIGH]
⚙️ Executing: Analyze screen for UI changes
✅ Completed: Analyze screen for UI changes
2026-07-18 15:26:19,360 [INFO] governor: Governor cycle 185 completed
2026-07-18 15:26:22,361 [INFO] governor: Health: 100% | Cycle: 185
2026-07-18 15:26:22,362 [INFO] governor: Observed screen - nodes: 0
2026-07-18 15:26:25,993 [INFO] governor: System via rish: 15
📋 Enqueued: Process user screen interaction [NORMAL]
⚙️ Executing: Process user screen interaction
✅ Completed: Process user screen interaction
2026-07-18 15:26:25,994 [INFO] governor: Governor cycle 186 completed
2026-07-18 15:26:28,995 [INFO] governor: Health: 100% | Cycle: 186
2026-07-18 15:26:28,996 [INFO] governor: Observed screen - nodes: 0
2026-07-18 15:26:32,491 [INFO] governor: System via rish: shell
📋 Enqueued: Process user screen interaction [NORMAL]
⚙️ Executing: Process user screen interaction
✅ Completed: Process user screen interaction
2026-07-18 15:26:32,495 [INFO] governor: Governor cycle 187 completed
2026-07-18 15:26:35,496 [INFO] governor: Health: 100% | Cycle: 187
2026-07-18 15:26:35,497 [INFO] governor: Observed screen - nodes: 0
2026-07-18 15:26:38,713 [INFO] governor: System via rish: 15
📋 Enqueued: Process user screen interaction [NORMAL]
⚙️ Executing: Process user screen interaction
✅ Completed: Process user screen interaction
2026-07-18 15:26:38,714 [INFO] governor: Governor cycle 188 completed
2026-07-18 15:26:41,715 [INFO] governor: Health: 100% | Cycle: 188
2026-07-18 15:26:41,715 [INFO] governor: Observed screen - nodes: 0
2026-07-18 15:26:44,391 [INFO] governor: System via rish: 15
📋 Enqueued: Process user screen interaction [NORMAL]
⚙️ Executing: Process user screen interaction
✅ Completed: Process user screen interaction
2026-07-18 15:26:44,392 [INFO] governor: Governor cycle 189 completed
2026-07-18 15:26:47,394 [INFO] governor: Health: 100% | Cycle: 189
2026-07-18 15:26:47,395 [INFO] governor: Observed screen - nodes: 0
2026-07-18 15:26:51,431 [INFO] governor: System via rish: shell
📋 Enqueued: Analyze screen for UI changes [HIGH]
⚙️ Executing: Analyze screen for UI changes
✅ Completed: Analyze screen for UI changes
2026-07-18 15:26:51,432 [INFO] governor: Governor cycle 190 completed
2026-07-18 15:26:54,433 [INFO] governor: Health: 100% | Cycle: 190
2026-07-18 15:26:54,434 [INFO] governor: Observed screen - nodes: 0
2026-07-18 15:26:56,896 [INFO] governor: System via rish: shell
📋 Enqueued: Process user screen interaction [NORMAL]
⚙️ Executing: Process user screen interaction
✅ Completed: Process user screen interaction
2026-07-18 15:26:56,897 [INFO] governor: Governor cycle 191 completed
2026-07-18 15:26:59,907 [INFO] governor: Health: 100% | Cycle: 191
2026-07-18 15:26:59,908 [INFO] governor: Observed screen - nodes: 0
2026-07-18 15:27:03,632 [INFO] governor: System via rish: shell
📋 Enqueued: Process user screen interaction [NORMAL]
⚙️ Executing: Process user screen interaction
✅ Completed: Process user screen interaction
2026-07-18 15:27:03,633 [INFO] governor: Governor cycle 192 completed
2026-07-18 15:27:06,633 [INFO] governor: Health: 100% | Cycle: 192
2026-07-18 15:27:06,634 [INFO] governor: Observed screen - nodes: 0
2026-07-18 15:27:10,035 [INFO] governor: System via rish: 15
📋 Enqueued: Process user screen interaction [NORMAL]
⚙️ Executing: Process user screen interaction
✅ Completed: Process user screen interaction
2026-07-18 15:27:10,037 [INFO] governor: Governor cycle 193 completed
2026-07-18 15:27:13,037 [INFO] governor: Health: 100% | Cycle: 193
2026-07-18 15:27:13,038 [INFO] governor: Observed screen - nodes: 0
2026-07-18 15:27:17,890 [INFO] governor: System via rish: shell
📋 Enqueued: Process user screen interaction [NORMAL]
⚙️ Executing: Process user screen interaction
✅ Completed: Process user screen interaction
2026-07-18 15:27:17,898 [INFO] governor: Governor cycle 194 completed
2026-07-18 15:27:20,899 [INFO] governor: Health: 100% | Cycle: 194
2026-07-18 15:27:20,900 [INFO] governor: Observed screen - nodes: 0
2026-07-18 15:27:24,341 [INFO] governor: System via rish: 15
📋 Enqueued: Analyze screen for UI changes [HIGH]
⚙️ Executing: Analyze screen for UI changes
✅ Completed: Analyze screen for UI changes
2026-07-18 15:27:24,342 [INFO] governor: Governor cycle 195 completed
2026-07-18 15:27:27,342 [INFO] governor: Health: 100% | Cycle: 195
2026-07-18 15:27:27,343 [INFO] governor: Observed screen - nodes: 0
2026-07-18 15:27:30,346 [INFO] governor: System via rish: 15
📋 Enqueued: Process user screen interaction [NORMAL]
⚙️ Executing: Process user screen interaction
✅ Completed: Process user screen interaction
2026-07-18 15:27:30,348 [INFO] governor: Governor cycle 196 completed
2026-07-18 15:27:33,349 [INFO] governor: Health: 100% | Cycle: 196
2026-07-18 15:27:33,349 [INFO] governor: Observed screen - nodes: 0
2026-07-18 15:27:36,439 [INFO] governor: System via rish: 15
📋 Enqueued: Process user screen interaction [NORMAL]
⚙️ Executing: Process user screen interaction
✅ Completed: Process user screen interaction
2026-07-18 15:27:36,440 [INFO] governor: Governor cycle 197 completed
2026-07-18 15:27:39,441 [INFO] governor: Health: 100% | Cycle: 197
2026-07-18 15:27:39,441 [INFO] governor: Observed screen - nodes: 0
2026-07-18 15:27:41,518 [INFO] governor: System via rish: 15
📋 Enqueued: Process user screen interaction [NORMAL]
⚙️ Executing: Process user screen interaction
✅ Completed: Process user screen interaction
2026-07-18 15:27:41,519 [INFO] governor: Governor cycle 198 completed
2026-07-18 15:27:44,520 [INFO] governor: Health: 100% | Cycle: 198
2026-07-18 15:27:44,521 [INFO] governor: Observed screen - nodes: 0
2026-07-18 15:27:46,311 [INFO] governor: System via rish: 15
📋 Enqueued: Process user screen interaction [NORMAL]
⚙️ Executing: Process user screen interaction
✅ Completed: Process user screen interaction
2026-07-18 15:27:46,312 [INFO] governor: Governor cycle 199 completed
2026-07-18 15:27:49,313 [INFO] governor: Health: 100% | Cycle: 199
2026-07-18 15:27:49,314 [INFO] governor: Observed screen - nodes: 0
2026-07-18 15:27:51,011 [INFO] governor: System via rish: 15
📋 Enqueued: Analyze screen for UI changes [HIGH]
⚙️ Executing: Analyze screen for UI changes
✅ Completed: Analyze screen for UI changes
2026-07-18 15:27:51,012 [INFO] governor: Governor cycle 200 completed
2026-07-18 15:27:54,014 [INFO] governor: Health: 100% | Cycle: 200
2026-07-18 15:27:54,014 [INFO] governor: Observed screen - nodes: 0
2026-07-18 15:27:55,758 [INFO] governor: System via rish: shell
📋 Enqueued: Process user screen interaction [NORMAL]
⚙️ Executing: Process user screen interaction
✅ Completed: Process user screen interaction
2026-07-18 15:27:55,760 [INFO] governor: Governor cycle 201 completed
2026-07-18 15:27:58,761 [INFO] governor: Health: 100% | Cycle: 201
2026-07-18 15:27:58,761 [INFO] governor: Observed screen - nodes: 0
2026-07-18 15:28:01,321 [INFO] governor: System via rish: shell
📋 Enqueued: Process user screen interaction [NORMAL]
⚙️ Executing: Process user screen interaction
✅ Completed: Process user screen interaction
2026-07-18 15:28:01,322 [INFO] governor: Governor cycle 202 completed
2026-07-18 15:28:04,323 [INFO] governor: Health: 100% | Cycle: 202
2026-07-18 15:28:04,324 [INFO] governor: Observed screen - nodes: 0
2026-07-18 15:28:06,504 [INFO] governor: System via rish: 15
📋 Enqueued: Process user screen interaction [NORMAL]
⚙️ Executing: Process user screen interaction
✅ Completed: Process user screen interaction
2026-07-18 15:28:06,505 [INFO] governor: Governor cycle 203 completed
2026-07-18 15:28:09,506 [INFO] governor: Health: 100% | Cycle: 203
2026-07-18 15:28:09,507 [INFO] governor: Observed screen - nodes: 0
2026-07-18 15:28:11,101 [INFO] governor: System via rish: 15
📋 Enqueued: Process user screen interaction [NORMAL]
⚙️ Executing: Process user screen interaction
✅ Completed: Process user screen interaction
2026-07-18 15:28:11,103 [INFO] governor: Governor cycle 204 completed
2026-07-18 15:28:14,104 [INFO] governor: Health: 100% | Cycle: 204
2026-07-18 15:28:14,105 [INFO] governor: Observed screen - nodes: 0
2026-07-18 15:28:15,610 [INFO] governor: System via rish: shell
📋 Enqueued: Analyze screen for UI changes [HIGH]
⚙️ Executing: Analyze screen for UI changes
✅ Completed: Analyze screen for UI changes
2026-07-18 15:28:15,610 [INFO] governor: Governor cycle 205 completed
2026-07-18 15:28:18,611 [INFO] governor: Health: 100% | Cycle: 205
2026-07-18 15:28:18,612 [INFO] governor: Observed screen - nodes: 0
2026-07-18 15:28:20,054 [INFO] governor: System via rish: shell
📋 Enqueued: Process user screen interaction [NORMAL]
⚙️ Executing: Process user screen interaction
✅ Completed: Process user screen interaction
2026-07-18 15:28:20,055 [INFO] governor: Governor cycle 206 completed
2026-07-18 15:28:23,056 [INFO] governor: Health: 100% | Cycle: 206
2026-07-18 15:28:23,056 [INFO] governor: Observed screen - nodes: 0
2026-07-18 15:28:25,202 [INFO] governor: System via rish: 15
📋 Enqueued: Process user screen interaction [NORMAL]
⚙️ Executing: Process user screen interaction
✅ Completed: Process user screen interaction
2026-07-18 15:28:25,203 [INFO] governor: Governor cycle 207 completed
2026-07-18 15:28:28,205 [INFO] governor: Health: 100% | Cycle: 207
2026-07-18 15:28:28,206 [INFO] governor: Observed screen - nodes: 0
2026-07-18 15:28:29,552 [INFO] governor: System via rish: shell
📋 Enqueued: Process user screen interaction [NORMAL]
⚙️ Executing: Process user screen interaction
✅ Completed: Process user screen interaction
2026-07-18 15:28:29,554 [INFO] governor: Governor cycle 208 completed
2026-07-18 15:28:32,554 [INFO] governor: Health: 100% | Cycle: 208
2026-07-18 15:28:32,555 [INFO] governor: Observed screen - nodes: 0
2026-07-18 15:28:35,133 [INFO] governor: System via rish: 15
📋 Enqueued: Process user screen interaction [NORMAL]
⚙️ Executing: Process user screen interaction
✅ Completed: Process user screen interaction
2026-07-18 15:28:35,133 [INFO] governor: Governor cycle 209 completed
2026-07-18 15:28:38,133 [INFO] governor: Health: 100% | Cycle: 209
2026-07-18 15:28:38,134 [INFO] governor: Observed screen - nodes: 0
2026-07-18 15:28:39,959 [INFO] governor: System via rish: 15
📋 Enqueued: Analyze screen for UI changes [HIGH]
⚙️ Executing: Analyze screen for UI changes
✅ Completed: Analyze screen for UI changes
2026-07-18 15:28:39,959 [INFO] governor: Governor cycle 210 completed
2026-07-18 15:28:42,960 [INFO] governor: Health: 100% | Cycle: 210
2026-07-18 15:28:42,961 [INFO] governor: Observed screen - nodes: 0
2026-07-18 15:28:44,209 [INFO] governor: System via rish: 15
📋 Enqueued: Process user screen interaction [NORMAL]
⚙️ Executing: Process user screen interaction
✅ Completed: Process user screen interaction
2026-07-18 15:28:44,211 [INFO] governor: Governor cycle 211 completed
2026-07-18 15:28:47,213 [INFO] governor: Health: 100% | Cycle: 211
2026-07-18 15:28:47,214 [INFO] governor: Observed screen - nodes: 0
2026-07-18 15:28:48,450 [INFO] governor: System via rish: 15
📋 Enqueued: Process user screen interaction [NORMAL]
⚙️ Executing: Process user screen interaction
✅ Completed: Process user screen interaction
2026-07-18 15:28:48,451 [INFO] governor: Governor cycle 212 completed
2026-07-18 15:28:51,452 [INFO] governor: Health: 100% | Cycle: 212
2026-07-18 15:28:51,453 [INFO] governor: Observed screen - nodes: 0
2026-07-18 15:28:52,709 [INFO] governor: System via rish: shell
📋 Enqueued: Process user screen interaction [NORMAL]
⚙️ Executing: Process user screen interaction
✅ Completed: Process user screen interaction
2026-07-18 15:28:52,709 [INFO] governor: Governor cycle 213 completed
2026-07-18 15:28:55,710 [INFO] governor: Health: 100% | Cycle: 213
2026-07-18 15:28:55,711 [INFO] governor: Observed screen - nodes: 0
2026-07-18 15:28:57,300 [INFO] governor: System via rish: 15
📋 Enqueued: Process user screen interaction [NORMAL]
⚙️ Executing: Process user screen interaction
✅ Completed: Process user screen interaction
2026-07-18 15:28:57,300 [INFO] governor: Governor cycle 214 completed
2026-07-18 15:29:00,301 [INFO] governor: Health: 100% | Cycle: 214
2026-07-18 15:29:00,302 [INFO] governor: Observed screen - nodes: 0
2026-07-18 15:29:01,686 [INFO] governor: System via rish: 15
📋 Enqueued: Analyze screen for UI changes [HIGH]
⚙️ Executing: Analyze screen for UI changes
✅ Completed: Analyze screen for UI changes
2026-07-18 15:29:01,687 [INFO] governor: Governor cycle 215 completed
2026-07-18 15:29:04,688 [INFO] governor: Health: 100% | Cycle: 215
2026-07-18 15:29:04,689 [INFO] governor: Observed screen - nodes: 0
2026-07-18 15:29:06,466 [INFO] governor: System via rish: 15
📋 Enqueued: Process user screen interaction [NORMAL]
⚙️ Executing: Process user screen interaction
✅ Completed: Process user screen interaction
2026-07-18 15:29:06,466 [INFO] governor: Governor cycle 216 completed
2026-07-18 15:29:09,468 [INFO] governor: Health: 100% | Cycle: 216
2026-07-18 15:29:09,469 [INFO] governor: Observed screen - nodes: 0
2026-07-18 15:29:10,731 [INFO] governor: System via rish: 15
📋 Enqueued: Process user screen interaction [NORMAL]
⚙️ Executing: Process user screen interaction
✅ Completed: Process user screen interaction
2026-07-18 15:29:10,732 [INFO] governor: Governor cycle 217 completed
2026-07-18 15:29:13,732 [INFO] governor: Health: 100% | Cycle: 217
2026-07-18 15:29:13,733 [INFO] governor: Observed screen - nodes: 0
2026-07-18 15:29:15,423 [INFO] governor: System via rish: 15
📋 Enqueued: Process user screen interaction [NORMAL]
⚙️ Executing: Process user screen interaction
✅ Completed: Process user screen interaction
2026-07-18 15:29:15,423 [INFO] governor: Governor cycle 218 completed
2026-07-18 15:29:18,423 [INFO] governor: Health: 100% | Cycle: 218
2026-07-18 15:29:18,424 [INFO] governor: Observed screen - nodes: 0
2026-07-18 15:29:20,427 [INFO] governor: System via rish: shell
📋 Enqueued: Process user screen interaction [NORMAL]
⚙️ Executing: Process user screen interaction
✅ Completed: Process user screen interaction
2026-07-18 15:29:20,427 [INFO] governor: Governor cycle 219 completed
2026-07-18 15:29:23,428 [INFO] governor: Health: 100% | Cycle: 219
2026-07-18 15:29:23,429 [INFO] governor: Observed screen - nodes: 0
2026-07-18 15:29:24,695 [INFO] governor: System via rish: 15
📋 Enqueued: Analyze screen for UI changes [HIGH]
⚙️ Executing: Analyze screen for UI changes
✅ Completed: Analyze screen for UI changes
2026-07-18 15:29:24,696 [INFO] governor: Governor cycle 220 completed
2026-07-18 15:29:27,697 [INFO] governor: Health: 100% | Cycle: 220
2026-07-18 15:29:27,698 [INFO] governor: Observed screen - nodes: 0
2026-07-18 15:29:28,949 [INFO] governor: System via rish: 15
📋 Enqueued: Process user screen interaction [NORMAL]
⚙️ Executing: Process user screen interaction
✅ Completed: Process user screen interaction
2026-07-18 15:29:28,950 [INFO] governor: Governor cycle 221 completed
2026-07-18 15:29:31,951 [INFO] governor: Health: 100% | Cycle: 221
2026-07-18 15:29:31,952 [INFO] governor: Observed screen - nodes: 0
2026-07-18 15:29:33,218 [INFO] governor: System via rish: shell
📋 Enqueued: Process user screen interaction [NORMAL]
⚙️ Executing: Process user screen interaction
✅ Completed: Process user screen interaction
2026-07-18 15:29:33,219 [INFO] governor: Governor cycle 222 completed
2026-07-18 15:29:36,220 [INFO] governor: Health: 100% | Cycle: 222
2026-07-18 15:29:36,221 [INFO] governor: Observed screen - nodes: 0
2026-07-18 15:29:37,450 [INFO] governor: System via rish: 15
📋 Enqueued: Process user screen interaction [NORMAL]
⚙️ Executing: Process user screen interaction
✅ Completed: Process user screen interaction
2026-07-18 15:29:37,451 [INFO] governor: Governor cycle 223 completed
2026-07-18 15:29:40,453 [INFO] governor: Health: 100% | Cycle: 223
2026-07-18 15:29:40,454 [INFO] governor: Observed screen - nodes: 0
2026-07-18 15:29:41,749 [INFO] governor: System via rish: 15
📋 Enqueued: Process user screen interaction [NORMAL]
⚙️ Executing: Process user screen interaction
✅ Completed: Process user screen interaction
2026-07-18 15:29:41,750 [INFO] governor: Governor cycle 224 completed
2026-07-18 15:29:44,751 [INFO] governor: Health: 100% | Cycle: 224
2026-07-18 15:29:44,752 [INFO] governor: Observed screen - nodes: 0
2026-07-18 15:29:46,008 [INFO] governor: System via rish: 15
📋 Enqueued: Analyze screen for UI changes [HIGH]
⚙️ Executing: Analyze screen for UI changes
✅ Completed: Analyze screen for UI changes
2026-07-18 15:29:46,009 [INFO] governor: Governor cycle 225 completed
2026-07-18 15:29:49,010 [INFO] governor: Health: 100% | Cycle: 225
2026-07-18 15:29:49,011 [INFO] governor: Observed screen - nodes: 0
2026-07-18 15:29:50,270 [INFO] governor: System via rish: shell
📋 Enqueued: Process user screen interaction [NORMAL]
⚙️ Executing: Process user screen interaction
✅ Completed: Process user screen interaction
2026-07-18 15:29:50,271 [INFO] governor: Governor cycle 226 completed
2026-07-18 15:29:53,272 [INFO] governor: Health: 100% | Cycle: 226
2026-07-18 15:29:53,273 [INFO] governor: Observed screen - nodes: 0
2026-07-18 15:29:54,527 [INFO] governor: System via rish: 15
📋 Enqueued: Process user screen interaction [NORMAL]
⚙️ Executing: Process user screen interaction
✅ Completed: Process user screen interaction
2026-07-18 15:29:54,528 [INFO] governor: Governor cycle 227 completed
2026-07-18 15:29:57,529 [INFO] governor: Health: 100% | Cycle: 227
2026-07-18 15:29:57,530 [INFO] governor: Observed screen - nodes: 0
2026-07-18 15:29:58,824 [INFO] governor: System via rish: 15
📋 Enqueued: Process user screen interaction [NORMAL]
⚙️ Executing: Process user screen interaction
✅ Completed: Process user screen interaction
2026-07-18 15:29:58,825 [INFO] governor: Governor cycle 228 completed
2026-07-18 15:30:01,826 [INFO] governor: Health: 100% | Cycle: 228
2026-07-18 15:30:01,826 [INFO] governor: Observed screen - nodes: 0
2026-07-18 15:30:03,405 [INFO] governor: System via rish: 15
📋 Enqueued: Process user screen interaction [NORMAL]
⚙️ Executing: Process user screen interaction
✅ Completed: Process user screen interaction
2026-07-18 15:30:03,406 [INFO] governor: Governor cycle 229 completed
2026-07-18 15:30:06,406 [INFO] governor: Health: 100% | Cycle: 229
2026-07-18 15:30:06,407 [INFO] governor: Observed screen - nodes: 0
2026-07-18 15:30:08,403 [INFO] governor: System via rish: 15
📋 Enqueued: Analyze screen for UI changes [HIGH]
⚙️ Executing: Analyze screen for UI changes
✅ Completed: Analyze screen for UI changes
2026-07-18 15:30:08,404 [INFO] governor: Governor cycle 230 completed
2026-07-18 15:30:11,405 [INFO] governor: Health: 100% | Cycle: 230
2026-07-18 15:30:11,406 [INFO] governor: Observed screen - nodes: 0
2026-07-18 15:30:12,729 [INFO] governor: System via rish: 15
📋 Enqueued: Process user screen interaction [NORMAL]
⚙️ Executing: Process user screen interaction
✅ Completed: Process user screen interaction
2026-07-18 15:30:12,730 [INFO] governor: Governor cycle 231 completed
2026-07-18 15:30:15,731 [INFO] governor: Health: 100% | Cycle: 231
2026-07-18 15:30:15,731 [INFO] governor: Observed screen - nodes: 0
2026-07-18 15:30:17,042 [INFO] governor: System via rish: 15
📋 Enqueued: Process user screen interaction [NORMAL]
⚙️ Executing: Process user screen interaction
✅ Completed: Process user screen interaction
2026-07-18 15:30:17,043 [INFO] governor: Governor cycle 232 completed
2026-07-18 15:30:20,044 [INFO] governor: Health: 100% | Cycle: 232
2026-07-18 15:30:20,044 [INFO] governor: Observed screen - nodes: 0
2026-07-18 15:30:21,494 [INFO] governor: System via rish: shell
📋 Enqueued: Process user screen interaction [NORMAL]
⚙️ Executing: Process user screen interaction
✅ Completed: Process user screen interaction
2026-07-18 15:30:21,496 [INFO] governor: Governor cycle 233 completed
2026-07-18 15:30:24,497 [INFO] governor: Health: 100% | Cycle: 233
2026-07-18 15:30:24,498 [INFO] governor: Observed screen - nodes: 0
2026-07-18 15:30:25,749 [INFO] governor: System via rish: 15
📋 Enqueued: Process user screen interaction [NORMAL]
⚙️ Executing: Process user screen interaction
✅ Completed: Process user screen interaction
2026-07-18 15:30:25,750 [INFO] governor: Governor cycle 234 completed
2026-07-18 15:30:28,751 [INFO] governor: Health: 100% | Cycle: 234
2026-07-18 15:30:28,751 [INFO] governor: Observed screen - nodes: 0
2026-07-18 15:30:30,106 [INFO] governor: System via rish: shell
📋 Enqueued: Analyze screen for UI changes [HIGH]
⚙️ Executing: Analyze screen for UI changes
✅ Completed: Analyze screen for UI changes
2026-07-18 15:30:30,107 [INFO] governor: Governor cycle 235 completed
2026-07-18 15:30:33,107 [INFO] governor: Health: 100% | Cycle: 235
2026-07-18 15:30:33,108 [INFO] governor: Observed screen - nodes: 0
2026-07-18 15:30:34,341 [INFO] governor: System via rish: 15
📋 Enqueued: Process user screen interaction [NORMAL]
⚙️ Executing: Process user screen interaction
✅ Completed: Process user screen interaction
2026-07-18 15:30:34,342 [INFO] governor: Governor cycle 236 completed
2026-07-18 15:30:37,343 [INFO] governor: Health: 100% | Cycle: 236
2026-07-18 15:30:37,343 [INFO] governor: Observed screen - nodes: 0
2026-07-18 15:30:38,773 [INFO] governor: System via rish: shell
📋 Enqueued: Process user screen interaction [NORMAL]
⚙️ Executing: Process user screen interaction
✅ Completed: Process user screen interaction
2026-07-18 15:30:38,774 [INFO] governor: Governor cycle 237 completed
2026-07-18 15:30:41,775 [INFO] governor: Health: 100% | Cycle: 237
2026-07-18 15:30:41,775 [INFO] governor: Observed screen - nodes: 0
2026-07-18 15:30:43,348 [INFO] governor: System via rish: 15
📋 Enqueued: Process user screen interaction [NORMAL]
⚙️ Executing: Process user screen interaction
✅ Completed: Process user screen interaction
2026-07-18 15:30:43,349 [INFO] governor: Governor cycle 238 completed
2026-07-18 15:30:46,349 [INFO] governor: Health: 100% | Cycle: 238
2026-07-18 15:30:46,350 [INFO] governor: Observed screen - nodes: 0
2026-07-18 15:30:47,896 [INFO] governor: System via rish: shell
📋 Enqueued: Process user screen interaction [NORMAL]
⚙️ Executing: Process user screen interaction
✅ Completed: Process user screen interaction
2026-07-18 15:30:47,897 [INFO] governor: Governor cycle 239 completed
2026-07-18 15:30:50,898 [INFO] governor: Health: 100% | Cycle: 239
2026-07-18 15:30:50,899 [INFO] governor: Observed screen - nodes: 0
2026-07-18 15:30:52,165 [INFO] governor: System via rish: 15
📋 Enqueued: Analyze screen for UI changes [HIGH]
⚙️ Executing: Analyze screen for UI changes
✅ Completed: Analyze screen for UI changes
2026-07-18 15:30:52,166 [INFO] governor: Governor cycle 240 completed
2026-07-18 15:30:55,167 [INFO] governor: Health: 100% | Cycle: 240
2026-07-18 15:30:55,168 [INFO] governor: Observed screen - nodes: 0
2026-07-18 15:30:56,427 [INFO] governor: System via rish: 15
📋 Enqueued: Process user screen interaction [NORMAL]
⚙️ Executing: Process user screen interaction
✅ Completed: Process user screen interaction
2026-07-18 15:30:56,428 [INFO] governor: Governor cycle 241 completed
2026-07-18 15:30:59,429 [INFO] governor: Health: 100% | Cycle: 241
2026-07-18 15:30:59,430 [INFO] governor: Observed screen - nodes: 0
2026-07-18 15:31:02,696 [INFO] governor: System via rish: 15
📋 Enqueued: Process user screen interaction [NORMAL]
⚙️ Executing: Process user screen interaction
✅ Completed: Process user screen interaction
2026-07-18 15:31:02,697 [INFO] governor: Governor cycle 242 completed
2026-07-18 15:31:05,698 [INFO] governor: Health: 100% | Cycle: 242
2026-07-18 15:31:05,698 [INFO] governor: Observed screen - nodes: 0
2026-07-18 15:31:08,656 [INFO] governor: System via rish: 15
📋 Enqueued: Process user screen interaction [NORMAL]
⚙️ Executing: Process user screen interaction
✅ Completed: Process user screen interaction
2026-07-18 15:31:08,657 [INFO] governor: Governor cycle 243 completed
2026-07-18 15:31:11,658 [INFO] governor: Health: 100% | Cycle: 243
2026-07-18 15:31:11,658 [INFO] governor: Observed screen - nodes: 0
2026-07-18 15:31:13,818 [INFO] governor: System via rish: shell
📋 Enqueued: Process user screen interaction [NORMAL]
⚙️ Executing: Process user screen interaction
✅ Completed: Process user screen interaction
2026-07-18 15:31:13,819 [INFO] governor: Governor cycle 244 completed
2026-07-18 15:31:16,820 [INFO] governor: Health: 100% | Cycle: 244
2026-07-18 15:31:16,820 [INFO] governor: Observed screen - nodes: 0
2026-07-18 15:31:18,894 [INFO] governor: System via rish: 15
📋 Enqueued: Analyze screen for UI changes [HIGH]
⚙️ Executing: Analyze screen for UI changes
✅ Completed: Analyze screen for UI changes
2026-07-18 15:31:18,896 [INFO] governor: Governor cycle 245 completed
2026-07-18 15:31:21,897 [INFO] governor: Health: 100% | Cycle: 245
2026-07-18 15:31:21,898 [INFO] governor: Observed screen - nodes: 0
2026-07-18 15:31:23,536 [INFO] governor: System via rish: 15
📋 Enqueued: Process user screen interaction [NORMAL]
⚙️ Executing: Process user screen interaction
✅ Completed: Process user screen interaction
2026-07-18 15:31:23,537 [INFO] governor: Governor cycle 246 completed
2026-07-18 15:31:26,538 [INFO] governor: Health: 100% | Cycle: 246
2026-07-18 15:31:26,538 [INFO] governor: Observed screen - nodes: 0
2026-07-18 15:31:28,027 [INFO] governor: System via rish: 15
📋 Enqueued: Process user screen interaction [NORMAL]
⚙️ Executing: Process user screen interaction
✅ Completed: Process user screen interaction
2026-07-18 15:31:28,028 [INFO] governor: Governor cycle 247 completed
2026-07-18 15:31:31,029 [INFO] governor: Health: 100% | Cycle: 247
2026-07-18 15:31:31,030 [INFO] governor: Observed screen - nodes: 0
2026-07-18 15:31:32,291 [INFO] governor: System via rish: shell
📋 Enqueued: Process user screen interaction [NORMAL]
⚙️ Executing: Process user screen interaction
✅ Completed: Process user screen interaction
2026-07-18 15:31:32,291 [INFO] governor: Governor cycle 248 completed
2026-07-18 15:31:35,292 [INFO] governor: Health: 100% | Cycle: 248
2026-07-18 15:31:35,293 [INFO] governor: Observed screen - nodes: 0
2026-07-18 15:31:36,734 [INFO] governor: System via rish: shell
📋 Enqueued: Process user screen interaction [NORMAL]
⚙️ Executing: Process user screen interaction
✅ Completed: Process user screen interaction
2026-07-18 15:31:36,735 [INFO] governor: Governor cycle 249 completed
2026-07-18 15:31:39,736 [INFO] governor: Health: 100% | Cycle: 249
2026-07-18 15:31:39,737 [INFO] governor: Observed screen - nodes: 0
2026-07-18 15:31:43,711 [INFO] governor: System via rish: 15
📋 Enqueued: Analyze screen for UI changes [HIGH]
⚙️ Executing: Analyze screen for UI changes
✅ Completed: Analyze screen for UI changes
2026-07-18 15:31:43,715 [INFO] governor: Governor cycle 250 completed
2026-07-18 15:31:46,715 [INFO] governor: Health: 100% | Cycle: 250
2026-07-18 15:31:46,716 [INFO] governor: Observed screen - nodes: 0
2026-07-18 15:31:48,034 [INFO] governor: System via rish: 15
📋 Enqueued: Process user screen interaction [NORMAL]
⚙️ Executing: Process user screen interaction
✅ Completed: Process user screen interaction
2026-07-18 15:31:48,034 [INFO] governor: Governor cycle 251 completed
2026-07-18 15:31:51,036 [INFO] governor: Health: 100% | Cycle: 251
2026-07-18 15:31:51,037 [INFO] governor: Observed screen - nodes: 0
2026-07-18 15:31:52,948 [INFO] governor: System via rish: 15
📋 Enqueued: Process user screen interaction [NORMAL]
⚙️ Executing: Process user screen interaction
✅ Completed: Process user screen interaction
2026-07-18 15:31:52,949 [INFO] governor: Governor cycle 252 completed
2026-07-18 15:31:55,950 [INFO] governor: Health: 100% | Cycle: 252
2026-07-18 15:31:55,951 [INFO] governor: Observed screen - nodes: 0
2026-07-18 15:31:57,436 [INFO] governor: System via rish: 15
📋 Enqueued: Process user screen interaction [NORMAL]
⚙️ Executing: Process user screen interaction
✅ Completed: Process user screen interaction
2026-07-18 15:31:57,437 [INFO] governor: Governor cycle 253 completed
2026-07-18 15:32:00,438 [INFO] governor: Health: 100% | Cycle: 253
2026-07-18 15:32:00,439 [INFO] governor: Observed screen - nodes: 0
2026-07-18 15:32:02,226 [INFO] governor: System via rish: 15
📋 Enqueued: Process user screen interaction [NORMAL]
⚙️ Executing: Process user screen interaction
✅ Completed: Process user screen interaction
2026-07-18 15:32:02,227 [INFO] governor: Governor cycle 254 completed
2026-07-18 15:32:05,228 [INFO] governor: Health: 100% | Cycle: 254
2026-07-18 15:32:05,229 [INFO] governor: Observed screen - nodes: 0
2026-07-18 15:32:07,377 [INFO] governor: System via rish: shell
📋 Enqueued: Analyze screen for UI changes [HIGH]
⚙️ Executing: Analyze screen for UI changes
✅ Completed: Analyze screen for UI changes
2026-07-18 15:32:07,378 [INFO] governor: Governor cycle 255 completed
2026-07-18 15:32:10,378 [INFO] governor: Health: 100% | Cycle: 255
2026-07-18 15:32:10,379 [INFO] governor: Observed screen - nodes: 0
2026-07-18 15:32:13,183 [INFO] governor: System via rish: 15
📋 Enqueued: Process user screen interaction [NORMAL]
⚙️ Executing: Process user screen interaction
✅ Completed: Process user screen interaction
2026-07-18 15:32:13,184 [INFO] governor: Governor cycle 256 completed
2026-07-18 15:32:16,185 [INFO] governor: Health: 100% | Cycle: 256
2026-07-18 15:32:16,185 [INFO] governor: Observed screen - nodes: 0
2026-07-18 15:32:18,916 [INFO] governor: System via rish: shell
📋 Enqueued: Process user screen interaction [NORMAL]
⚙️ Executing: Process user screen interaction
✅ Completed: Process user screen interaction
2026-07-18 15:32:18,917 [INFO] governor: Governor cycle 257 completed
2026-07-18 15:32:21,918 [INFO] governor: Health: 100% | Cycle: 257
2026-07-18 15:32:21,919 [INFO] governor: Observed screen - nodes: 0
2026-07-18 15:32:23,890 [INFO] governor: System via rish: shell
📋 Enqueued: Process user screen interaction [NORMAL]
⚙️ Executing: Process user screen interaction
✅ Completed: Process user screen interaction
2026-07-18 15:32:23,891 [INFO] governor: Governor cycle 258 completed
2026-07-18 15:32:26,892 [INFO] governor: Health: 100% | Cycle: 258
2026-07-18 15:32:26,892 [INFO] governor: Observed screen - nodes: 0
2026-07-18 15:32:29,926 [INFO] governor: System via rish: shell
📋 Enqueued: Process user screen interaction [NORMAL]
⚙️ Executing: Process user screen interaction
✅ Completed: Process user screen interaction
2026-07-18 15:32:29,926 [INFO] governor: Governor cycle 259 completed
2026-07-18 15:32:32,927 [INFO] governor: Health: 100% | Cycle: 259
2026-07-18 15:32:32,928 [INFO] governor: Observed screen - nodes: 0
2026-07-18 15:32:35,304 [INFO] governor: System via rish: 15
📋 Enqueued: Analyze screen for UI changes [HIGH]
⚙️ Executing: Analyze screen for UI changes
✅ Completed: Analyze screen for UI changes
2026-07-18 15:32:35,306 [INFO] governor: Governor cycle 260 completed
2026-07-18 15:32:38,308 [INFO] governor: Health: 100% | Cycle: 260
2026-07-18 15:32:38,316 [INFO] governor: Observed screen - nodes: 0
2026-07-18 15:32:43,397 [INFO] governor: System via rish: 15
📋 Enqueued: Process user screen interaction [NORMAL]
⚙️ Executing: Process user screen interaction
✅ Completed: Process user screen interaction
2026-07-18 15:32:43,398 [INFO] governor: Governor cycle 261 completed
2026-07-18 15:32:46,399 [INFO] governor: Health: 100% | Cycle: 261
2026-07-18 15:32:46,400 [INFO] governor: Observed screen - nodes: 0
2026-07-18 15:32:49,030 [INFO] governor: System via rish: 15
📋 Enqueued: Process user screen interaction [NORMAL]
⚙️ Executing: Process user screen interaction
✅ Completed: Process user screen interaction
2026-07-18 15:32:49,031 [INFO] governor: Governor cycle 262 completed
2026-07-18 15:32:52,032 [INFO] governor: Health: 100% | Cycle: 262
2026-07-18 15:32:52,033 [INFO] governor: Observed screen - nodes: 0
2026-07-18 15:32:53,850 [INFO] governor: System via rish: 15
📋 Enqueued: Process user screen interaction [NORMAL]
⚙️ Executing: Process user screen interaction
✅ Completed: Process user screen interaction
2026-07-18 15:32:53,851 [INFO] governor: Governor cycle 263 completed
2026-07-18 15:32:56,853 [INFO] governor: Health: 100% | Cycle: 263
2026-07-18 15:32:56,854 [INFO] governor: Observed screen - nodes: 0
2026-07-18 15:32:59,970 [INFO] governor: System via rish: 15
📋 Enqueued: Process user screen interaction [NORMAL]
⚙️ Executing: Process user screen interaction
✅ Completed: Process user screen interaction
2026-07-18 15:32:59,972 [INFO] governor: Governor cycle 264 completed
2026-07-18 15:33:02,972 [INFO] governor: Health: 100% | Cycle: 264
2026-07-18 15:33:02,973 [INFO] governor: Observed screen - nodes: 0
2026-07-18 15:33:06,219 [INFO] governor: System via rish: 15
📋 Enqueued: Analyze screen for UI changes [HIGH]
⚙️ Executing: Analyze screen for UI changes
✅ Completed: Analyze screen for UI changes
2026-07-18 15:33:06,220 [INFO] governor: Governor cycle 265 completed
2026-07-18 15:33:09,221 [INFO] governor: Health: 100% | Cycle: 265
2026-07-18 15:33:09,222 [INFO] governor: Observed screen - nodes: 0
2026-07-18 15:33:13,460 [INFO] governor: System via rish: 15
📋 Enqueued: Process user screen interaction [NORMAL]
⚙️ Executing: Process user screen interaction
✅ Completed: Process user screen interaction
2026-07-18 15:33:13,463 [INFO] governor: Governor cycle 266 completed
2026-07-18 15:33:16,464 [INFO] governor: Health: 100% | Cycle: 266
2026-07-18 15:33:16,465 [INFO] governor: Observed screen - nodes: 0
2026-07-18 15:33:20,434 [INFO] governor: System via rish: shell
📋 Enqueued: Process user screen interaction [NORMAL]
⚙️ Executing: Process user screen interaction
✅ Completed: Process user screen interaction
2026-07-18 15:33:20,435 [INFO] governor: Governor cycle 267 completed
2026-07-18 15:33:23,436 [INFO] governor: Health: 100% | Cycle: 267
2026-07-18 15:33:23,436 [INFO] governor: Observed screen - nodes: 0
2026-07-18 15:33:27,513 [INFO] governor: System via rish: 15
📋 Enqueued: Process user screen interaction [NORMAL]
⚙️ Executing: Process user screen interaction
✅ Completed: Process user screen interaction
2026-07-18 15:33:27,514 [INFO] governor: Governor cycle 268 completed
2026-07-18 15:33:30,515 [INFO] governor: Health: 100% | Cycle: 268
2026-07-18 15:33:30,516 [INFO] governor: Observed screen - nodes: 0
2026-07-18 15:33:33,855 [INFO] governor: System via rish: 15
📋 Enqueued: Process user screen interaction [NORMAL]
⚙️ Executing: Process user screen interaction
✅ Completed: Process user screen interaction
2026-07-18 15:33:33,857 [INFO] governor: Governor cycle 269 completed
2026-07-18 15:33:36,858 [INFO] governor: Health: 100% | Cycle: 269
2026-07-18 15:33:36,859 [INFO] governor: Observed screen - nodes: 0
2026-07-18 15:33:40,007 [INFO] governor: System via rish: 15
📋 Enqueued: Analyze screen for UI changes [HIGH]
⚙️ Executing: Analyze screen for UI changes
✅ Completed: Analyze screen for UI changes
2026-07-18 15:33:40,008 [INFO] governor: Governor cycle 270 completed
2026-07-18 15:33:43,009 [INFO] governor: Health: 100% | Cycle: 270
2026-07-18 15:33:43,009 [INFO] governor: Observed screen - nodes: 0
2026-07-18 15:33:44,968 [INFO] governor: System via rish: 15
📋 Enqueued: Process user screen interaction [NORMAL]
⚙️ Executing: Process user screen interaction
✅ Completed: Process user screen interaction
2026-07-18 15:33:44,968 [INFO] governor: Governor cycle 271 completed
2026-07-18 15:33:47,969 [INFO] governor: Health: 100% | Cycle: 271
2026-07-18 15:33:47,970 [INFO] governor: Observed screen - nodes: 0
2026-07-18 15:33:50,758 [INFO] governor: System via rish: shell
📋 Enqueued: Process user screen interaction [NORMAL]
⚙️ Executing: Process user screen interaction
✅ Completed: Process user screen interaction
2026-07-18 15:33:50,759 [INFO] governor: Governor cycle 272 completed
2026-07-18 15:33:53,760 [INFO] governor: Health: 100% | Cycle: 272
2026-07-18 15:33:53,761 [INFO] governor: Observed screen - nodes: 0
2026-07-18 15:33:56,393 [INFO] governor: System via rish: 15
📋 Enqueued: Process user screen interaction [NORMAL]
⚙️ Executing: Process user screen interaction
✅ Completed: Process user screen interaction
2026-07-18 15:33:56,394 [INFO] governor: Governor cycle 273 completed
2026-07-18 15:33:59,395 [INFO] governor: Health: 100% | Cycle: 273
2026-07-18 15:33:59,396 [INFO] governor: Observed screen - nodes: 0
2026-07-18 15:34:04,696 [INFO] governor: System via rish: shell
📋 Enqueued: Process user screen interaction [NORMAL]
⚙️ Executing: Process user screen interaction
✅ Completed: Process user screen interaction
2026-07-18 15:34:04,698 [INFO] governor: Governor cycle 274 completed
2026-07-18 15:34:07,700 [INFO] governor: Health: 100% | Cycle: 274
2026-07-18 15:34:07,701 [INFO] governor: Observed screen - nodes: 0
2026-07-18 15:34:11,788 [INFO] governor: System via rish: 
📋 Enqueued: Analyze screen for UI changes [HIGH]
⚙️ Executing: Analyze screen for UI changes
✅ Completed: Analyze screen for UI changes
2026-07-18 15:34:11,792 [INFO] governor: Governor cycle 275 completed
2026-07-18 15:34:14,794 [INFO] governor: Health: 100% | Cycle: 275
2026-07-18 15:34:14,795 [INFO] governor: Observed screen - nodes: 0
2026-07-18 15:34:19,025 [INFO] governor: System via rish: 15
📋 Enqueued: Process user screen interaction [NORMAL]
⚙️ Executing: Process user screen interaction
✅ Completed: Process user screen interaction
2026-07-18 15:34:19,026 [INFO] governor: Governor cycle 276 completed
2026-07-18 15:34:22,027 [INFO] governor: Health: 100% | Cycle: 276
2026-07-18 15:34:22,029 [INFO] governor: Observed screen - nodes: 0
2026-07-18 15:34:26,169 [INFO] governor: System via rish: 15
📋 Enqueued: Process user screen interaction [NORMAL]
⚙️ Executing: Process user screen interaction
✅ Completed: Process user screen interaction
2026-07-18 15:34:26,172 [INFO] governor: Governor cycle 277 completed
2026-07-18 15:34:29,174 [INFO] governor: Health: 100% | Cycle: 277
2026-07-18 15:34:29,174 [INFO] governor: Observed screen - nodes: 0
2026-07-18 15:34:32,622 [INFO] governor: System via rish: 15
📋 Enqueued: Process user screen interaction [NORMAL]
⚙️ Executing: Process user screen interaction
✅ Completed: Process user screen interaction
2026-07-18 15:34:32,624 [INFO] governor: Governor cycle 278 completed
2026-07-18 15:34:35,624 [INFO] governor: Health: 100% | Cycle: 278
2026-07-18 15:34:35,625 [INFO] governor: Observed screen - nodes: 0
2026-07-18 15:34:37,760 [INFO] governor: System via rish: shell
📋 Enqueued: Process user screen interaction [NORMAL]
⚙️ Executing: Process user screen interaction
✅ Completed: Process user screen interaction
2026-07-18 15:34:37,761 [INFO] governor: Governor cycle 279 completed
2026-07-18 15:34:40,762 [INFO] governor: Health: 100% | Cycle: 279
2026-07-18 15:34:40,763 [INFO] governor: Observed screen - nodes: 0
2026-07-18 15:34:43,746 [INFO] governor: System via rish: shell
📋 Enqueued: Analyze screen for UI changes [HIGH]
⚙️ Executing: Analyze screen for UI changes
✅ Completed: Analyze screen for UI changes
2026-07-18 15:34:43,748 [INFO] governor: Governor cycle 280 completed
2026-07-18 15:34:46,749 [INFO] governor: Health: 100% | Cycle: 280
2026-07-18 15:34:46,750 [INFO] governor: Observed screen - nodes: 0
2026-07-18 15:34:51,044 [INFO] governor: System via rish: shell
📋 Enqueued: Process user screen interaction [NORMAL]
⚙️ Executing: Process user screen interaction
✅ Completed: Process user screen interaction
2026-07-18 15:34:51,047 [INFO] governor: Governor cycle 281 completed
2026-07-18 15:34:54,049 [INFO] governor: Health: 100% | Cycle: 281
2026-07-18 15:34:54,050 [INFO] governor: Observed screen - nodes: 0
2026-07-18 15:34:58,988 [INFO] governor: System via rish: shell
📋 Enqueued: Process user screen interaction [NORMAL]
⚙️ Executing: Process user screen interaction
✅ Completed: Process user screen interaction
2026-07-18 15:34:58,990 [INFO] governor: Governor cycle 282 completed
2026-07-18 15:35:01,991 [INFO] governor: Health: 100% | Cycle: 282
2026-07-18 15:35:01,992 [INFO] governor: Observed screen - nodes: 0
2026-07-18 15:35:04,661 [INFO] governor: System via rish: 15
📋 Enqueued: Process user screen interaction [NORMAL]
⚙️ Executing: Process user screen interaction
✅ Completed: Process user screen interaction
2026-07-18 15:35:04,663 [INFO] governor: Governor cycle 283 completed
2026-07-18 15:35:07,664 [INFO] governor: Health: 100% | Cycle: 283
2026-07-18 15:35:07,664 [INFO] governor: Observed screen - nodes: 0
2026-07-18 15:35:10,404 [INFO] governor: System via rish: shell
📋 Enqueued: Process user screen interaction [NORMAL]
⚙️ Executing: Process user screen interaction
✅ Completed: Process user screen interaction
2026-07-18 15:35:10,405 [INFO] governor: Governor cycle 284 completed
2026-07-18 15:35:13,406 [INFO] governor: Health: 100% | Cycle: 284
2026-07-18 15:35:13,408 [INFO] governor: Observed screen - nodes: 0
2026-07-18 15:35:15,601 [INFO] governor: System via rish: shell
📋 Enqueued: Analyze screen for UI changes [HIGH]
⚙️ Executing: Analyze screen for UI changes
✅ Completed: Analyze screen for UI changes
2026-07-18 15:35:15,602 [INFO] governor: Governor cycle 285 completed
2026-07-18 15:35:18,604 [INFO] governor: Health: 100% | Cycle: 285
2026-07-18 15:35:18,605 [INFO] governor: Observed screen - nodes: 0
2026-07-18 15:35:20,651 [INFO] governor: System via rish: shell
📋 Enqueued: Process user screen interaction [NORMAL]
⚙️ Executing: Process user screen interaction
✅ Completed: Process user screen interaction
2026-07-18 15:35:20,653 [INFO] governor: Governor cycle 286 completed
2026-07-18 15:35:23,653 [INFO] governor: Health: 100% | Cycle: 286
2026-07-18 15:35:23,654 [INFO] governor: Observed screen - nodes: 0
2026-07-18 15:35:26,305 [INFO] governor: System via rish: 15
📋 Enqueued: Process user screen interaction [NORMAL]
⚙️ Executing: Process user screen interaction
✅ Completed: Process user screen interaction
2026-07-18 15:35:26,306 [INFO] governor: Governor cycle 287 completed
2026-07-18 15:35:29,307 [INFO] governor: Health: 100% | Cycle: 287
2026-07-18 15:35:29,307 [INFO] governor: Observed screen - nodes: 0
2026-07-18 15:35:32,233 [INFO] governor: System via rish: 15
📋 Enqueued: Process user screen interaction [NORMAL]
⚙️ Executing: Process user screen interaction
✅ Completed: Process user screen interaction
2026-07-18 15:35:32,237 [INFO] governor: Governor cycle 288 completed
2026-07-18 15:35:35,238 [INFO] governor: Health: 100% | Cycle: 288
2026-07-18 15:35:35,238 [INFO] governor: Observed screen - nodes: 0
2026-07-18 15:35:37,813 [INFO] governor: System via rish: shell
📋 Enqueued: Process user screen interaction [NORMAL]
⚙️ Executing: Process user screen interaction
✅ Completed: Process user screen interaction
2026-07-18 15:35:37,813 [INFO] governor: Governor cycle 289 completed
2026-07-18 15:35:40,814 [INFO] governor: Health: 100% | Cycle: 289
2026-07-18 15:35:40,814 [INFO] governor: Observed screen - nodes: 0
2026-07-18 15:35:44,255 [INFO] governor: System via rish: 15
📋 Enqueued: Analyze screen for UI changes [HIGH]
⚙️ Executing: Analyze screen for UI changes
✅ Completed: Analyze screen for UI changes
2026-07-18 15:35:44,256 [INFO] governor: Governor cycle 290 completed
2026-07-18 15:35:47,260 [INFO] governor: Health: 100% | Cycle: 290
2026-07-18 15:35:47,261 [INFO] governor: Observed screen - nodes: 0
2026-07-18 15:35:51,458 [INFO] governor: System via rish: 15
📋 Enqueued: Process user screen interaction [NORMAL]
⚙️ Executing: Process user screen interaction
✅ Completed: Process user screen interaction
2026-07-18 15:35:51,463 [INFO] governor: Governor cycle 291 completed
2026-07-18 15:35:54,463 [INFO] governor: Health: 100% | Cycle: 291
2026-07-18 15:35:54,464 [INFO] governor: Observed screen - nodes: 0
2026-07-18 15:35:58,526 [INFO] governor: System via rish: 15
📋 Enqueued: Process user screen interaction [NORMAL]
⚙️ Executing: Process user screen interaction
✅ Completed: Process user screen interaction
2026-07-18 15:35:58,527 [INFO] governor: Governor cycle 292 completed
2026-07-18 15:36:01,528 [INFO] governor: Health: 100% | Cycle: 292
2026-07-18 15:36:01,530 [INFO] governor: Observed screen - nodes: 0
2026-07-18 15:36:03,557 [INFO] governor: System via rish: 15
📋 Enqueued: Process user screen interaction [NORMAL]
⚙️ Executing: Process user screen interaction
✅ Completed: Process user screen interaction
2026-07-18 15:36:03,557 [INFO] governor: Governor cycle 293 completed
2026-07-18 15:36:06,558 [INFO] governor: Health: 100% | Cycle: 293
2026-07-18 15:36:06,559 [INFO] governor: Observed screen - nodes: 0
2026-07-18 15:36:09,418 [INFO] governor: System via rish: 15
📋 Enqueued: Process user screen interaction [NORMAL]
⚙️ Executing: Process user screen interaction
✅ Completed: Process user screen interaction
2026-07-18 15:36:09,420 [INFO] governor: Governor cycle 294 completed
2026-07-18 15:36:12,420 [INFO] governor: Health: 100% | Cycle: 294
2026-07-18 15:36:12,421 [INFO] governor: Observed screen - nodes: 0
2026-07-18 15:36:14,960 [INFO] governor: System via rish: 15
📋 Enqueued: Analyze screen for UI changes [HIGH]
⚙️ Executing: Analyze screen for UI changes
✅ Completed: Analyze screen for UI changes
2026-07-18 15:36:14,961 [INFO] governor: Governor cycle 295 completed
2026-07-18 15:36:17,962 [INFO] governor: Health: 100% | Cycle: 295
2026-07-18 15:36:17,963 [INFO] governor: Observed screen - nodes: 0
2026-07-18 15:36:19,904 [INFO] governor: System via rish: 15
📋 Enqueued: Process user screen interaction [NORMAL]
⚙️ Executing: Process user screen interaction
✅ Completed: Process user screen interaction
2026-07-18 15:36:19,905 [INFO] governor: Governor cycle 296 completed
2026-07-18 15:36:22,906 [INFO] governor: Health: 100% | Cycle: 296
2026-07-18 15:36:22,907 [INFO] governor: Observed screen - nodes: 0
2026-07-18 15:36:25,347 [INFO] governor: System via rish: 15
📋 Enqueued: Process user screen interaction [NORMAL]
⚙️ Executing: Process user screen interaction
✅ Completed: Process user screen interaction
2026-07-18 15:36:25,348 [INFO] governor: Governor cycle 297 completed
2026-07-18 15:36:28,349 [INFO] governor: Health: 100% | Cycle: 297
2026-07-18 15:36:28,350 [INFO] governor: Observed screen - nodes: 0
2026-07-18 15:36:30,630 [INFO] governor: System via rish: shell
📋 Enqueued: Process user screen interaction [NORMAL]
⚙️ Executing: Process user screen interaction
✅ Completed: Process user screen interaction
2026-07-18 15:36:30,631 [INFO] governor: Governor cycle 298 completed
2026-07-18 15:36:33,633 [INFO] governor: Health: 100% | Cycle: 298
2026-07-18 15:36:33,633 [INFO] governor: Observed screen - nodes: 0
2026-07-18 15:36:35,402 [INFO] governor: System via rish: 15
📋 Enqueued: Process user screen interaction [NORMAL]
⚙️ Executing: Process user screen interaction
✅ Completed: Process user screen interaction
2026-07-18 15:36:35,402 [INFO] governor: Governor cycle 299 completed
2026-07-18 15:36:38,402 [INFO] governor: Health: 100% | Cycle: 299
2026-07-18 15:36:38,403 [INFO] governor: Observed screen - nodes: 0
2026-07-18 15:36:39,946 [INFO] governor: System via rish: shell
📋 Enqueued: Analyze screen for UI changes [HIGH]
⚙️ Executing: Analyze screen for UI changes
✅ Completed: Analyze screen for UI changes
2026-07-18 15:36:39,947 [INFO] governor: Governor cycle 300 completed
2026-07-18 15:36:42,948 [INFO] governor: Health: 100% | Cycle: 300
2026-07-18 15:36:42,948 [INFO] governor: Observed screen - nodes: 0
2026-07-18 15:36:44,496 [INFO] governor: System via rish: 15
📋 Enqueued: Process user screen interaction [NORMAL]
⚙️ Executing: Process user screen interaction
✅ Completed: Process user screen interaction
2026-07-18 15:36:44,496 [INFO] governor: Governor cycle 301 completed
2026-07-18 15:36:47,497 [INFO] governor: Health: 100% | Cycle: 301
2026-07-18 15:36:47,498 [INFO] governor: Observed screen - nodes: 0
2026-07-18 15:36:48,992 [INFO] governor: System via rish: 15
📋 Enqueued: Process user screen interaction [NORMAL]
⚙️ Executing: Process user screen interaction
✅ Completed: Process user screen interaction
2026-07-18 15:36:48,993 [INFO] governor: Governor cycle 302 completed
2026-07-18 15:36:51,994 [INFO] governor: Health: 100% | Cycle: 302
2026-07-18 15:36:51,994 [INFO] governor: Observed screen - nodes: 0
2026-07-18 15:36:55,255 [INFO] governor: System via rish: 15
📋 Enqueued: Process user screen interaction [NORMAL]
⚙️ Executing: Process user screen interaction
✅ Completed: Process user screen interaction
2026-07-18 15:36:55,259 [INFO] governor: Governor cycle 303 completed
2026-07-18 15:36:58,260 [INFO] governor: Health: 100% | Cycle: 303
2026-07-18 15:36:58,260 [INFO] governor: Observed screen - nodes: 0
2026-07-18 15:37:00,980 [INFO] governor: System via rish: 15
shell
📋 Enqueued: Process user screen interaction [NORMAL]
⚙️ Executing: Process user screen interaction
✅ Completed: Process user screen interaction
2026-07-18 15:37:00,980 [INFO] governor: Governor cycle 304 completed
2026-07-18 15:37:03,981 [INFO] governor: Health: 100% | Cycle: 304
2026-07-18 15:37:03,981 [INFO] governor: Observed screen - nodes: 0
2026-07-18 15:37:06,503 [INFO] governor: System via rish: 15
📋 Enqueued: Analyze screen for UI changes [HIGH]
⚙️ Executing: Analyze screen for UI changes
✅ Completed: Analyze screen for UI changes
2026-07-18 15:37:06,504 [INFO] governor: Governor cycle 305 completed
2026-07-18 15:37:09,505 [INFO] governor: Health: 100% | Cycle: 305
2026-07-18 15:37:09,505 [INFO] governor: Observed screen - nodes: 0
2026-07-18 15:37:12,207 [INFO] governor: System via rish: 15
📋 Enqueued: Process user screen interaction [NORMAL]
⚙️ Executing: Process user screen interaction
✅ Completed: Process user screen interaction
2026-07-18 15:37:12,207 [INFO] governor: Governor cycle 306 completed
2026-07-18 15:37:15,208 [INFO] governor: Health: 100% | Cycle: 306
2026-07-18 15:37:15,209 [INFO] governor: Observed screen - nodes: 0
2026-07-18 15:37:17,338 [INFO] governor: System via rish: 15
📋 Enqueued: Process user screen interaction [NORMAL]
⚙️ Executing: Process user screen interaction
✅ Completed: Process user screen interaction
2026-07-18 15:37:17,339 [INFO] governor: Governor cycle 307 completed
2026-07-18 15:37:20,341 [INFO] governor: Health: 100% | Cycle: 307
2026-07-18 15:37:20,342 [INFO] governor: Observed screen - nodes: 0
2026-07-18 15:37:22,343 [INFO] governor: System via rish: 15
📋 Enqueued: Process user screen interaction [NORMAL]
⚙️ Executing: Process user screen interaction
✅ Completed: Process user screen interaction
2026-07-18 15:37:22,344 [INFO] governor: Governor cycle 308 completed
2026-07-18 15:37:25,344 [INFO] governor: Health: 100% | Cycle: 308
2026-07-18 15:37:25,345 [INFO] governor: Observed screen - nodes: 0
2026-07-18 15:37:27,065 [INFO] governor: System via rish: 15
📋 Enqueued: Process user screen interaction [NORMAL]
⚙️ Executing: Process user screen interaction
✅ Completed: Process user screen interaction
2026-07-18 15:37:27,066 [INFO] governor: Governor cycle 309 completed
2026-07-18 15:37:30,067 [INFO] governor: Health: 100% | Cycle: 309
2026-07-18 15:37:30,067 [INFO] governor: Observed screen - nodes: 0
2026-07-18 15:37:32,592 [INFO] governor: System via rish: 15
📋 Enqueued: Analyze screen for UI changes [HIGH]
⚙️ Executing: Analyze screen for UI changes
✅ Completed: Analyze screen for UI changes
2026-07-18 15:37:32,593 [INFO] governor: Governor cycle 310 completed
2026-07-18 15:37:35,594 [INFO] governor: Health: 100% | Cycle: 310
2026-07-18 15:37:35,594 [INFO] governor: Observed screen - nodes: 0
2026-07-18 15:37:37,078 [INFO] governor: System via rish: 15
📋 Enqueued: Process user screen interaction [NORMAL]
⚙️ Executing: Process user screen interaction
✅ Completed: Process user screen interaction
2026-07-18 15:37:37,079 [INFO] governor: Governor cycle 311 completed
2026-07-18 15:37:40,080 [INFO] governor: Health: 100% | Cycle: 311
2026-07-18 15:37:40,081 [INFO] governor: Observed screen - nodes: 0
2026-07-18 15:37:41,428 [INFO] governor: System via rish: shell
📋 Enqueued: Process user screen interaction [NORMAL]
⚙️ Executing: Process user screen interaction
✅ Completed: Process user screen interaction
2026-07-18 15:37:41,429 [INFO] governor: Governor cycle 312 completed
2026-07-18 15:37:44,430 [INFO] governor: Health: 100% | Cycle: 312
2026-07-18 15:37:44,431 [INFO] governor: Observed screen - nodes: 0
2026-07-18 15:37:45,685 [INFO] governor: System via rish: 15
📋 Enqueued: Process user screen interaction [NORMAL]
⚙️ Executing: Process user screen interaction
✅ Completed: Process user screen interaction
2026-07-18 15:37:45,686 [INFO] governor: Governor cycle 313 completed
2026-07-18 15:37:48,688 [INFO] governor: Health: 100% | Cycle: 313
2026-07-18 15:37:48,689 [INFO] governor: Observed screen - nodes: 0
2026-07-18 15:37:50,131 [INFO] governor: System via rish: 15
📋 Enqueued: Process user screen interaction [NORMAL]
⚙️ Executing: Process user screen interaction
✅ Completed: Process user screen interaction
2026-07-18 15:37:50,131 [INFO] governor: Governor cycle 314 completed
2026-07-18 15:37:53,132 [INFO] governor: Health: 100% | Cycle: 314
2026-07-18 15:37:53,133 [INFO] governor: Observed screen - nodes: 0
2026-07-18 15:37:54,972 [INFO] governor: System via rish: 15
📋 Enqueued: Analyze screen for UI changes [HIGH]
⚙️ Executing: Analyze screen for UI changes
✅ Completed: Analyze screen for UI changes
2026-07-18 15:37:54,973 [INFO] governor: Governor cycle 315 completed
2026-07-18 15:37:57,974 [INFO] governor: Health: 100% | Cycle: 315
2026-07-18 15:37:57,975 [INFO] governor: Observed screen - nodes: 0
2026-07-18 15:37:59,364 [INFO] governor: System via rish: 15
📋 Enqueued: Process user screen interaction [NORMAL]
⚙️ Executing: Process user screen interaction
✅ Completed: Process user screen interaction
2026-07-18 15:37:59,365 [INFO] governor: Governor cycle 316 completed
2026-07-18 15:38:02,366 [INFO] governor: Health: 100% | Cycle: 316
2026-07-18 15:38:02,367 [INFO] governor: Observed screen - nodes: 0
2026-07-18 15:38:03,701 [INFO] governor: System via rish: 15
📋 Enqueued: Process user screen interaction [NORMAL]
⚙️ Executing: Process user screen interaction
✅ Completed: Process user screen interaction
2026-07-18 15:38:03,703 [INFO] governor: Governor cycle 317 completed
2026-07-18 15:38:06,704 [INFO] governor: Health: 100% | Cycle: 317
2026-07-18 15:38:06,704 [INFO] governor: Observed screen - nodes: 0
2026-07-18 15:38:08,434 [INFO] governor: System via rish: 15
📋 Enqueued: Process user screen interaction [NORMAL]
⚙️ Executing: Process user screen interaction
✅ Completed: Process user screen interaction
2026-07-18 15:38:08,435 [INFO] governor: Governor cycle 318 completed
2026-07-18 15:38:11,436 [INFO] governor: Health: 100% | Cycle: 318
2026-07-18 15:38:11,437 [INFO] governor: Observed screen - nodes: 0
2026-07-18 15:38:13,551 [INFO] governor: System via rish: shell
📋 Enqueued: Process user screen interaction [NORMAL]
⚙️ Executing: Process user screen interaction
✅ Completed: Process user screen interaction
2026-07-18 15:38:13,552 [INFO] governor: Governor cycle 319 completed
2026-07-18 15:38:16,553 [INFO] governor: Health: 100% | Cycle: 319
2026-07-18 15:38:16,554 [INFO] governor: Observed screen - nodes: 0
2026-07-18 15:38:17,833 [INFO] governor: System via rish: 15
📋 Enqueued: Analyze screen for UI changes [HIGH]
⚙️ Executing: Analyze screen for UI changes
✅ Completed: Analyze screen for UI changes
2026-07-18 15:38:17,834 [INFO] governor: Governor cycle 320 completed
2026-07-18 15:38:20,835 [INFO] governor: Health: 100% | Cycle: 320
2026-07-18 15:38:20,836 [INFO] governor: Observed screen - nodes: 0
2026-07-18 15:38:22,072 [INFO] governor: System via rish: shell
📋 Enqueued: Process user screen interaction [NORMAL]
⚙️ Executing: Process user screen interaction
✅ Completed: Process user screen interaction
2026-07-18 15:38:22,073 [INFO] governor: Governor cycle 321 completed
2026-07-18 15:38:25,074 [INFO] governor: Health: 100% | Cycle: 321
2026-07-18 15:38:25,075 [INFO] governor: Observed screen - nodes: 0
2026-07-18 15:38:26,400 [INFO] governor: System via rish: 15
📋 Enqueued: Process user screen interaction [NORMAL]
⚙️ Executing: Process user screen interaction
✅ Completed: Process user screen interaction
2026-07-18 15:38:26,401 [INFO] governor: Governor cycle 322 completed
2026-07-18 15:38:29,402 [INFO] governor: Health: 100% | Cycle: 322
2026-07-18 15:38:29,403 [INFO] governor: Observed screen - nodes: 0
2026-07-18 15:38:30,646 [INFO] governor: System via rish: 15
📋 Enqueued: Process user screen interaction [NORMAL]
⚙️ Executing: Process user screen interaction
✅ Completed: Process user screen interaction
2026-07-18 15:38:30,647 [INFO] governor: Governor cycle 323 completed
2026-07-18 15:38:33,647 [INFO] governor: Health: 100% | Cycle: 323
2026-07-18 15:38:33,648 [INFO] governor: Observed screen - nodes: 0
2026-07-18 15:38:34,903 [INFO] governor: System via rish: shell
📋 Enqueued: Process user screen interaction [NORMAL]
⚙️ Executing: Process user screen interaction
✅ Completed: Process user screen interaction
2026-07-18 15:38:34,904 [INFO] governor: Governor cycle 324 completed
2026-07-18 15:38:37,904 [INFO] governor: Health: 100% | Cycle: 324
2026-07-18 15:38:37,905 [INFO] governor: Observed screen - nodes: 0
2026-07-18 15:38:39,154 [INFO] governor: System via rish: 15
📋 Enqueued: Analyze screen for UI changes [HIGH]
⚙️ Executing: Analyze screen for UI changes
✅ Completed: Analyze screen for UI changes
2026-07-18 15:38:39,155 [INFO] governor: Governor cycle 325 completed
2026-07-18 15:38:42,156 [INFO] governor: Health: 100% | Cycle: 325
2026-07-18 15:38:42,157 [INFO] governor: Observed screen - nodes: 0
2026-07-18 15:38:43,403 [INFO] governor: System via rish: shell
📋 Enqueued: Process user screen interaction [NORMAL]
⚙️ Executing: Process user screen interaction
✅ Completed: Process user screen interaction
2026-07-18 15:38:43,404 [INFO] governor: Governor cycle 326 completed
2026-07-18 15:38:46,405 [INFO] governor: Health: 100% | Cycle: 326
2026-07-18 15:38:46,406 [INFO] governor: Observed screen - nodes: 0
2026-07-18 15:38:47,673 [INFO] governor: System via rish: 15
📋 Enqueued: Process user screen interaction [NORMAL]
⚙️ Executing: Process user screen interaction
✅ Completed: Process user screen interaction
2026-07-18 15:38:47,674 [INFO] governor: Governor cycle 327 completed
2026-07-18 15:38:50,676 [INFO] governor: Health: 100% | Cycle: 327
2026-07-18 15:38:50,677 [INFO] governor: Observed screen - nodes: 0
2026-07-18 15:38:51,928 [INFO] governor: System via rish: 15
📋 Enqueued: Process user screen interaction [NORMAL]
⚙️ Executing: Process user screen interaction
✅ Completed: Process user screen interaction
2026-07-18 15:38:51,929 [INFO] governor: Governor cycle 328 completed
2026-07-18 15:38:54,930 [INFO] governor: Health: 100% | Cycle: 328
2026-07-18 15:38:54,931 [INFO] governor: Observed screen - nodes: 0
2026-07-18 15:38:56,168 [INFO] governor: System via rish: 15
📋 Enqueued: Process user screen interaction [NORMAL]
⚙️ Executing: Process user screen interaction
✅ Completed: Process user screen interaction
2026-07-18 15:38:56,169 [INFO] governor: Governor cycle 329 completed
2026-07-18 15:38:59,170 [INFO] governor: Health: 100% | Cycle: 329
2026-07-18 15:38:59,171 [INFO] governor: Observed screen - nodes: 0
2026-07-18 15:39:01,471 [INFO] governor: System via rish: 15
📋 Enqueued: Analyze screen for UI changes [HIGH]
⚙️ Executing: Analyze screen for UI changes
✅ Completed: Analyze screen for UI changes
2026-07-18 15:39:01,472 [INFO] governor: Governor cycle 330 completed
2026-07-18 15:39:04,473 [INFO] governor: Health: 100% | Cycle: 330
2026-07-18 15:39:04,474 [INFO] governor: Observed screen - nodes: 0
2026-07-18 15:39:06,574 [INFO] governor: System via rish: 15
📋 Enqueued: Process user screen interaction [NORMAL]
⚙️ Executing: Process user screen interaction
✅ Completed: Process user screen interaction
2026-07-18 15:39:06,574 [INFO] governor: Governor cycle 331 completed
2026-07-18 15:39:09,575 [INFO] governor: Health: 100% | Cycle: 331
2026-07-18 15:39:09,577 [INFO] governor: Observed screen - nodes: 0
2026-07-18 15:39:11,500 [INFO] governor: System via rish: 15
📋 Enqueued: Process user screen interaction [NORMAL]
⚙️ Executing: Process user screen interaction
✅ Completed: Process user screen interaction
2026-07-18 15:39:11,500 [INFO] governor: Governor cycle 332 completed
2026-07-18 15:39:14,500 [INFO] governor: Health: 100% | Cycle: 332
2026-07-18 15:39:14,502 [INFO] governor: Observed screen - nodes: 0
2026-07-18 15:39:16,909 [INFO] governor: System via rish: shell
📋 Enqueued: Process user screen interaction [NORMAL]
⚙️ Executing: Process user screen interaction
✅ Completed: Process user screen interaction
2026-07-18 15:39:16,909 [INFO] governor: Governor cycle 333 completed
2026-07-18 15:39:19,910 [INFO] governor: Health: 100% | Cycle: 333
2026-07-18 15:39:19,911 [INFO] governor: Observed screen - nodes: 0
2026-07-18 15:39:21,854 [INFO] governor: System via rish: 15
📋 Enqueued: Process user screen interaction [NORMAL]
⚙️ Executing: Process user screen interaction
✅ Completed: Process user screen interaction
2026-07-18 15:39:21,855 [INFO] governor: Governor cycle 334 completed
2026-07-18 15:39:24,856 [INFO] governor: Health: 100% | Cycle: 334
2026-07-18 15:39:24,857 [INFO] governor: Observed screen - nodes: 0
2026-07-18 15:39:26,796 [INFO] governor: System via rish: shell
📋 Enqueued: Analyze screen for UI changes [HIGH]
⚙️ Executing: Analyze screen for UI changes
✅ Completed: Analyze screen for UI changes
2026-07-18 15:39:26,797 [INFO] governor: Governor cycle 335 completed
2026-07-18 15:39:29,797 [INFO] governor: Health: 100% | Cycle: 335
2026-07-18 15:39:29,797 [INFO] governor: Observed screen - nodes: 0
2026-07-18 15:39:31,379 [INFO] governor: System via rish: 15
📋 Enqueued: Process user screen interaction [NORMAL]
⚙️ Executing: Process user screen interaction
✅ Completed: Process user screen interaction
2026-07-18 15:39:31,380 [INFO] governor: Governor cycle 336 completed
2026-07-18 15:39:34,381 [INFO] governor: Health: 100% | Cycle: 336
2026-07-18 15:39:34,381 [INFO] governor: Observed screen - nodes: 0
2026-07-18 15:39:35,973 [INFO] governor: System via rish: 15
📋 Enqueued: Process user screen interaction [NORMAL]
⚙️ Executing: Process user screen interaction
✅ Completed: Process user screen interaction
2026-07-18 15:39:35,974 [INFO] governor: Governor cycle 337 completed
2026-07-18 15:39:38,975 [INFO] governor: Health: 100% | Cycle: 337
2026-07-18 15:39:38,976 [INFO] governor: Observed screen - nodes: 0
2026-07-18 15:39:40,400 [INFO] governor: System via rish: 15
📋 Enqueued: Process user screen interaction [NORMAL]
⚙️ Executing: Process user screen interaction
✅ Completed: Process user screen interaction
2026-07-18 15:39:40,401 [INFO] governor: Governor cycle 338 completed
2026-07-18 15:39:43,402 [INFO] governor: Health: 100% | Cycle: 338
2026-07-18 15:39:43,402 [INFO] governor: Observed screen - nodes: 0
2026-07-18 15:39:45,054 [INFO] governor: System via rish: 15
📋 Enqueued: Process user screen interaction [NORMAL]
⚙️ Executing: Process user screen interaction
✅ Completed: Process user screen interaction
2026-07-18 15:39:45,055 [INFO] governor: Governor cycle 339 completed
2026-07-18 15:39:48,056 [INFO] governor: Health: 100% | Cycle: 339
2026-07-18 15:39:48,056 [INFO] governor: Observed screen - nodes: 0
2026-07-18 15:39:49,311 [INFO] governor: System via rish: 15
📋 Enqueued: Analyze screen for UI changes [HIGH]
⚙️ Executing: Analyze screen for UI changes
✅ Completed: Analyze screen for UI changes
2026-07-18 15:39:49,311 [INFO] governor: Governor cycle 340 completed
2026-07-18 15:39:52,312 [INFO] governor: Health: 100% | Cycle: 340
2026-07-18 15:39:52,313 [INFO] governor: Observed screen - nodes: 0
2026-07-18 15:39:53,787 [INFO] governor: System via rish: 15
📋 Enqueued: Process user screen interaction [NORMAL]
⚙️ Executing: Process user screen interaction
✅ Completed: Process user screen interaction
2026-07-18 15:39:53,789 [INFO] governor: Governor cycle 341 completed
2026-07-18 15:39:56,790 [INFO] governor: Health: 100% | Cycle: 341
2026-07-18 15:39:56,791 [INFO] governor: Observed screen - nodes: 0
2026-07-18 15:39:58,241 [INFO] governor: System via rish: shell
📋 Enqueued: Process user screen interaction [NORMAL]
⚙️ Executing: Process user screen interaction
✅ Completed: Process user screen interaction
2026-07-18 15:39:58,242 [INFO] governor: Governor cycle 342 completed
2026-07-18 15:40:01,242 [INFO] governor: Health: 100% | Cycle: 342
2026-07-18 15:40:01,243 [INFO] governor: Observed screen - nodes: 0
2026-07-18 15:40:02,811 [INFO] governor: System via rish: 15
📋 Enqueued: Process user screen interaction [NORMAL]
⚙️ Executing: Process user screen interaction
✅ Completed: Process user screen interaction
2026-07-18 15:40:02,812 [INFO] governor: Governor cycle 343 completed
2026-07-18 15:40:05,813 [INFO] governor: Health: 100% | Cycle: 343
2026-07-18 15:40:05,813 [INFO] governor: Observed screen - nodes: 0
2026-07-18 15:40:07,481 [INFO] governor: System via rish: 15
📋 Enqueued: Process user screen interaction [NORMAL]
⚙️ Executing: Process user screen interaction
✅ Completed: Process user screen interaction
2026-07-18 15:40:07,482 [INFO] governor: Governor cycle 344 completed
2026-07-18 15:40:10,483 [INFO] governor: Health: 100% | Cycle: 344
2026-07-18 15:40:10,484 [INFO] governor: Observed screen - nodes: 0
2026-07-18 15:40:11,875 [INFO] governor: System via rish: shell
📋 Enqueued: Analyze screen for UI changes [HIGH]
⚙️ Executing: Analyze screen for UI changes
✅ Completed: Analyze screen for UI changes
2026-07-18 15:40:11,876 [INFO] governor: Governor cycle 345 completed
2026-07-18 15:40:14,877 [INFO] governor: Health: 100% | Cycle: 345
2026-07-18 15:40:14,878 [INFO] governor: Observed screen - nodes: 0
2026-07-18 15:40:16,808 [INFO] governor: System via rish: shell
📋 Enqueued: Process user screen interaction [NORMAL]
⚙️ Executing: Process user screen interaction
✅ Completed: Process user screen interaction
2026-07-18 15:40:16,809 [INFO] governor: Governor cycle 346 completed
2026-07-18 15:40:19,810 [INFO] governor: Health: 100% | Cycle: 346
2026-07-18 15:40:19,811 [INFO] governor: Observed screen - nodes: 0
2026-07-18 15:40:21,179 [INFO] governor: System via rish: shell
📋 Enqueued: Process user screen interaction [NORMAL]
⚙️ Executing: Process user screen interaction
✅ Completed: Process user screen interaction
2026-07-18 15:40:21,180 [INFO] governor: Governor cycle 347 completed
2026-07-18 15:40:24,181 [INFO] governor: Health: 100% | Cycle: 347
2026-07-18 15:40:24,181 [INFO] governor: Observed screen - nodes: 0
2026-07-18 15:40:26,144 [INFO] governor: System via rish: 15
📋 Enqueued: Process user screen interaction [NORMAL]
⚙️ Executing: Process user screen interaction
✅ Completed: Process user screen interaction
2026-07-18 15:40:26,145 [INFO] governor: Governor cycle 348 completed
2026-07-18 15:40:29,146 [INFO] governor: Health: 100% | Cycle: 348
2026-07-18 15:40:29,147 [INFO] governor: Observed screen - nodes: 0
2026-07-18 15:40:30,420 [INFO] governor: System via rish: 15
📋 Enqueued: Process user screen interaction [NORMAL]
⚙️ Executing: Process user screen interaction
✅ Completed: Process user screen interaction
2026-07-18 15:40:30,421 [INFO] governor: Governor cycle 349 completed
2026-07-18 15:40:33,422 [INFO] governor: Health: 100% | Cycle: 349
2026-07-18 15:40:33,422 [INFO] governor: Observed screen - nodes: 0
2026-07-18 15:40:34,973 [INFO] governor: System via rish: 15
📋 Enqueued: Analyze screen for UI changes [HIGH]
⚙️ Executing: Analyze screen for UI changes
✅ Completed: Analyze screen for UI changes
2026-07-18 15:40:34,975 [INFO] governor: Governor cycle 350 completed
2026-07-18 15:40:37,976 [INFO] governor: Health: 100% | Cycle: 350
2026-07-18 15:40:37,977 [INFO] governor: Observed screen - nodes: 0
2026-07-18 15:40:39,237 [INFO] governor: System via rish: 15
📋 Enqueued: Process user screen interaction [NORMAL]
⚙️ Executing: Process user screen interaction
✅ Completed: Process user screen interaction
2026-07-18 15:40:39,238 [INFO] governor: Governor cycle 351 completed
2026-07-18 15:40:42,239 [INFO] governor: Health: 100% | Cycle: 351
2026-07-18 15:40:42,239 [INFO] governor: Observed screen - nodes: 0
2026-07-18 15:40:43,819 [INFO] governor: System via rish: 15
📋 Enqueued: Process user screen interaction [NORMAL]
⚙️ Executing: Process user screen interaction
✅ Completed: Process user screen interaction
2026-07-18 15:40:43,819 [INFO] governor: Governor cycle 352 completed
2026-07-18 15:40:46,820 [INFO] governor: Health: 100% | Cycle: 352
2026-07-18 15:40:46,821 [INFO] governor: Observed screen - nodes: 0
2026-07-18 15:40:48,086 [INFO] governor: System via rish: shell
📋 Enqueued: Process user screen interaction [NORMAL]
⚙️ Executing: Process user screen interaction
✅ Completed: Process user screen interaction
2026-07-18 15:40:48,087 [INFO] governor: Governor cycle 353 completed
2026-07-18 15:40:51,088 [INFO] governor: Health: 100% | Cycle: 353
2026-07-18 15:40:51,089 [INFO] governor: Observed screen - nodes: 0
2026-07-18 15:40:52,396 [INFO] governor: System via rish: shell
📋 Enqueued: Process user screen interaction [NORMAL]
⚙️ Executing: Process user screen interaction
✅ Completed: Process user screen interaction
2026-07-18 15:40:52,396 [INFO] governor: Governor cycle 354 completed
2026-07-18 15:40:55,396 [INFO] governor: Health: 100% | Cycle: 354
2026-07-18 15:40:55,397 [INFO] governor: Observed screen - nodes: 0
2026-07-18 15:40:57,045 [INFO] governor: System via rish: shell
📋 Enqueued: Analyze screen for UI changes [HIGH]
⚙️ Executing: Analyze screen for UI changes
✅ Completed: Analyze screen for UI changes
2026-07-18 15:40:57,046 [INFO] governor: Governor cycle 355 completed
2026-07-18 15:41:00,047 [INFO] governor: Health: 100% | Cycle: 355
2026-07-18 15:41:00,047 [INFO] governor: Observed screen - nodes: 0
2026-07-18 15:41:01,609 [INFO] governor: System via rish: 15
📋 Enqueued: Process user screen interaction [NORMAL]
⚙️ Executing: Process user screen interaction
✅ Completed: Process user screen interaction
2026-07-18 15:41:01,610 [INFO] governor: Governor cycle 356 completed
2026-07-18 15:41:04,614 [INFO] governor: Health: 100% | Cycle: 356
2026-07-18 15:41:04,615 [INFO] governor: Observed screen - nodes: 0
2026-07-18 15:41:08,072 [INFO] governor: System via rish: 15
📋 Enqueued: Process user screen interaction [NORMAL]
⚙️ Executing: Process user screen interaction
✅ Completed: Process user screen interaction
2026-07-18 15:41:08,076 [INFO] governor: Governor cycle 357 completed
2026-07-18 15:41:11,077 [INFO] governor: Health: 100% | Cycle: 357
2026-07-18 15:41:11,079 [INFO] governor: Observed screen - nodes: 0
2026-07-18 15:41:13,334 [INFO] governor: System via rish: shell
📋 Enqueued: Process user screen interaction [NORMAL]
⚙️ Executing: Process user screen interaction
✅ Completed: Process user screen interaction
2026-07-18 15:41:13,335 [INFO] governor: Governor cycle 358 completed
2026-07-18 15:41:16,337 [INFO] governor: Health: 100% | Cycle: 358
2026-07-18 15:41:16,338 [INFO] governor: Observed screen - nodes: 0
2026-07-18 15:41:18,326 [INFO] governor: System via rish: shell
📋 Enqueued: Process user screen interaction [NORMAL]
⚙️ Executing: Process user screen interaction
✅ Completed: Process user screen interaction
2026-07-18 15:41:18,327 [INFO] governor: Governor cycle 359 completed
2026-07-18 15:41:21,328 [INFO] governor: Health: 100% | Cycle: 359
2026-07-18 15:41:21,328 [INFO] governor: Observed screen - nodes: 0
2026-07-18 15:41:24,489 [INFO] governor: System via rish: 15
📋 Enqueued: Analyze screen for UI changes [HIGH]
⚙️ Executing: Analyze screen for UI changes
✅ Completed: Analyze screen for UI changes
2026-07-18 15:41:24,490 [INFO] governor: Governor cycle 360 completed
2026-07-18 15:41:27,490 [INFO] governor: Health: 100% | Cycle: 360
2026-07-18 15:41:27,491 [INFO] governor: Observed screen - nodes: 0
2026-07-18 15:41:31,453 [INFO] governor: System via rish: shell
📋 Enqueued: Process user screen interaction [NORMAL]
⚙️ Executing: Process user screen interaction
✅ Completed: Process user screen interaction
2026-07-18 15:41:31,455 [INFO] governor: Governor cycle 361 completed
2026-07-18 15:41:34,456 [INFO] governor: Health: 100% | Cycle: 361
2026-07-18 15:41:34,456 [INFO] governor: Observed screen - nodes: 0
2026-07-18 15:41:38,524 [INFO] governor: System via rish: 15
📋 Enqueued: Process user screen interaction [NORMAL]
⚙️ Executing: Process user screen interaction
✅ Completed: Process user screen interaction
2026-07-18 15:41:38,525 [INFO] governor: Governor cycle 362 completed
2026-07-18 15:41:41,526 [INFO] governor: Health: 100% | Cycle: 362
2026-07-18 15:41:41,527 [INFO] governor: Observed screen - nodes: 0
2026-07-18 15:41:44,655 [INFO] governor: System via rish: 15
📋 Enqueued: Process user screen interaction [NORMAL]
⚙️ Executing: Process user screen interaction
✅ Completed: Process user screen interaction
2026-07-18 15:41:44,655 [INFO] governor: Governor cycle 363 completed
2026-07-18 15:41:47,656 [INFO] governor: Health: 100% | Cycle: 363
2026-07-18 15:41:47,657 [INFO] governor: Observed screen - nodes: 0
2026-07-18 15:41:50,559 [INFO] governor: System via rish: 15
📋 Enqueued: Process user screen interaction [NORMAL]
⚙️ Executing: Process user screen interaction
✅ Completed: Process user screen interaction
2026-07-18 15:41:50,560 [INFO] governor: Governor cycle 364 completed
2026-07-18 15:41:53,561 [INFO] governor: Health: 100% | Cycle: 364
2026-07-18 15:41:53,561 [INFO] governor: Observed screen - nodes: 0
2026-07-18 15:41:55,902 [INFO] governor: System via rish: 15
📋 Enqueued: Analyze screen for UI changes [HIGH]
⚙️ Executing: Analyze screen for UI changes
✅ Completed: Analyze screen for UI changes
2026-07-18 15:41:55,902 [INFO] governor: Governor cycle 365 completed
2026-07-18 15:41:58,903 [INFO] governor: Health: 100% | Cycle: 365
2026-07-18 15:41:58,904 [INFO] governor: Observed screen - nodes: 0
2026-07-18 15:42:02,163 [INFO] governor: System via rish: shell
📋 Enqueued: Process user screen interaction [NORMAL]
⚙️ Executing: Process user screen interaction
✅ Completed: Process user screen interaction
2026-07-18 15:42:02,165 [INFO] governor: Governor cycle 366 completed
2026-07-18 15:42:05,166 [INFO] governor: Health: 100% | Cycle: 366
2026-07-18 15:42:05,167 [INFO] governor: Observed screen - nodes: 0
2026-07-18 15:42:06,921 [INFO] governor: System via rish: 15
📋 Enqueued: Process user screen interaction [NORMAL]
⚙️ Executing: Process user screen interaction
✅ Completed: Process user screen interaction
2026-07-18 15:42:06,922 [INFO] governor: Governor cycle 367 completed
2026-07-18 15:42:09,923 [INFO] governor: Health: 100% | Cycle: 367
2026-07-18 15:42:09,924 [INFO] governor: Observed screen - nodes: 0
2026-07-18 15:42:11,504 [INFO] governor: System via rish: 15
📋 Enqueued: Process user screen interaction [NORMAL]
⚙️ Executing: Process user screen interaction
✅ Completed: Process user screen interaction
2026-07-18 15:42:11,505 [INFO] governor: Governor cycle 368 completed
2026-07-18 15:42:14,506 [INFO] governor: Health: 100% | Cycle: 368
2026-07-18 15:42:14,507 [INFO] governor: Observed screen - nodes: 0
2026-07-18 15:42:15,795 [INFO] governor: System via rish: 15
📋 Enqueued: Process user screen interaction [NORMAL]
⚙️ Executing: Process user screen interaction
✅ Completed: Process user screen interaction
2026-07-18 15:42:15,797 [INFO] governor: Governor cycle 369 completed
2026-07-18 15:42:18,799 [INFO] governor: Health: 100% | Cycle: 369
2026-07-18 15:42:18,800 [INFO] governor: Observed screen - nodes: 0
2026-07-18 15:42:20,121 [INFO] governor: System via rish: shell
📋 Enqueued: Analyze screen for UI changes [HIGH]
⚙️ Executing: Analyze screen for UI changes
✅ Completed: Analyze screen for UI changes
2026-07-18 15:42:20,122 [INFO] governor: Governor cycle 370 completed
2026-07-18 15:42:23,123 [INFO] governor: Health: 100% | Cycle: 370
2026-07-18 15:42:23,124 [INFO] governor: Observed screen - nodes: 0
2026-07-18 15:42:24,449 [INFO] governor: System via rish: 15
📋 Enqueued: Process user screen interaction [NORMAL]
⚙️ Executing: Process user screen interaction
✅ Completed: Process user screen interaction
2026-07-18 15:42:24,450 [INFO] governor: Governor cycle 371 completed
2026-07-18 15:42:27,451 [INFO] governor: Health: 100% | Cycle: 371
2026-07-18 15:42:27,452 [INFO] governor: Observed screen - nodes: 0
2026-07-18 15:42:28,879 [INFO] governor: System via rish: shell
📋 Enqueued: Process user screen interaction [NORMAL]
⚙️ Executing: Process user screen interaction
✅ Completed: Process user screen interaction
2026-07-18 15:42:28,881 [INFO] governor: Governor cycle 372 completed
2026-07-18 15:42:31,882 [INFO] governor: Health: 100% | Cycle: 372
2026-07-18 15:42:31,883 [INFO] governor: Observed screen - nodes: 0
2026-07-18 15:42:33,149 [INFO] governor: System via rish: 15
📋 Enqueued: Process user screen interaction [NORMAL]
⚙️ Executing: Process user screen interaction
✅ Completed: Process user screen interaction
2026-07-18 15:42:33,150 [INFO] governor: Governor cycle 373 completed
2026-07-18 15:42:36,151 [INFO] governor: Health: 100% | Cycle: 373
2026-07-18 15:42:36,152 [INFO] governor: Observed screen - nodes: 0
2026-07-18 15:42:37,431 [INFO] governor: System via rish: 15
📋 Enqueued: Process user screen interaction [NORMAL]
⚙️ Executing: Process user screen interaction
✅ Completed: Process user screen interaction
2026-07-18 15:42:37,432 [INFO] governor: Governor cycle 374 completed
2026-07-18 15:42:40,432 [INFO] governor: Health: 100% | Cycle: 374
2026-07-18 15:42:40,433 [INFO] governor: Observed screen - nodes: 0
2026-07-18 15:42:41,955 [INFO] governor: System via rish: 15
📋 Enqueued: Analyze screen for UI changes [HIGH]
⚙️ Executing: Analyze screen for UI changes
✅ Completed: Analyze screen for UI changes
2026-07-18 15:42:41,956 [INFO] governor: Governor cycle 375 completed
2026-07-18 15:42:44,957 [INFO] governor: Health: 100% | Cycle: 375
2026-07-18 15:42:44,958 [INFO] governor: Observed screen - nodes: 0
2026-07-18 15:42:46,224 [INFO] governor: System via rish: 15
📋 Enqueued: Process user screen interaction [NORMAL]
⚙️ Executing: Process user screen interaction
✅ Completed: Process user screen interaction
2026-07-18 15:42:46,225 [INFO] governor: Governor cycle 376 completed
2026-07-18 15:42:49,226 [INFO] governor: Health: 100% | Cycle: 376
2026-07-18 15:42:49,227 [INFO] governor: Observed screen - nodes: 0
2026-07-18 15:42:50,467 [INFO] governor: System via rish: 15
📋 Enqueued: Process user screen interaction [NORMAL]
⚙️ Executing: Process user screen interaction
✅ Completed: Process user screen interaction
2026-07-18 15:42:50,467 [INFO] governor: Governor cycle 377 completed
2026-07-18 15:42:53,468 [INFO] governor: Health: 100% | Cycle: 377
2026-07-18 15:42:53,469 [INFO] governor: Observed screen - nodes: 0
2026-07-18 15:42:54,705 [INFO] governor: System via rish: 15
📋 Enqueued: Process user screen interaction [NORMAL]
⚙️ Executing: Process user screen interaction
✅ Completed: Process user screen interaction
2026-07-18 15:42:54,705 [INFO] governor: Governor cycle 378 completed
2026-07-18 15:42:57,706 [INFO] governor: Health: 100% | Cycle: 378
2026-07-18 15:42:57,707 [INFO] governor: Observed screen - nodes: 0
2026-07-18 15:42:58,968 [INFO] governor: System via rish: shell
📋 Enqueued: Process user screen interaction [NORMAL]
⚙️ Executing: Process user screen interaction
✅ Completed: Process user screen interaction
2026-07-18 15:42:58,969 [INFO] governor: Governor cycle 379 completed
2026-07-18 15:43:01,970 [INFO] governor: Health: 100% | Cycle: 379
2026-07-18 15:43:01,971 [INFO] governor: Observed screen - nodes: 0
2026-07-18 15:43:03,239 [INFO] governor: System via rish: 15
📋 Enqueued: Analyze screen for UI changes [HIGH]
⚙️ Executing: Analyze screen for UI changes
✅ Completed: Analyze screen for UI changes
2026-07-18 15:43:03,240 [INFO] governor: Governor cycle 380 completed
2026-07-18 15:43:06,240 [INFO] governor: Health: 100% | Cycle: 380
2026-07-18 15:43:06,241 [INFO] governor: Observed screen - nodes: 0
2026-07-18 15:43:07,516 [INFO] governor: System via rish: shell
📋 Enqueued: Process user screen interaction [NORMAL]
⚙️ Executing: Process user screen interaction
✅ Completed: Process user screen interaction
2026-07-18 15:43:07,516 [INFO] governor: Governor cycle 381 completed
2026-07-18 15:43:10,517 [INFO] governor: Health: 100% | Cycle: 381
2026-07-18 15:43:10,518 [INFO] governor: Observed screen - nodes: 0
2026-07-18 15:43:11,768 [INFO] governor: System via rish: 15
📋 Enqueued: Process user screen interaction [NORMAL]
⚙️ Executing: Process user screen interaction
✅ Completed: Process user screen interaction
2026-07-18 15:43:11,769 [INFO] governor: Governor cycle 382 completed
2026-07-18 15:43:14,770 [INFO] governor: Health: 100% | Cycle: 382
2026-07-18 15:43:14,770 [INFO] governor: Observed screen - nodes: 0
2026-07-18 15:43:16,067 [INFO] governor: System via rish: 15
📋 Enqueued: Process user screen interaction [NORMAL]
⚙️ Executing: Process user screen interaction
✅ Completed: Process user screen interaction
2026-07-18 15:43:16,068 [INFO] governor: Governor cycle 383 completed
2026-07-18 15:43:19,070 [INFO] governor: Health: 100% | Cycle: 383
2026-07-18 15:43:19,071 [INFO] governor: Observed screen - nodes: 0
2026-07-18 15:43:20,341 [INFO] governor: System via rish: 15
📋 Enqueued: Process user screen interaction [NORMAL]
⚙️ Executing: Process user screen interaction
✅ Completed: Process user screen interaction
2026-07-18 15:43:20,342 [INFO] governor: Governor cycle 384 completed
2026-07-18 15:43:23,343 [INFO] governor: Health: 100% | Cycle: 384
2026-07-18 15:43:23,344 [INFO] governor: Observed screen - nodes: 0
2026-07-18 15:43:24,609 [INFO] governor: System via rish: 15
📋 Enqueued: Analyze screen for UI changes [HIGH]
⚙️ Executing: Analyze screen for UI changes
✅ Completed: Analyze screen for UI changes
2026-07-18 15:43:24,611 [INFO] governor: Governor cycle 385 completed
2026-07-18 15:43:27,612 [INFO] governor: Health: 100% | Cycle: 385
2026-07-18 15:43:27,612 [INFO] governor: Observed screen - nodes: 0
2026-07-18 15:43:28,875 [INFO] governor: System via rish: 15
📋 Enqueued: Process user screen interaction [NORMAL]
⚙️ Executing: Process user screen interaction
✅ Completed: Process user screen interaction
2026-07-18 15:43:28,877 [INFO] governor: Governor cycle 386 completed
2026-07-18 15:43:31,879 [INFO] governor: Health: 100% | Cycle: 386
2026-07-18 15:43:31,881 [INFO] governor: Observed screen - nodes: 0
2026-07-18 15:43:33,331 [INFO] governor: System via rish: shell
📋 Enqueued: Process user screen interaction [NORMAL]
⚙️ Executing: Process user screen interaction
✅ Completed: Process user screen interaction
2026-07-18 15:43:33,332 [INFO] governor: Governor cycle 387 completed
2026-07-18 15:43:36,333 [INFO] governor: Health: 100% | Cycle: 387
2026-07-18 15:43:36,334 [INFO] governor: Observed screen - nodes: 0
2026-07-18 15:43:37,590 [INFO] governor: System via rish: 15
📋 Enqueued: Process user screen interaction [NORMAL]
⚙️ Executing: Process user screen interaction
✅ Completed: Process user screen interaction
2026-07-18 15:43:37,591 [INFO] governor: Governor cycle 388 completed
2026-07-18 15:43:40,592 [INFO] governor: Health: 100% | Cycle: 388
2026-07-18 15:43:40,593 [INFO] governor: Observed screen - nodes: 0
2026-07-18 15:43:41,844 [INFO] governor: System via rish: shell
📋 Enqueued: Process user screen interaction [NORMAL]
⚙️ Executing: Process user screen interaction
✅ Completed: Process user screen interaction
2026-07-18 15:43:41,845 [INFO] governor: Governor cycle 389 completed
2026-07-18 15:43:44,846 [INFO] governor: Health: 100% | Cycle: 389
2026-07-18 15:43:44,846 [INFO] governor: Observed screen - nodes: 0
2026-07-18 15:43:46,715 [INFO] governor: System via rish: 15
📋 Enqueued: Analyze screen for UI changes [HIGH]
⚙️ Executing: Analyze screen for UI changes
✅ Completed: Analyze screen for UI changes
2026-07-18 15:43:46,716 [INFO] governor: Governor cycle 390 completed
2026-07-18 15:43:49,717 [INFO] governor: Health: 100% | Cycle: 390
2026-07-18 15:43:49,717 [INFO] governor: Observed screen - nodes: 0
2026-07-18 15:43:51,601 [INFO] governor: System via rish: shell
📋 Enqueued: Process user screen interaction [NORMAL]
⚙️ Executing: Process user screen interaction
✅ Completed: Process user screen interaction
2026-07-18 15:43:51,601 [INFO] governor: Governor cycle 391 completed
2026-07-18 15:43:54,602 [INFO] governor: Health: 100% | Cycle: 391
2026-07-18 15:43:54,603 [INFO] governor: Observed screen - nodes: 0
2026-07-18 15:43:56,520 [INFO] governor: System via rish: 15
📋 Enqueued: Process user screen interaction [NORMAL]
⚙️ Executing: Process user screen interaction
✅ Completed: Process user screen interaction
2026-07-18 15:43:56,521 [INFO] governor: Governor cycle 392 completed
2026-07-18 15:43:59,523 [INFO] governor: Health: 100% | Cycle: 392
2026-07-18 15:43:59,523 [INFO] governor: Observed screen - nodes: 0
2026-07-18 15:44:02,191 [INFO] governor: System via rish: 15
📋 Enqueued: Process user screen interaction [NORMAL]
⚙️ Executing: Process user screen interaction
✅ Completed: Process user screen interaction
2026-07-18 15:44:02,192 [INFO] governor: Governor cycle 393 completed
2026-07-18 15:44:05,193 [INFO] governor: Health: 100% | Cycle: 393
2026-07-18 15:44:05,193 [INFO] governor: Observed screen - nodes: 0
2026-07-18 15:44:06,830 [INFO] governor: System via rish: 15
📋 Enqueued: Process user screen interaction [NORMAL]
⚙️ Executing: Process user screen interaction
✅ Completed: Process user screen interaction
2026-07-18 15:44:06,831 [INFO] governor: Governor cycle 394 completed
2026-07-18 15:44:09,832 [INFO] governor: Health: 100% | Cycle: 394
2026-07-18 15:44:09,833 [INFO] governor: Observed screen - nodes: 0
2026-07-18 15:44:11,430 [INFO] governor: System via rish: shell
📋 Enqueued: Analyze screen for UI changes [HIGH]
⚙️ Executing: Analyze screen for UI changes
✅ Completed: Analyze screen for UI changes
2026-07-18 15:44:11,431 [INFO] governor: Governor cycle 395 completed
2026-07-18 15:44:14,432 [INFO] governor: Health: 100% | Cycle: 395
2026-07-18 15:44:14,434 [INFO] governor: Observed screen - nodes: 0
2026-07-18 15:44:17,150 [INFO] governor: System via rish: 15
📋 Enqueued: Process user screen interaction [NORMAL]
⚙️ Executing: Process user screen interaction
✅ Completed: Process user screen interaction
2026-07-18 15:44:17,151 [INFO] governor: Governor cycle 396 completed
2026-07-18 15:44:20,152 [INFO] governor: Health: 100% | Cycle: 396
2026-07-18 15:44:20,153 [INFO] governor: Observed screen - nodes: 0
2026-07-18 15:44:23,224 [INFO] governor: System via rish: 15
📋 Enqueued: Process user screen interaction [NORMAL]
⚙️ Executing: Process user screen interaction
✅ Completed: Process user screen interaction
2026-07-18 15:44:23,225 [INFO] governor: Governor cycle 397 completed
2026-07-18 15:44:26,226 [INFO] governor: Health: 100% | Cycle: 397
2026-07-18 15:44:26,226 [INFO] governor: Observed screen - nodes: 0
2026-07-18 15:44:29,357 [INFO] governor: System via rish: 15
📋 Enqueued: Process user screen interaction [NORMAL]
⚙️ Executing: Process user screen interaction
✅ Completed: Process user screen interaction
2026-07-18 15:44:29,360 [INFO] governor: Governor cycle 398 completed
2026-07-18 15:44:32,361 [INFO] governor: Health: 100% | Cycle: 398
2026-07-18 15:44:32,361 [INFO] governor: Observed screen - nodes: 0
2026-07-18 15:44:34,452 [INFO] governor: System via rish: 15
📋 Enqueued: Process user screen interaction [NORMAL]
⚙️ Executing: Process user screen interaction
✅ Completed: Process user screen interaction
2026-07-18 15:44:34,453 [INFO] governor: Governor cycle 399 completed
2026-07-18 15:44:37,455 [INFO] governor: Health: 100% | Cycle: 399
2026-07-18 15:44:37,456 [INFO] governor: Observed screen - nodes: 0
2026-07-18 15:44:41,159 [INFO] governor: System via rish: shell
📋 Enqueued: Analyze screen for UI changes [HIGH]
⚙️ Executing: Analyze screen for UI changes
✅ Completed: Analyze screen for UI changes
2026-07-18 15:44:41,160 [INFO] governor: Governor cycle 400 completed
2026-07-18 15:44:44,161 [INFO] governor: Health: 100% | Cycle: 400
2026-07-18 15:44:44,162 [INFO] governor: Observed screen - nodes: 0
2026-07-18 15:44:47,221 [INFO] governor: System via rish: 15
📋 Enqueued: Process user screen interaction [NORMAL]
⚙️ Executing: Process user screen interaction
✅ Completed: Process user screen interaction
2026-07-18 15:44:47,222 [INFO] governor: Governor cycle 401 completed
2026-07-18 15:44:50,223 [INFO] governor: Health: 100% | Cycle: 401
2026-07-18 15:44:50,224 [INFO] governor: Observed screen - nodes: 0
2026-07-18 15:44:52,002 [INFO] governor: System via rish: shell
📋 Enqueued: Process user screen interaction [NORMAL]
⚙️ Executing: Process user screen interaction
✅ Completed: Process user screen interaction
2026-07-18 15:44:52,002 [INFO] governor: Governor cycle 402 completed
2026-07-18 15:44:55,003 [INFO] governor: Health: 100% | Cycle: 402
2026-07-18 15:44:55,004 [INFO] governor: Observed screen - nodes: 0
2026-07-18 15:44:57,104 [INFO] governor: System via rish: shell
📋 Enqueued: Process user screen interaction [NORMAL]
⚙️ Executing: Process user screen interaction
✅ Completed: Process user screen interaction
2026-07-18 15:44:57,104 [INFO] governor: Governor cycle 403 completed
2026-07-18 15:45:00,105 [INFO] governor: Health: 100% | Cycle: 403
2026-07-18 15:45:00,106 [INFO] governor: Observed screen - nodes: 0
2026-07-18 15:45:02,278 [INFO] governor: System via rish: 15
📋 Enqueued: Process user screen interaction [NORMAL]
⚙️ Executing: Process user screen interaction
✅ Completed: Process user screen interaction
2026-07-18 15:45:02,280 [INFO] governor: Governor cycle 404 completed
2026-07-18 15:45:05,281 [INFO] governor: Health: 100% | Cycle: 404
2026-07-18 15:45:05,282 [INFO] governor: Observed screen - nodes: 0
2026-07-18 15:45:06,982 [INFO] governor: System via rish: 15
📋 Enqueued: Analyze screen for UI changes [HIGH]
⚙️ Executing: Analyze screen for UI changes
✅ Completed: Analyze screen for UI changes
2026-07-18 15:45:06,984 [INFO] governor: Governor cycle 405 completed
2026-07-18 15:45:09,984 [INFO] governor: Health: 100% | Cycle: 405
2026-07-18 15:45:09,985 [INFO] governor: Observed screen - nodes: 0
2026-07-18 15:45:11,903 [INFO] governor: System via rish: 15
📋 Enqueued: Process user screen interaction [NORMAL]
⚙️ Executing: Process user screen interaction
✅ Completed: Process user screen interaction
2026-07-18 15:45:11,904 [INFO] governor: Governor cycle 406 completed
2026-07-18 15:45:14,905 [INFO] governor: Health: 100% | Cycle: 406
2026-07-18 15:45:14,906 [INFO] governor: Observed screen - nodes: 0
2026-07-18 15:45:16,449 [INFO] governor: System via rish: 15
📋 Enqueued: Process user screen interaction [NORMAL]
⚙️ Executing: Process user screen interaction
✅ Completed: Process user screen interaction
2026-07-18 15:45:16,450 [INFO] governor: Governor cycle 407 completed
2026-07-18 15:45:19,451 [INFO] governor: Health: 100% | Cycle: 407
2026-07-18 15:45:19,451 [INFO] governor: Observed screen - nodes: 0
2026-07-18 15:45:20,890 [INFO] governor: System via rish: shell
📋 Enqueued: Process user screen interaction [NORMAL]
⚙️ Executing: Process user screen interaction
✅ Completed: Process user screen interaction
2026-07-18 15:45:20,891 [INFO] governor: Governor cycle 408 completed
2026-07-18 15:45:23,892 [INFO] governor: Health: 100% | Cycle: 408
2026-07-18 15:45:23,893 [INFO] governor: Observed screen - nodes: 0
2026-07-18 15:45:25,165 [INFO] governor: System via rish: shell
📋 Enqueued: Process user screen interaction [NORMAL]
⚙️ Executing: Process user screen interaction
✅ Completed: Process user screen interaction
2026-07-18 15:45:25,166 [INFO] governor: Governor cycle 409 completed
2026-07-18 15:45:28,167 [INFO] governor: Health: 100% | Cycle: 409
2026-07-18 15:45:28,168 [INFO] governor: Observed screen - nodes: 0
2026-07-18 15:45:29,429 [INFO] governor: System via rish: 15
📋 Enqueued: Analyze screen for UI changes [HIGH]
⚙️ Executing: Analyze screen for UI changes
✅ Completed: Analyze screen for UI changes
2026-07-18 15:45:29,430 [INFO] governor: Governor cycle 410 completed
2026-07-18 15:45:32,431 [INFO] governor: Health: 100% | Cycle: 410
2026-07-18 15:45:32,432 [INFO] governor: Observed screen - nodes: 0
2026-07-18 15:45:33,714 [INFO] governor: System via rish: 15
📋 Enqueued: Process user screen interaction [NORMAL]
⚙️ Executing: Process user screen interaction
✅ Completed: Process user screen interaction
2026-07-18 15:45:33,716 [INFO] governor: Governor cycle 411 completed
2026-07-18 15:45:36,717 [INFO] governor: Health: 100% | Cycle: 411
2026-07-18 15:45:36,718 [INFO] governor: Observed screen - nodes: 0
2026-07-18 15:45:37,998 [INFO] governor: System via rish: 15
📋 Enqueued: Process user screen interaction [NORMAL]
⚙️ Executing: Process user screen interaction
✅ Completed: Process user screen interaction
2026-07-18 15:45:37,999 [INFO] governor: Governor cycle 412 completed
2026-07-18 15:45:41,000 [INFO] governor: Health: 100% | Cycle: 412
2026-07-18 15:45:41,000 [INFO] governor: Observed screen - nodes: 0
2026-07-18 15:45:42,520 [INFO] governor: System via rish: 15
📋 Enqueued: Process user screen interaction [NORMAL]
⚙️ Executing: Process user screen interaction
✅ Completed: Process user screen interaction
2026-07-18 15:45:42,521 [INFO] governor: Governor cycle 413 completed
2026-07-18 15:45:45,522 [INFO] governor: Health: 100% | Cycle: 413
2026-07-18 15:45:45,522 [INFO] governor: Observed screen - nodes: 0
2026-07-18 15:45:46,790 [INFO] governor: System via rish: 15
📋 Enqueued: Process user screen interaction [NORMAL]
⚙️ Executing: Process user screen interaction
✅ Completed: Process user screen interaction
2026-07-18 15:45:46,791 [INFO] governor: Governor cycle 414 completed
2026-07-18 15:45:49,792 [INFO] governor: Health: 100% | Cycle: 414
2026-07-18 15:45:49,793 [INFO] governor: Observed screen - nodes: 0
2026-07-18 15:45:51,066 [INFO] governor: System via rish: 15
📋 Enqueued: Analyze screen for UI changes [HIGH]
⚙️ Executing: Analyze screen for UI changes
✅ Completed: Analyze screen for UI changes
2026-07-18 15:45:51,068 [INFO] governor: Governor cycle 415 completed
2026-07-18 15:45:54,069 [INFO] governor: Health: 100% | Cycle: 415
2026-07-18 15:45:54,070 [INFO] governor: Observed screen - nodes: 0
2026-07-18 15:45:55,357 [INFO] governor: System via rish: shell
📋 Enqueued: Process user screen interaction [NORMAL]
⚙️ Executing: Process user screen interaction
✅ Completed: Process user screen interaction
2026-07-18 15:45:55,358 [INFO] governor: Governor cycle 416 completed
2026-07-18 15:45:58,359 [INFO] governor: Health: 100% | Cycle: 416
2026-07-18 15:45:58,359 [INFO] governor: Observed screen - nodes: 0
2026-07-18 15:46:00,313 [INFO] governor: System via rish: 15
📋 Enqueued: Process user screen interaction [NORMAL]
⚙️ Executing: Process user screen interaction
✅ Completed: Process user screen interaction
2026-07-18 15:46:00,316 [INFO] governor: Governor cycle 417 completed
2026-07-18 15:46:03,317 [INFO] governor: Health: 100% | Cycle: 417
2026-07-18 15:46:03,318 [INFO] governor: Observed screen - nodes: 0
2026-07-18 15:46:04,787 [INFO] governor: System via rish: 15
📋 Enqueued: Process user screen interaction [NORMAL]
⚙️ Executing: Process user screen interaction
✅ Completed: Process user screen interaction
2026-07-18 15:46:04,787 [INFO] governor: Governor cycle 418 completed
2026-07-18 15:46:07,788 [INFO] governor: Health: 100% | Cycle: 418
2026-07-18 15:46:07,788 [INFO] governor: Observed screen - nodes: 0
2026-07-18 15:46:10,070 [INFO] governor: System via rish: 15
📋 Enqueued: Process user screen interaction [NORMAL]
⚙️ Executing: Process user screen interaction
✅ Completed: Process user screen interaction
2026-07-18 15:46:10,070 [INFO] governor: Governor cycle 419 completed
2026-07-18 15:46:13,071 [INFO] governor: Health: 100% | Cycle: 419
2026-07-18 15:46:13,073 [INFO] governor: Observed screen - nodes: 0
2026-07-18 15:46:15,143 [INFO] governor: System via rish: 15
📋 Enqueued: Analyze screen for UI changes [HIGH]
⚙️ Executing: Analyze screen for UI changes
✅ Completed: Analyze screen for UI changes
2026-07-18 15:46:15,143 [INFO] governor: Governor cycle 420 completed
2026-07-18 15:46:18,144 [INFO] governor: Health: 100% | Cycle: 420
2026-07-18 15:46:18,146 [INFO] governor: Observed screen - nodes: 0
2026-07-18 15:46:20,246 [INFO] governor: System via rish: shell
📋 Enqueued: Process user screen interaction [NORMAL]
⚙️ Executing: Process user screen interaction
✅ Completed: Process user screen interaction
2026-07-18 15:46:20,246 [INFO] governor: Governor cycle 421 completed
2026-07-18 15:46:23,247 [INFO] governor: Health: 100% | Cycle: 421
2026-07-18 15:46:23,248 [INFO] governor: Observed screen - nodes: 0
2026-07-18 15:46:24,920 [INFO] governor: System via rish: 15
📋 Enqueued: Process user screen interaction [NORMAL]
⚙️ Executing: Process user screen interaction
✅ Completed: Process user screen interaction
2026-07-18 15:46:24,920 [INFO] governor: Governor cycle 422 completed
2026-07-18 15:46:27,920 [INFO] governor: Health: 100% | Cycle: 422
2026-07-18 15:46:27,921 [INFO] governor: Observed screen - nodes: 0
2026-07-18 15:46:29,545 [INFO] governor: System via rish: 15
📋 Enqueued: Process user screen interaction [NORMAL]
⚙️ Executing: Process user screen interaction
✅ Completed: Process user screen interaction
2026-07-18 15:46:29,545 [INFO] governor: Governor cycle 423 completed
2026-07-18 15:46:32,546 [INFO] governor: Health: 100% | Cycle: 423
2026-07-18 15:46:32,547 [INFO] governor: Observed screen - nodes: 0
2026-07-18 15:46:33,908 [INFO] governor: System via rish: 15
📋 Enqueued: Process user screen interaction [NORMAL]
⚙️ Executing: Process user screen interaction
✅ Completed: Process user screen interaction
2026-07-18 15:46:33,909 [INFO] governor: Governor cycle 424 completed
2026-07-18 15:46:36,910 [INFO] governor: Health: 100% | Cycle: 424
2026-07-18 15:46:36,911 [INFO] governor: Observed screen - nodes: 0
2026-07-18 15:46:38,214 [INFO] governor: System via rish: 15
📋 Enqueued: Analyze screen for UI changes [HIGH]
⚙️ Executing: Analyze screen for UI changes
✅ Completed: Analyze screen for UI changes
2026-07-18 15:46:38,215 [INFO] governor: Governor cycle 425 completed
2026-07-18 15:46:41,216 [INFO] governor: Health: 100% | Cycle: 425
2026-07-18 15:46:41,217 [INFO] governor: Observed screen - nodes: 0
2026-07-18 15:46:42,515 [INFO] governor: System via rish: 15
📋 Enqueued: Process user screen interaction [NORMAL]
⚙️ Executing: Process user screen interaction
✅ Completed: Process user screen interaction
2026-07-18 15:46:42,516 [INFO] governor: Governor cycle 426 completed
2026-07-18 15:46:45,517 [INFO] governor: Health: 100% | Cycle: 426
2026-07-18 15:46:45,518 [INFO] governor: Observed screen - nodes: 0
2026-07-18 15:46:46,833 [INFO] governor: System via rish: shell
📋 Enqueued: Process user screen interaction [NORMAL]
⚙️ Executing: Process user screen interaction
✅ Completed: Process user screen interaction
2026-07-18 15:46:46,834 [INFO] governor: Governor cycle 427 completed
2026-07-18 15:46:49,835 [INFO] governor: Health: 100% | Cycle: 427
2026-07-18 15:46:49,835 [INFO] governor: Observed screen - nodes: 0
2026-07-18 15:46:51,362 [INFO] governor: System via rish: 15
shell
📋 Enqueued: Process user screen interaction [NORMAL]
⚙️ Executing: Process user screen interaction
✅ Completed: Process user screen interaction
2026-07-18 15:46:51,363 [INFO] governor: Governor cycle 428 completed
2026-07-18 15:46:54,363 [INFO] governor: Health: 100% | Cycle: 428
2026-07-18 15:46:54,364 [INFO] governor: Observed screen - nodes: 0
2026-07-18 15:46:55,979 [INFO] governor: System via rish: shell
📋 Enqueued: Process user screen interaction [NORMAL]
⚙️ Executing: Process user screen interaction
✅ Completed: Process user screen interaction
2026-07-18 15:46:55,980 [INFO] governor: Governor cycle 429 completed
2026-07-18 15:46:58,981 [INFO] governor: Health: 100% | Cycle: 429
2026-07-18 15:46:58,982 [INFO] governor: Observed screen - nodes: 0
2026-07-18 15:47:00,781 [INFO] governor: System via rish: 15
📋 Enqueued: Analyze screen for UI changes [HIGH]
⚙️ Executing: Analyze screen for UI changes
✅ Completed: Analyze screen for UI changes
2026-07-18 15:47:00,782 [INFO] governor: Governor cycle 430 completed
2026-07-18 15:47:03,782 [INFO] governor: Health: 100% | Cycle: 430
2026-07-18 15:47:03,783 [INFO] governor: Observed screen - nodes: 0
2026-07-18 15:47:05,782 [INFO] governor: System via rish: 15
📋 Enqueued: Process user screen interaction [NORMAL]
⚙️ Executing: Process user screen interaction
✅ Completed: Process user screen interaction
2026-07-18 15:47:05,784 [INFO] governor: Governor cycle 431 completed
2026-07-18 15:47:08,784 [INFO] governor: Health: 100% | Cycle: 431
2026-07-18 15:47:08,785 [INFO] governor: Observed screen - nodes: 0
2026-07-18 15:47:10,660 [INFO] governor: System via rish: 15
📋 Enqueued: Process user screen interaction [NORMAL]
⚙️ Executing: Process user screen interaction
✅ Completed: Process user screen interaction
2026-07-18 15:47:10,660 [INFO] governor: Governor cycle 432 completed
2026-07-18 15:47:13,661 [INFO] governor: Health: 100% | Cycle: 432
2026-07-18 15:47:13,662 [INFO] governor: Observed screen - nodes: 0
2026-07-18 15:47:15,387 [INFO] governor: System via rish: 15
📋 Enqueued: Process user screen interaction [NORMAL]
⚙️ Executing: Process user screen interaction
✅ Completed: Process user screen interaction
2026-07-18 15:47:15,387 [INFO] governor: Governor cycle 433 completed
2026-07-18 15:47:18,388 [INFO] governor: Health: 100% | Cycle: 433
2026-07-18 15:47:18,389 [INFO] governor: Observed screen - nodes: 0
2026-07-18 15:47:19,862 [INFO] governor: System via rish: 15
📋 Enqueued: Process user screen interaction [NORMAL]
⚙️ Executing: Process user screen interaction
✅ Completed: Process user screen interaction
2026-07-18 15:47:19,862 [INFO] governor: Governor cycle 434 completed
2026-07-18 15:47:22,863 [INFO] governor: Health: 100% | Cycle: 434
2026-07-18 15:47:22,864 [INFO] governor: Observed screen - nodes: 0
2026-07-18 15:47:25,354 [INFO] governor: System via rish: 15
📋 Enqueued: Analyze screen for UI changes [HIGH]
⚙️ Executing: Analyze screen for UI changes
✅ Completed: Analyze screen for UI changes
2026-07-18 15:47:25,354 [INFO] governor: Governor cycle 435 completed
2026-07-18 15:47:28,356 [INFO] governor: Health: 100% | Cycle: 435
2026-07-18 15:47:28,357 [INFO] governor: Observed screen - nodes: 0
2026-07-18 15:47:30,717 [INFO] governor: System via rish: 15
📋 Enqueued: Process user screen interaction [NORMAL]
⚙️ Executing: Process user screen interaction
✅ Completed: Process user screen interaction
2026-07-18 15:47:30,718 [INFO] governor: Governor cycle 436 completed
2026-07-18 15:47:33,719 [INFO] governor: Health: 100% | Cycle: 436
2026-07-18 15:47:33,719 [INFO] governor: Observed screen - nodes: 0
2026-07-18 15:47:35,570 [INFO] governor: System via rish: 15
📋 Enqueued: Process user screen interaction [NORMAL]
⚙️ Executing: Process user screen interaction
✅ Completed: Process user screen interaction
2026-07-18 15:47:35,572 [INFO] governor: Governor cycle 437 completed
2026-07-18 15:47:38,573 [INFO] governor: Health: 100% | Cycle: 437
2026-07-18 15:47:38,574 [INFO] governor: Observed screen - nodes: 0
2026-07-18 15:47:40,293 [INFO] governor: System via rish: 15
📋 Enqueued: Process user screen interaction [NORMAL]
⚙️ Executing: Process user screen interaction
✅ Completed: Process user screen interaction
2026-07-18 15:47:40,293 [INFO] governor: Governor cycle 438 completed
2026-07-18 15:47:43,294 [INFO] governor: Health: 100% | Cycle: 438
2026-07-18 15:47:43,295 [INFO] governor: Observed screen - nodes: 0
2026-07-18 15:47:45,057 [INFO] governor: System via rish: 15
📋 Enqueued: Process user screen interaction [NORMAL]
⚙️ Executing: Process user screen interaction
✅ Completed: Process user screen interaction
2026-07-18 15:47:45,058 [INFO] governor: Governor cycle 439 completed
2026-07-18 15:47:48,059 [INFO] governor: Health: 100% | Cycle: 439
2026-07-18 15:47:48,059 [INFO] governor: Observed screen - nodes: 0
2026-07-18 15:47:49,648 [INFO] governor: System via rish: 15
📋 Enqueued: Analyze screen for UI changes [HIGH]
⚙️ Executing: Analyze screen for UI changes
✅ Completed: Analyze screen for UI changes
2026-07-18 15:47:49,649 [INFO] governor: Governor cycle 440 completed
2026-07-18 15:47:52,650 [INFO] governor: Health: 100% | Cycle: 440
2026-07-18 15:47:52,650 [INFO] governor: Observed screen - nodes: 0
2026-07-18 15:47:54,752 [INFO] governor: System via rish: shell
📋 Enqueued: Process user screen interaction [NORMAL]
⚙️ Executing: Process user screen interaction
✅ Completed: Process user screen interaction
2026-07-18 15:47:54,754 [INFO] governor: Governor cycle 441 completed
2026-07-18 15:47:57,754 [INFO] governor: Health: 100% | Cycle: 441
2026-07-18 15:47:57,755 [INFO] governor: Observed screen - nodes: 0
2026-07-18 15:47:59,170 [INFO] governor: System via rish: shell
📋 Enqueued: Process user screen interaction [NORMAL]
⚙️ Executing: Process user screen interaction
✅ Completed: Process user screen interaction
2026-07-18 15:47:59,171 [INFO] governor: Governor cycle 442 completed
2026-07-18 15:48:02,172 [INFO] governor: Health: 100% | Cycle: 442
2026-07-18 15:48:02,173 [INFO] governor: Observed screen - nodes: 0
2026-07-18 15:48:03,489 [INFO] governor: System via rish: shell
📋 Enqueued: Process user screen interaction [NORMAL]
⚙️ Executing: Process user screen interaction
✅ Completed: Process user screen interaction
2026-07-18 15:48:03,490 [INFO] governor: Governor cycle 443 completed
2026-07-18 15:48:06,490 [INFO] governor: Health: 100% | Cycle: 443
2026-07-18 15:48:06,490 [INFO] governor: Observed screen - nodes: 0
2026-07-18 15:48:08,254 [INFO] governor: System via rish: shell
📋 Enqueued: Process user screen interaction [NORMAL]
⚙️ Executing: Process user screen interaction
✅ Completed: Process user screen interaction
2026-07-18 15:48:08,255 [INFO] governor: Governor cycle 444 completed
2026-07-18 15:48:11,256 [INFO] governor: Health: 100% | Cycle: 444
2026-07-18 15:48:11,256 [INFO] governor: Observed screen - nodes: 0
2026-07-18 15:48:13,822 [INFO] governor: System via rish: shell
📋 Enqueued: Analyze screen for UI changes [HIGH]
⚙️ Executing: Analyze screen for UI changes
✅ Completed: Analyze screen for UI changes
2026-07-18 15:48:13,823 [INFO] governor: Governor cycle 445 completed
2026-07-18 15:48:16,837 [INFO] governor: Health: 100% | Cycle: 445
2026-07-18 15:48:16,839 [INFO] governor: Observed screen - nodes: 0
2026-07-18 15:48:24,501 [INFO] governor: System via rish: shell
📋 Enqueued: Process user screen interaction [NORMAL]
⚙️ Executing: Process user screen interaction
✅ Completed: Process user screen interaction
2026-07-18 15:48:24,503 [INFO] governor: Governor cycle 446 completed
2026-07-18 15:48:27,503 [INFO] governor: Health: 100% | Cycle: 446
2026-07-18 15:48:27,504 [INFO] governor: Observed screen - nodes: 0
2026-07-18 15:48:31,593 [INFO] governor: System via rish: 15
📋 Enqueued: Process user screen interaction [NORMAL]
⚙️ Executing: Process user screen interaction
✅ Completed: Process user screen interaction
2026-07-18 15:48:31,593 [INFO] governor: Governor cycle 447 completed
2026-07-18 15:48:34,595 [INFO] governor: Health: 100% | Cycle: 447
2026-07-18 15:48:34,597 [INFO] governor: Observed screen - nodes: 0
2026-07-18 15:48:37,470 [INFO] governor: System via rish: shell
📋 Enqueued: Process user screen interaction [NORMAL]
⚙️ Executing: Process user screen interaction
✅ Completed: Process user screen interaction
2026-07-18 15:48:37,472 [INFO] governor: Governor cycle 448 completed
2026-07-18 15:48:40,473 [INFO] governor: Health: 100% | Cycle: 448
2026-07-18 15:48:40,474 [INFO] governor: Observed screen - nodes: 0
2026-07-18 15:48:42,665 [INFO] governor: System via rish: 15
📋 Enqueued: Process user screen interaction [NORMAL]
⚙️ Executing: Process user screen interaction
✅ Completed: Process user screen interaction
2026-07-18 15:48:42,666 [INFO] governor: Governor cycle 449 completed
2026-07-18 15:48:45,667 [INFO] governor: Health: 100% | Cycle: 449
2026-07-18 15:48:45,668 [INFO] governor: Observed screen - nodes: 0
2026-07-18 15:48:49,285 [INFO] governor: System via rish: shell
📋 Enqueued: Analyze screen for UI changes [HIGH]
⚙️ Executing: Analyze screen for UI changes
✅ Completed: Analyze screen for UI changes
2026-07-18 15:48:49,286 [INFO] governor: Governor cycle 450 completed
2026-07-18 15:48:52,288 [INFO] governor: Health: 100% | Cycle: 450
2026-07-18 15:48:52,290 [INFO] governor: Observed screen - nodes: 0
2026-07-18 15:48:54,518 [INFO] governor: System via rish: 15
📋 Enqueued: Process user screen interaction [NORMAL]
⚙️ Executing: Process user screen interaction
✅ Completed: Process user screen interaction
2026-07-18 15:48:54,519 [INFO] governor: Governor cycle 451 completed
2026-07-18 15:48:57,519 [INFO] governor: Health: 100% | Cycle: 451
2026-07-18 15:48:57,520 [INFO] governor: Observed screen - nodes: 0
2026-07-18 15:49:00,509 [INFO] governor: System via rish: shell
📋 Enqueued: Process user screen interaction [NORMAL]
⚙️ Executing: Process user screen interaction
✅ Completed: Process user screen interaction
2026-07-18 15:49:00,510 [INFO] governor: Governor cycle 452 completed
2026-07-18 15:49:03,511 [INFO] governor: Health: 100% | Cycle: 452
2026-07-18 15:49:03,512 [INFO] governor: Observed screen - nodes: 0
2026-07-18 15:49:07,040 [INFO] governor: System via rish: 15
📋 Enqueued: Process user screen interaction [NORMAL]
⚙️ Executing: Process user screen interaction
✅ Completed: Process user screen interaction
2026-07-18 15:49:07,041 [INFO] governor: Governor cycle 453 completed
2026-07-18 15:49:10,042 [INFO] governor: Health: 100% | Cycle: 453
2026-07-18 15:49:10,043 [INFO] governor: Observed screen - nodes: 0
2026-07-18 15:49:12,776 [INFO] governor: System via rish: shell
📋 Enqueued: Process user screen interaction [NORMAL]
⚙️ Executing: Process user screen interaction
✅ Completed: Process user screen interaction
2026-07-18 15:49:12,777 [INFO] governor: Governor cycle 454 completed
2026-07-18 15:49:15,778 [INFO] governor: Health: 100% | Cycle: 454
2026-07-18 15:49:15,778 [INFO] governor: Observed screen - nodes: 0
2026-07-18 15:49:18,661 [INFO] governor: System via rish: shell
📋 Enqueued: Analyze screen for UI changes [HIGH]
⚙️ Executing: Analyze screen for UI changes
✅ Completed: Analyze screen for UI changes
2026-07-18 15:49:18,662 [INFO] governor: Governor cycle 455 completed
2026-07-18 15:49:21,662 [INFO] governor: Health: 100% | Cycle: 455
2026-07-18 15:49:21,663 [INFO] governor: Observed screen - nodes: 0
2026-07-18 15:49:24,227 [INFO] governor: System via rish: 15
📋 Enqueued: Process user screen interaction [NORMAL]
⚙️ Executing: Process user screen interaction
✅ Completed: Process user screen interaction
2026-07-18 15:49:24,228 [INFO] governor: Governor cycle 456 completed
2026-07-18 15:49:27,228 [INFO] governor: Health: 100% | Cycle: 456
2026-07-18 15:49:27,229 [INFO] governor: Observed screen - nodes: 0
2026-07-18 15:49:29,928 [INFO] governor: System via rish: 15
📋 Enqueued: Process user screen interaction [NORMAL]
⚙️ Executing: Process user screen interaction
✅ Completed: Process user screen interaction
2026-07-18 15:49:29,929 [INFO] governor: Governor cycle 457 completed
2026-07-18 15:49:32,929 [INFO] governor: Health: 100% | Cycle: 457
2026-07-18 15:49:32,930 [INFO] governor: Observed screen - nodes: 0
2026-07-18 15:49:35,896 [INFO] governor: System via rish: 15
📋 Enqueued: Process user screen interaction [NORMAL]
⚙️ Executing: Process user screen interaction
✅ Completed: Process user screen interaction
2026-07-18 15:49:35,896 [INFO] governor: Governor cycle 458 completed
2026-07-18 15:49:38,897 [INFO] governor: Health: 100% | Cycle: 458
2026-07-18 15:49:38,898 [INFO] governor: Observed screen - nodes: 0
2026-07-18 15:49:41,437 [INFO] governor: System via rish: shell
📋 Enqueued: Process user screen interaction [NORMAL]
⚙️ Executing: Process user screen interaction
✅ Completed: Process user screen interaction
2026-07-18 15:49:41,438 [INFO] governor: Governor cycle 459 completed
2026-07-18 15:49:44,439 [INFO] governor: Health: 100% | Cycle: 459
2026-07-18 15:49:44,439 [INFO] governor: Observed screen - nodes: 0
2026-07-18 15:49:46,979 [INFO] governor: System via rish: shell
📋 Enqueued: Analyze screen for UI changes [HIGH]
⚙️ Executing: Analyze screen for UI changes
✅ Completed: Analyze screen for UI changes
2026-07-18 15:49:46,980 [INFO] governor: Governor cycle 460 completed
2026-07-18 15:49:49,981 [INFO] governor: Health: 100% | Cycle: 460
2026-07-18 15:49:49,982 [INFO] governor: Observed screen - nodes: 0
2026-07-18 15:49:52,535 [INFO] governor: System via rish: 15
📋 Enqueued: Process user screen interaction [NORMAL]
⚙️ Executing: Process user screen interaction
✅ Completed: Process user screen interaction
2026-07-18 15:49:52,535 [INFO] governor: Governor cycle 461 completed
2026-07-18 15:49:55,536 [INFO] governor: Health: 100% | Cycle: 461
2026-07-18 15:49:55,537 [INFO] governor: Observed screen - nodes: 0
2026-07-18 15:49:58,178 [INFO] governor: System via rish: 15
📋 Enqueued: Process user screen interaction [NORMAL]
⚙️ Executing: Process user screen interaction
✅ Completed: Process user screen interaction
2026-07-18 15:49:58,178 [INFO] governor: Governor cycle 462 completed
2026-07-18 15:50:01,178 [INFO] governor: Health: 100% | Cycle: 462
2026-07-18 15:50:01,179 [INFO] governor: Observed screen - nodes: 0
2026-07-18 15:50:03,984 [INFO] governor: System via rish: 15
📋 Enqueued: Process user screen interaction [NORMAL]
⚙️ Executing: Process user screen interaction
✅ Completed: Process user screen interaction
2026-07-18 15:50:03,985 [INFO] governor: Governor cycle 463 completed
2026-07-18 15:50:06,987 [INFO] governor: Health: 100% | Cycle: 463
2026-07-18 15:50:06,988 [INFO] governor: Observed screen - nodes: 0
2026-07-18 15:50:10,731 [INFO] governor: System via rish: shell
📋 Enqueued: Process user screen interaction [NORMAL]
⚙️ Executing: Process user screen interaction
✅ Completed: Process user screen interaction
2026-07-18 15:50:10,732 [INFO] governor: Governor cycle 464 completed
2026-07-18 15:50:13,734 [INFO] governor: Health: 100% | Cycle: 464
2026-07-18 15:50:13,734 [INFO] governor: Observed screen - nodes: 0
2026-07-18 15:50:17,718 [INFO] governor: System via rish: 15
📋 Enqueued: Analyze screen for UI changes [HIGH]
⚙️ Executing: Analyze screen for UI changes
✅ Completed: Analyze screen for UI changes
2026-07-18 15:50:17,720 [INFO] governor: Governor cycle 465 completed
2026-07-18 15:50:20,721 [INFO] governor: Health: 100% | Cycle: 465
2026-07-18 15:50:20,721 [INFO] governor: Observed screen - nodes: 0
2026-07-18 15:50:23,612 [INFO] governor: System via rish: 15
📋 Enqueued: Process user screen interaction [NORMAL]
⚙️ Executing: Process user screen interaction
✅ Completed: Process user screen interaction
2026-07-18 15:50:23,612 [INFO] governor: Governor cycle 466 completed
2026-07-18 15:50:26,613 [INFO] governor: Health: 100% | Cycle: 466
2026-07-18 15:50:26,614 [INFO] governor: Observed screen - nodes: 0
2026-07-18 15:50:28,688 [INFO] governor: System via rish: shell
📋 Enqueued: Process user screen interaction [NORMAL]
⚙️ Executing: Process user screen interaction
✅ Completed: Process user screen interaction
2026-07-18 15:50:28,689 [INFO] governor: Governor cycle 467 completed
2026-07-18 15:50:31,690 [INFO] governor: Health: 100% | Cycle: 467
2026-07-18 15:50:31,691 [INFO] governor: Observed screen - nodes: 0
2026-07-18 15:50:34,501 [INFO] governor: System via rish: 15
📋 Enqueued: Process user screen interaction [NORMAL]
⚙️ Executing: Process user screen interaction
✅ Completed: Process user screen interaction
2026-07-18 15:50:34,502 [INFO] governor: Governor cycle 468 completed
2026-07-18 15:50:37,503 [INFO] governor: Health: 100% | Cycle: 468
2026-07-18 15:50:37,505 [INFO] governor: Observed screen - nodes: 0
2026-07-18 15:50:40,372 [INFO] governor: System via rish: shell
📋 Enqueued: Process user screen interaction [NORMAL]
⚙️ Executing: Process user screen interaction
✅ Completed: Process user screen interaction
2026-07-18 15:50:40,373 [INFO] governor: Governor cycle 469 completed
2026-07-18 15:50:43,375 [INFO] governor: Health: 100% | Cycle: 469
2026-07-18 15:50:43,375 [INFO] governor: Observed screen - nodes: 0
2026-07-18 15:50:46,073 [INFO] governor: System via rish: 15
📋 Enqueued: Analyze screen for UI changes [HIGH]
⚙️ Executing: Analyze screen for UI changes
✅ Completed: Analyze screen for UI changes
2026-07-18 15:50:46,079 [INFO] governor: Governor cycle 470 completed
2026-07-18 15:50:49,080 [INFO] governor: Health: 100% | Cycle: 470
2026-07-18 15:50:49,080 [INFO] governor: Observed screen - nodes: 0
2026-07-18 15:50:51,046 [INFO] governor: System via rish: shell
📋 Enqueued: Process user screen interaction [NORMAL]
⚙️ Executing: Process user screen interaction
✅ Completed: Process user screen interaction
2026-07-18 15:50:51,047 [INFO] governor: Governor cycle 471 completed
2026-07-18 15:50:54,048 [INFO] governor: Health: 100% | Cycle: 471
2026-07-18 15:50:54,049 [INFO] governor: Observed screen - nodes: 0
2026-07-18 15:50:55,996 [INFO] governor: System via rish: 15
shell
📋 Enqueued: Process user screen interaction [NORMAL]
⚙️ Executing: Process user screen interaction
✅ Completed: Process user screen interaction
2026-07-18 15:50:55,997 [INFO] governor: Governor cycle 472 completed
2026-07-18 15:50:58,998 [INFO] governor: Health: 100% | Cycle: 472
2026-07-18 15:50:58,998 [INFO] governor: Observed screen - nodes: 0
2026-07-18 15:51:02,633 [INFO] governor: System via rish: 15
📋 Enqueued: Process user screen interaction [NORMAL]
⚙️ Executing: Process user screen interaction
✅ Completed: Process user screen interaction
2026-07-18 15:51:02,635 [INFO] governor: Governor cycle 473 completed
2026-07-18 15:51:05,638 [INFO] governor: Health: 100% | Cycle: 473
2026-07-18 15:51:05,639 [INFO] governor: Observed screen - nodes: 0
2026-07-18 15:51:09,905 [INFO] governor: System via rish: 15
📋 Enqueued: Process user screen interaction [NORMAL]
⚙️ Executing: Process user screen interaction
✅ Completed: Process user screen interaction
2026-07-18 15:51:09,906 [INFO] governor: Governor cycle 474 completed
2026-07-18 15:51:12,907 [INFO] governor: Health: 100% | Cycle: 474
2026-07-18 15:51:12,908 [INFO] governor: Observed screen - nodes: 0
2026-07-18 15:51:15,803 [INFO] governor: System via rish: 15
📋 Enqueued: Analyze screen for UI changes [HIGH]
⚙️ Executing: Analyze screen for UI changes
✅ Completed: Analyze screen for UI changes
2026-07-18 15:51:15,804 [INFO] governor: Governor cycle 475 completed
2026-07-18 15:51:18,805 [INFO] governor: Health: 100% | Cycle: 475
2026-07-18 15:51:18,805 [INFO] governor: Observed screen - nodes: 0
2026-07-18 15:51:21,451 [INFO] governor: System via rish: shell
📋 Enqueued: Process user screen interaction [NORMAL]
⚙️ Executing: Process user screen interaction
✅ Completed: Process user screen interaction
2026-07-18 15:51:21,453 [INFO] governor: Governor cycle 476 completed
2026-07-18 15:51:24,454 [INFO] governor: Health: 100% | Cycle: 476
2026-07-18 15:51:24,455 [INFO] governor: Observed screen - nodes: 0
2026-07-18 15:51:27,236 [INFO] governor: System via rish: shell
📋 Enqueued: Process user screen interaction [NORMAL]
⚙️ Executing: Process user screen interaction
✅ Completed: Process user screen interaction
2026-07-18 15:51:27,236 [INFO] governor: Governor cycle 477 completed
2026-07-18 15:51:30,237 [INFO] governor: Health: 100% | Cycle: 477
2026-07-18 15:51:30,237 [INFO] governor: Observed screen - nodes: 0
2026-07-18 15:51:32,945 [INFO] governor: System via rish: 15
📋 Enqueued: Process user screen interaction [NORMAL]
⚙️ Executing: Process user screen interaction
✅ Completed: Process user screen interaction
2026-07-18 15:51:32,950 [INFO] governor: Governor cycle 478 completed
2026-07-18 15:51:35,951 [INFO] governor: Health: 100% | Cycle: 478
2026-07-18 15:51:35,952 [INFO] governor: Observed screen - nodes: 0
2026-07-18 15:51:38,727 [INFO] governor: System via rish: shell
📋 Enqueued: Process user screen interaction [NORMAL]
⚙️ Executing: Process user screen interaction
✅ Completed: Process user screen interaction
2026-07-18 15:51:38,727 [INFO] governor: Governor cycle 479 completed
2026-07-18 15:51:41,728 [INFO] governor: Health: 100% | Cycle: 479
2026-07-18 15:51:41,729 [INFO] governor: Observed screen - nodes: 0
2026-07-18 15:51:44,344 [INFO] governor: System via rish: shell
📋 Enqueued: Analyze screen for UI changes [HIGH]
⚙️ Executing: Analyze screen for UI changes
✅ Completed: Analyze screen for UI changes
2026-07-18 15:51:44,346 [INFO] governor: Governor cycle 480 completed
2026-07-18 15:51:47,347 [INFO] governor: Health: 100% | Cycle: 480
2026-07-18 15:51:47,348 [INFO] governor: Observed screen - nodes: 0
2026-07-18 15:51:49,629 [INFO] governor: System via rish: shell
📋 Enqueued: Process user screen interaction [NORMAL]
⚙️ Executing: Process user screen interaction
✅ Completed: Process user screen interaction
2026-07-18 15:51:49,630 [INFO] governor: Governor cycle 481 completed
2026-07-18 15:51:52,631 [INFO] governor: Health: 100% | Cycle: 481
2026-07-18 15:51:52,632 [INFO] governor: Observed screen - nodes: 0
2026-07-18 15:51:55,262 [INFO] governor: System via rish: shell
📋 Enqueued: Process user screen interaction [NORMAL]
⚙️ Executing: Process user screen interaction
✅ Completed: Process user screen interaction
2026-07-18 15:51:55,263 [INFO] governor: Governor cycle 482 completed
2026-07-18 15:51:58,264 [INFO] governor: Health: 100% | Cycle: 482
2026-07-18 15:51:58,265 [INFO] governor: Observed screen - nodes: 0
2026-07-18 15:52:00,151 [INFO] governor: System via rish: shell
📋 Enqueued: Process user screen interaction [NORMAL]
⚙️ Executing: Process user screen interaction
✅ Completed: Process user screen interaction
2026-07-18 15:52:00,152 [INFO] governor: Governor cycle 483 completed
2026-07-18 15:52:03,154 [INFO] governor: Health: 100% | Cycle: 483
2026-07-18 15:52:03,155 [INFO] governor: Observed screen - nodes: 0
2026-07-18 15:52:04,959 [INFO] governor: System via rish: 15
📋 Enqueued: Process user screen interaction [NORMAL]
⚙️ Executing: Process user screen interaction
✅ Completed: Process user screen interaction
2026-07-18 15:52:04,960 [INFO] governor: Governor cycle 484 completed
2026-07-18 15:52:07,961 [INFO] governor: Health: 100% | Cycle: 484
2026-07-18 15:52:07,962 [INFO] governor: Observed screen - nodes: 0
2026-07-18 15:52:09,687 [INFO] governor: System via rish: 15
📋 Enqueued: Analyze screen for UI changes [HIGH]
⚙️ Executing: Analyze screen for UI changes
✅ Completed: Analyze screen for UI changes
2026-07-18 15:52:09,688 [INFO] governor: Governor cycle 485 completed
2026-07-18 15:52:12,688 [INFO] governor: Health: 100% | Cycle: 485
2026-07-18 15:52:12,688 [INFO] governor: Observed screen - nodes: 0
2026-07-18 15:52:16,344 [INFO] governor: System via rish: shell
📋 Enqueued: Process user screen interaction [NORMAL]
⚙️ Executing: Process user screen interaction
✅ Completed: Process user screen interaction
2026-07-18 15:52:16,345 [INFO] governor: Governor cycle 486 completed
2026-07-18 15:52:19,345 [INFO] governor: Health: 100% | Cycle: 486
2026-07-18 15:52:19,346 [INFO] governor: Observed screen - nodes: 0
2026-07-18 15:52:22,024 [INFO] governor: System via rish: 15
📋 Enqueued: Process user screen interaction [NORMAL]
⚙️ Executing: Process user screen interaction
✅ Completed: Process user screen interaction
2026-07-18 15:52:22,024 [INFO] governor: Governor cycle 487 completed
2026-07-18 15:52:25,025 [INFO] governor: Health: 100% | Cycle: 487
2026-07-18 15:52:25,026 [INFO] governor: Observed screen - nodes: 0
2026-07-18 15:52:27,072 [INFO] governor: System via rish: shell
📋 Enqueued: Process user screen interaction [NORMAL]
⚙️ Executing: Process user screen interaction
✅ Completed: Process user screen interaction
2026-07-18 15:52:27,073 [INFO] governor: Governor cycle 488 completed
2026-07-18 15:52:30,073 [INFO] governor: Health: 100% | Cycle: 488
2026-07-18 15:52:30,073 [INFO] governor: Observed screen - nodes: 0
2026-07-18 15:52:32,289 [INFO] governor: System via rish: 15
shell
📋 Enqueued: Process user screen interaction [NORMAL]
⚙️ Executing: Process user screen interaction
✅ Completed: Process user screen interaction
2026-07-18 15:52:32,289 [INFO] governor: Governor cycle 489 completed
2026-07-18 15:52:35,291 [INFO] governor: Health: 100% | Cycle: 489
2026-07-18 15:52:35,292 [INFO] governor: Observed screen - nodes: 0
2026-07-18 15:52:37,784 [INFO] governor: System via rish: 15
📋 Enqueued: Analyze screen for UI changes [HIGH]
⚙️ Executing: Analyze screen for UI changes
✅ Completed: Analyze screen for UI changes
2026-07-18 15:52:37,785 [INFO] governor: Governor cycle 490 completed
2026-07-18 15:52:40,785 [INFO] governor: Health: 100% | Cycle: 490
2026-07-18 15:52:40,786 [INFO] governor: Observed screen - nodes: 0
2026-07-18 15:52:42,649 [INFO] governor: System via rish: 15
📋 Enqueued: Process user screen interaction [NORMAL]
⚙️ Executing: Process user screen interaction
✅ Completed: Process user screen interaction
2026-07-18 15:52:42,650 [INFO] governor: Governor cycle 491 completed
2026-07-18 15:52:45,650 [INFO] governor: Health: 100% | Cycle: 491
2026-07-18 15:52:45,651 [INFO] governor: Observed screen - nodes: 0
2026-07-18 15:52:47,485 [INFO] governor: System via rish: 15
📋 Enqueued: Process user screen interaction [NORMAL]
⚙️ Executing: Process user screen interaction
✅ Completed: Process user screen interaction
2026-07-18 15:52:47,486 [INFO] governor: Governor cycle 492 completed
2026-07-18 15:52:50,486 [INFO] governor: Health: 100% | Cycle: 492
2026-07-18 15:52:50,487 [INFO] governor: Observed screen - nodes: 0
2026-07-18 15:52:52,961 [INFO] governor: System via rish: shell
📋 Enqueued: Process user screen interaction [NORMAL]
⚙️ Executing: Process user screen interaction
✅ Completed: Process user screen interaction
2026-07-18 15:52:52,962 [INFO] governor: Governor cycle 493 completed
2026-07-18 15:52:55,962 [INFO] governor: Health: 100% | Cycle: 493
2026-07-18 15:52:55,963 [INFO] governor: Observed screen - nodes: 0
2026-07-18 15:52:57,715 [INFO] governor: System via rish: 15
📋 Enqueued: Process user screen interaction [NORMAL]
⚙️ Executing: Process user screen interaction
✅ Completed: Process user screen interaction
2026-07-18 15:52:57,716 [INFO] governor: Governor cycle 494 completed
2026-07-18 15:53:00,717 [INFO] governor: Health: 100% | Cycle: 494
2026-07-18 15:53:00,718 [INFO] governor: Observed screen - nodes: 0
2026-07-18 15:53:02,289 [INFO] governor: System via rish: 15
📋 Enqueued: Analyze screen for UI changes [HIGH]
⚙️ Executing: Analyze screen for UI changes
✅ Completed: Analyze screen for UI changes
2026-07-18 15:53:02,289 [INFO] governor: Governor cycle 495 completed
2026-07-18 15:53:05,290 [INFO] governor: Health: 100% | Cycle: 495
2026-07-18 15:53:05,290 [INFO] governor: Observed screen - nodes: 0
2026-07-18 15:53:08,219 [INFO] governor: System via rish: shell
📋 Enqueued: Process user screen interaction [NORMAL]
⚙️ Executing: Process user screen interaction
✅ Completed: Process user screen interaction
2026-07-18 15:53:08,220 [INFO] governor: Governor cycle 496 completed
2026-07-18 15:53:11,221 [INFO] governor: Health: 100% | Cycle: 496
2026-07-18 15:53:11,222 [INFO] governor: Observed screen - nodes: 0
2026-07-18 15:53:15,906 [INFO] governor: System via rish: 15
📋 Enqueued: Process user screen interaction [NORMAL]
⚙️ Executing: Process user screen interaction
✅ Completed: Process user screen interaction
2026-07-18 15:53:15,907 [INFO] governor: Governor cycle 497 completed
2026-07-18 15:53:18,909 [INFO] governor: Health: 100% | Cycle: 497
2026-07-18 15:53:18,910 [INFO] governor: Observed screen - nodes: 0
2026-07-18 15:53:21,768 [INFO] governor: System via rish: 15
📋 Enqueued: Process user screen interaction [NORMAL]
⚙️ Executing: Process user screen interaction
✅ Completed: Process user screen interaction
2026-07-18 15:53:21,773 [INFO] governor: Governor cycle 498 completed
2026-07-18 15:53:24,774 [INFO] governor: Health: 100% | Cycle: 498
2026-07-18 15:53:24,775 [INFO] governor: Observed screen - nodes: 0
2026-07-18 15:53:27,724 [INFO] governor: System via rish: shell
📋 Enqueued: Process user screen interaction [NORMAL]
⚙️ Executing: Process user screen interaction
✅ Completed: Process user screen interaction
2026-07-18 15:53:27,725 [INFO] governor: Governor cycle 499 completed
2026-07-18 15:53:30,727 [INFO] governor: Health: 100% | Cycle: 499
2026-07-18 15:53:30,729 [INFO] governor: Observed screen - nodes: 0
2026-07-18 15:53:32,936 [INFO] governor: System via rish: 15
📋 Enqueued: Analyze screen for UI changes [HIGH]
⚙️ Executing: Analyze screen for UI changes
✅ Completed: Analyze screen for UI changes
2026-07-18 15:53:32,937 [INFO] governor: Governor cycle 500 completed
2026-07-18 15:53:35,939 [INFO] governor: Health: 100% | Cycle: 500
2026-07-18 15:53:35,940 [INFO] governor: Observed screen - nodes: 0
2026-07-18 15:53:37,839 [INFO] governor: System via rish: 15
📋 Enqueued: Process user screen interaction [NORMAL]
⚙️ Executing: Process user screen interaction
✅ Completed: Process user screen interaction
2026-07-18 15:53:37,841 [INFO] governor: Governor cycle 501 completed
2026-07-18 15:53:40,842 [INFO] governor: Health: 100% | Cycle: 501
2026-07-18 15:53:40,843 [INFO] governor: Observed screen - nodes: 0
2026-07-18 15:53:42,542 [INFO] governor: System via rish: 15
📋 Enqueued: Process user screen interaction [NORMAL]
⚙️ Executing: Process user screen interaction
✅ Completed: Process user screen interaction
2026-07-18 15:53:42,542 [INFO] governor: Governor cycle 502 completed
2026-07-18 15:53:45,543 [INFO] governor: Health: 100% | Cycle: 502
2026-07-18 15:53:45,544 [INFO] governor: Observed screen - nodes: 0
2026-07-18 15:53:47,257 [INFO] governor: System via rish: 15
📋 Enqueued: Process user screen interaction [NORMAL]
⚙️ Executing: Process user screen interaction
✅ Completed: Process user screen interaction
2026-07-18 15:53:47,258 [INFO] governor: Governor cycle 503 completed
2026-07-18 15:53:50,259 [INFO] governor: Health: 100% | Cycle: 503
2026-07-18 15:53:50,259 [INFO] governor: Observed screen - nodes: 0
2026-07-18 15:53:52,532 [INFO] governor: System via rish: shell
📋 Enqueued: Process user screen interaction [NORMAL]
⚙️ Executing: Process user screen interaction
✅ Completed: Process user screen interaction
2026-07-18 15:53:52,533 [INFO] governor: Governor cycle 504 completed
2026-07-18 15:53:55,534 [INFO] governor: Health: 100% | Cycle: 504
2026-07-18 15:53:55,534 [INFO] governor: Observed screen - nodes: 0
2026-07-18 15:53:57,320 [INFO] governor: System via rish: 15
📋 Enqueued: Analyze screen for UI changes [HIGH]
⚙️ Executing: Analyze screen for UI changes
✅ Completed: Analyze screen for UI changes
2026-07-18 15:53:57,321 [INFO] governor: Governor cycle 505 completed
2026-07-18 15:54:00,321 [INFO] governor: Health: 100% | Cycle: 505
2026-07-18 15:54:00,322 [INFO] governor: Observed screen - nodes: 0
2026-07-18 15:54:01,965 [INFO] governor: System via rish: 15
📋 Enqueued: Process user screen interaction [NORMAL]
⚙️ Executing: Process user screen interaction
✅ Completed: Process user screen interaction
2026-07-18 15:54:01,966 [INFO] governor: Governor cycle 506 completed
2026-07-18 15:54:04,967 [INFO] governor: Health: 100% | Cycle: 506
2026-07-18 15:54:04,967 [INFO] governor: Observed screen - nodes: 0
2026-07-18 15:54:06,687 [INFO] governor: System via rish: shell
📋 Enqueued: Process user screen interaction [NORMAL]
⚙️ Executing: Process user screen interaction
✅ Completed: Process user screen interaction
2026-07-18 15:54:06,687 [INFO] governor: Governor cycle 507 completed
2026-07-18 15:54:09,688 [INFO] governor: Health: 100% | Cycle: 507
2026-07-18 15:54:09,688 [INFO] governor: Observed screen - nodes: 0
2026-07-18 15:54:12,673 [INFO] governor: System via rish: 15
📋 Enqueued: Process user screen interaction [NORMAL]
⚙️ Executing: Process user screen interaction
✅ Completed: Process user screen interaction
2026-07-18 15:54:12,674 [INFO] governor: Governor cycle 508 completed
2026-07-18 15:54:15,675 [INFO] governor: Health: 100% | Cycle: 508
2026-07-18 15:54:15,677 [INFO] governor: Observed screen - nodes: 0
2026-07-18 15:54:19,437 [INFO] governor: System via rish: 15
📋 Enqueued: Process user screen interaction [NORMAL]
⚙️ Executing: Process user screen interaction
✅ Completed: Process user screen interaction
2026-07-18 15:54:19,438 [INFO] governor: Governor cycle 509 completed
2026-07-18 15:54:22,439 [INFO] governor: Health: 100% | Cycle: 509
2026-07-18 15:54:22,440 [INFO] governor: Observed screen - nodes: 0
2026-07-18 15:54:24,579 [INFO] governor: System via rish: shell
📋 Enqueued: Analyze screen for UI changes [HIGH]
⚙️ Executing: Analyze screen for UI changes
✅ Completed: Analyze screen for UI changes
2026-07-18 15:54:24,581 [INFO] governor: Governor cycle 510 completed
2026-07-18 15:54:27,582 [INFO] governor: Health: 100% | Cycle: 510
2026-07-18 15:54:27,583 [INFO] governor: Observed screen - nodes: 0
2026-07-18 15:54:31,252 [INFO] governor: System via rish: 15
📋 Enqueued: Process user screen interaction [NORMAL]
⚙️ Executing: Process user screen interaction
✅ Completed: Process user screen interaction
2026-07-18 15:54:31,254 [INFO] governor: Governor cycle 511 completed
2026-07-18 15:54:34,255 [INFO] governor: Health: 100% | Cycle: 511
2026-07-18 15:54:34,257 [INFO] governor: Observed screen - nodes: 0
2026-07-18 15:54:36,236 [INFO] governor: System via rish: 15
📋 Enqueued: Process user screen interaction [NORMAL]
⚙️ Executing: Process user screen interaction
✅ Completed: Process user screen interaction
2026-07-18 15:54:36,236 [INFO] governor: Governor cycle 512 completed
2026-07-18 15:54:39,238 [INFO] governor: Health: 100% | Cycle: 512
2026-07-18 15:54:39,239 [INFO] governor: Observed screen - nodes: 0
2026-07-18 15:54:41,108 [INFO] governor: System via rish: 15
📋 Enqueued: Process user screen interaction [NORMAL]
⚙️ Executing: Process user screen interaction
✅ Completed: Process user screen interaction
2026-07-18 15:54:41,110 [INFO] governor: Governor cycle 513 completed
2026-07-18 15:54:44,111 [INFO] governor: Health: 100% | Cycle: 513
2026-07-18 15:54:44,111 [INFO] governor: Observed screen - nodes: 0
2026-07-18 15:54:45,770 [INFO] governor: System via rish: 15
📋 Enqueued: Process user screen interaction [NORMAL]
⚙️ Executing: Process user screen interaction
✅ Completed: Process user screen interaction
2026-07-18 15:54:45,771 [INFO] governor: Governor cycle 514 completed
2026-07-18 15:54:48,773 [INFO] governor: Health: 100% | Cycle: 514
2026-07-18 15:54:48,774 [INFO] governor: Observed screen - nodes: 0
2026-07-18 15:54:50,571 [INFO] governor: System via rish: shell
📋 Enqueued: Analyze screen for UI changes [HIGH]
⚙️ Executing: Analyze screen for UI changes
✅ Completed: Analyze screen for UI changes
2026-07-18 15:54:50,573 [INFO] governor: Governor cycle 515 completed
2026-07-18 15:54:53,574 [INFO] governor: Health: 100% | Cycle: 515
2026-07-18 15:54:53,575 [INFO] governor: Observed screen - nodes: 0
2026-07-18 15:54:55,515 [INFO] governor: System via rish: shell
📋 Enqueued: Process user screen interaction [NORMAL]
⚙️ Executing: Process user screen interaction
✅ Completed: Process user screen interaction
2026-07-18 15:54:55,516 [INFO] governor: Governor cycle 516 completed
2026-07-18 15:54:58,517 [INFO] governor: Health: 100% | Cycle: 516
2026-07-18 15:54:58,519 [INFO] governor: Observed screen - nodes: 0
2026-07-18 15:55:00,453 [INFO] governor: System via rish: 15
📋 Enqueued: Process user screen interaction [NORMAL]
⚙️ Executing: Process user screen interaction
✅ Completed: Process user screen interaction
2026-07-18 15:55:00,454 [INFO] governor: Governor cycle 517 completed
2026-07-18 15:55:03,457 [INFO] governor: Health: 100% | Cycle: 517
2026-07-18 15:55:03,458 [INFO] governor: Observed screen - nodes: 0
2026-07-18 15:55:05,361 [INFO] governor: System via rish: 15
📋 Enqueued: Process user screen interaction [NORMAL]
⚙️ Executing: Process user screen interaction
✅ Completed: Process user screen interaction
2026-07-18 15:55:05,362 [INFO] governor: Governor cycle 518 completed
2026-07-18 15:55:08,363 [INFO] governor: Health: 100% | Cycle: 518
2026-07-18 15:55:08,364 [INFO] governor: Observed screen - nodes: 0
2026-07-18 15:55:15,762 [INFO] governor: System via rish: 
📋 Enqueued: Process user screen interaction [NORMAL]
⚙️ Executing: Process user screen interaction
✅ Completed: Process user screen interaction
2026-07-18 15:55:15,763 [INFO] governor: Governor cycle 519 completed
2026-07-18 15:55:18,765 [INFO] governor: Health: 100% | Cycle: 519
2026-07-18 15:55:18,766 [INFO] governor: Observed screen - nodes: 0
2026-07-18 15:55:20,776 [INFO] governor: System via rish: 15
📋 Enqueued: Analyze screen for UI changes [HIGH]
⚙️ Executing: Analyze screen for UI changes
✅ Completed: Analyze screen for UI changes
2026-07-18 15:55:20,777 [INFO] governor: Governor cycle 520 completed
2026-07-18 15:55:23,778 [INFO] governor: Health: 100% | Cycle: 520
2026-07-18 15:55:23,779 [INFO] governor: Observed screen - nodes: 0
2026-07-18 15:55:25,790 [INFO] governor: System via rish: shell
📋 Enqueued: Process user screen interaction [NORMAL]
⚙️ Executing: Process user screen interaction
✅ Completed: Process user screen interaction
2026-07-18 15:55:25,790 [INFO] governor: Governor cycle 521 completed
2026-07-18 15:55:28,792 [INFO] governor: Health: 100% | Cycle: 521
2026-07-18 15:55:28,793 [INFO] governor: Observed screen - nodes: 0
2026-07-18 15:55:30,797 [INFO] governor: System via rish: 15
📋 Enqueued: Process user screen interaction [NORMAL]
⚙️ Executing: Process user screen interaction
✅ Completed: Process user screen interaction
2026-07-18 15:55:30,798 [INFO] governor: Governor cycle 522 completed
2026-07-18 15:55:33,799 [INFO] governor: Health: 100% | Cycle: 522
2026-07-18 15:55:33,801 [INFO] governor: Observed screen - nodes: 0
2026-07-18 15:55:35,807 [INFO] governor: System via rish: shell
📋 Enqueued: Process user screen interaction [NORMAL]
⚙️ Executing: Process user screen interaction
✅ Completed: Process user screen interaction
2026-07-18 15:55:35,808 [INFO] governor: Governor cycle 523 completed
2026-07-18 15:55:38,809 [INFO] governor: Health: 100% | Cycle: 523
2026-07-18 15:55:38,810 [INFO] governor: Observed screen - nodes: 0
2026-07-18 15:55:40,835 [INFO] governor: System via rish: 15
📋 Enqueued: Process user screen interaction [NORMAL]
⚙️ Executing: Process user screen interaction
✅ Completed: Process user screen interaction
2026-07-18 15:55:40,836 [INFO] governor: Governor cycle 524 completed
2026-07-18 15:55:43,838 [INFO] governor: Health: 100% | Cycle: 524
2026-07-18 15:55:43,839 [INFO] governor: Observed screen - nodes: 0
2026-07-18 15:55:45,911 [INFO] governor: System via rish: shell
📋 Enqueued: Analyze screen for UI changes [HIGH]
⚙️ Executing: Analyze screen for UI changes
✅ Completed: Analyze screen for UI changes
2026-07-18 15:55:45,912 [INFO] governor: Governor cycle 525 completed
2026-07-18 15:55:48,913 [INFO] governor: Health: 100% | Cycle: 525
2026-07-18 15:55:48,914 [INFO] governor: Observed screen - nodes: 0
2026-07-18 15:55:51,084 [INFO] governor: System via rish: 15
📋 Enqueued: Process user screen interaction [NORMAL]
⚙️ Executing: Process user screen interaction
✅ Completed: Process user screen interaction
2026-07-18 15:55:51,086 [INFO] governor: Governor cycle 526 completed
2026-07-18 15:55:54,087 [INFO] governor: Health: 100% | Cycle: 526
2026-07-18 15:55:54,088 [INFO] governor: Observed screen - nodes: 0
2026-07-18 15:55:56,066 [INFO] governor: System via rish: 15
📋 Enqueued: Process user screen interaction [NORMAL]
⚙️ Executing: Process user screen interaction
✅ Completed: Process user screen interaction
2026-07-18 15:55:56,067 [INFO] governor: Governor cycle 527 completed
2026-07-18 15:55:59,068 [INFO] governor: Health: 100% | Cycle: 527
2026-07-18 15:55:59,069 [INFO] governor: Observed screen - nodes: 0
2026-07-18 15:56:00,992 [INFO] governor: System via rish: 15
📋 Enqueued: Process user screen interaction [NORMAL]
⚙️ Executing: Process user screen interaction
✅ Completed: Process user screen interaction
2026-07-18 15:56:00,993 [INFO] governor: Governor cycle 528 completed
2026-07-18 15:56:03,994 [INFO] governor: Health: 100% | Cycle: 528
2026-07-18 15:56:03,995 [INFO] governor: Observed screen - nodes: 0
2026-07-18 15:56:05,955 [INFO] governor: System via rish: 15
📋 Enqueued: Process user screen interaction [NORMAL]
⚙️ Executing: Process user screen interaction
✅ Completed: Process user screen interaction
2026-07-18 15:56:05,956 [INFO] governor: Governor cycle 529 completed
2026-07-18 15:56:08,959 [INFO] governor: Health: 100% | Cycle: 529
2026-07-18 15:56:08,960 [INFO] governor: Observed screen - nodes: 0
2026-07-18 15:56:10,893 [INFO] governor: System via rish: 15
📋 Enqueued: Analyze screen for UI changes [HIGH]
⚙️ Executing: Analyze screen for UI changes
✅ Completed: Analyze screen for UI changes
2026-07-18 15:56:10,894 [INFO] governor: Governor cycle 530 completed
2026-07-18 15:56:13,895 [INFO] governor: Health: 100% | Cycle: 530
2026-07-18 15:56:13,897 [INFO] governor: Observed screen - nodes: 0
2026-07-18 15:56:15,939 [INFO] governor: System via rish: shell
📋 Enqueued: Process user screen interaction [NORMAL]
⚙️ Executing: Process user screen interaction
✅ Completed: Process user screen interaction
2026-07-18 15:56:15,940 [INFO] governor: Governor cycle 531 completed
2026-07-18 15:56:18,941 [INFO] governor: Health: 100% | Cycle: 531
2026-07-18 15:56:18,942 [INFO] governor: Observed screen - nodes: 0
2026-07-18 15:56:20,979 [INFO] governor: System via rish: 15
📋 Enqueued: Process user screen interaction [NORMAL]
⚙️ Executing: Process user screen interaction
✅ Completed: Process user screen interaction
2026-07-18 15:56:20,980 [INFO] governor: Governor cycle 532 completed
2026-07-18 15:56:23,981 [INFO] governor: Health: 100% | Cycle: 532
2026-07-18 15:56:23,982 [INFO] governor: Observed screen - nodes: 0
2026-07-18 15:56:26,052 [INFO] governor: System via rish: 15
📋 Enqueued: Process user screen interaction [NORMAL]
⚙️ Executing: Process user screen interaction
✅ Completed: Process user screen interaction
2026-07-18 15:56:26,053 [INFO] governor: Governor cycle 533 completed
2026-07-18 15:56:29,054 [INFO] governor: Health: 100% | Cycle: 533
2026-07-18 15:56:29,055 [INFO] governor: Observed screen - nodes: 0
2026-07-18 15:56:31,112 [INFO] governor: System via rish: 15
📋 Enqueued: Process user screen interaction [NORMAL]
⚙️ Executing: Process user screen interaction
✅ Completed: Process user screen interaction
2026-07-18 15:56:31,113 [INFO] governor: Governor cycle 534 completed
2026-07-18 15:56:34,114 [INFO] governor: Health: 100% | Cycle: 534
2026-07-18 15:56:34,115 [INFO] governor: Observed screen - nodes: 0
2026-07-18 15:56:36,160 [INFO] governor: System via rish: 15
📋 Enqueued: Analyze screen for UI changes [HIGH]
⚙️ Executing: Analyze screen for UI changes
✅ Completed: Analyze screen for UI changes
2026-07-18 15:56:36,162 [INFO] governor: Governor cycle 535 completed
2026-07-18 15:56:39,163 [INFO] governor: Health: 100% | Cycle: 535
2026-07-18 15:56:39,164 [INFO] governor: Observed screen - nodes: 0
2026-07-18 15:56:41,209 [INFO] governor: System via rish: shell
📋 Enqueued: Process user screen interaction [NORMAL]
⚙️ Executing: Process user screen interaction
✅ Completed: Process user screen interaction
2026-07-18 15:56:41,211 [INFO] governor: Governor cycle 536 completed
2026-07-18 15:56:44,212 [INFO] governor: Health: 100% | Cycle: 536
2026-07-18 15:56:44,214 [INFO] governor: Observed screen - nodes: 0
2026-07-18 15:56:46,143 [INFO] governor: System via rish: 15
📋 Enqueued: Process user screen interaction [NORMAL]
⚙️ Executing: Process user screen interaction
✅ Completed: Process user screen interaction
2026-07-18 15:56:46,144 [INFO] governor: Governor cycle 537 completed
2026-07-18 15:56:49,145 [INFO] governor: Health: 100% | Cycle: 537
2026-07-18 15:56:49,146 [INFO] governor: Observed screen - nodes: 0
2026-07-18 15:56:51,057 [INFO] governor: System via rish: shell
📋 Enqueued: Process user screen interaction [NORMAL]
⚙️ Executing: Process user screen interaction
✅ Completed: Process user screen interaction
2026-07-18 15:56:51,058 [INFO] governor: Governor cycle 538 completed
2026-07-18 15:56:54,059 [INFO] governor: Health: 100% | Cycle: 538
2026-07-18 15:56:54,060 [INFO] governor: Observed screen - nodes: 0
2026-07-18 15:56:56,066 [INFO] governor: System via rish: 15
📋 Enqueued: Process user screen interaction [NORMAL]
⚙️ Executing: Process user screen interaction
✅ Completed: Process user screen interaction
2026-07-18 15:56:56,068 [INFO] governor: Governor cycle 539 completed
2026-07-18 15:56:59,069 [INFO] governor: Health: 100% | Cycle: 539
2026-07-18 15:56:59,070 [INFO] governor: Observed screen - nodes: 0
2026-07-18 15:57:01,014 [INFO] governor: System via rish: 15
📋 Enqueued: Analyze screen for UI changes [HIGH]
⚙️ Executing: Analyze screen for UI changes
✅ Completed: Analyze screen for UI changes
2026-07-18 15:57:01,017 [INFO] governor: Governor cycle 540 completed
2026-07-18 15:57:04,018 [INFO] governor: Health: 100% | Cycle: 540
2026-07-18 15:57:04,018 [INFO] governor: Observed screen - nodes: 0
2026-07-18 15:57:05,980 [INFO] governor: System via rish: 15
📋 Enqueued: Process user screen interaction [NORMAL]
⚙️ Executing: Process user screen interaction
✅ Completed: Process user screen interaction
2026-07-18 15:57:05,981 [INFO] governor: Governor cycle 541 completed
2026-07-18 15:57:08,982 [INFO] governor: Health: 100% | Cycle: 541
2026-07-18 15:57:08,983 [INFO] governor: Observed screen - nodes: 0
2026-07-18 15:57:11,003 [INFO] governor: System via rish: 15
📋 Enqueued: Process user screen interaction [NORMAL]
⚙️ Executing: Process user screen interaction
✅ Completed: Process user screen interaction
2026-07-18 15:57:11,005 [INFO] governor: Governor cycle 542 completed
2026-07-18 15:57:14,006 [INFO] governor: Health: 100% | Cycle: 542
2026-07-18 15:57:14,007 [INFO] governor: Observed screen - nodes: 0
2026-07-18 15:57:16,014 [INFO] governor: System via rish: 15
📋 Enqueued: Process user screen interaction [NORMAL]
⚙️ Executing: Process user screen interaction
✅ Completed: Process user screen interaction
2026-07-18 15:57:16,016 [INFO] governor: Governor cycle 543 completed
2026-07-18 15:57:19,017 [INFO] governor: Health: 100% | Cycle: 543
2026-07-18 15:57:19,018 [INFO] governor: Observed screen - nodes: 0
2026-07-18 15:57:21,079 [INFO] governor: System via rish: 15
📋 Enqueued: Process user screen interaction [NORMAL]
⚙️ Executing: Process user screen interaction
✅ Completed: Process user screen interaction
2026-07-18 15:57:21,080 [INFO] governor: Governor cycle 544 completed
2026-07-18 15:57:24,081 [INFO] governor: Health: 100% | Cycle: 544
2026-07-18 15:57:24,082 [INFO] governor: Observed screen - nodes: 0
2026-07-18 15:57:26,204 [INFO] governor: System via rish: 15
📋 Enqueued: Analyze screen for UI changes [HIGH]
⚙️ Executing: Analyze screen for UI changes
✅ Completed: Analyze screen for UI changes
2026-07-18 15:57:26,205 [INFO] governor: Governor cycle 545 completed
2026-07-18 15:57:29,206 [INFO] governor: Health: 100% | Cycle: 545
2026-07-18 15:57:29,207 [INFO] governor: Observed screen - nodes: 0
2026-07-18 15:57:31,122 [INFO] governor: System via rish: shell
📋 Enqueued: Process user screen interaction [NORMAL]
⚙️ Executing: Process user screen interaction
✅ Completed: Process user screen interaction
2026-07-18 15:57:31,123 [INFO] governor: Governor cycle 546 completed
2026-07-18 15:57:34,124 [INFO] governor: Health: 100% | Cycle: 546
2026-07-18 15:57:34,125 [INFO] governor: Observed screen - nodes: 0
2026-07-18 15:57:36,103 [INFO] governor: System via rish: shell
📋 Enqueued: Process user screen interaction [NORMAL]
⚙️ Executing: Process user screen interaction
✅ Completed: Process user screen interaction
2026-07-18 15:57:36,104 [INFO] governor: Governor cycle 547 completed
2026-07-18 15:57:39,105 [INFO] governor: Health: 100% | Cycle: 547
2026-07-18 15:57:39,106 [INFO] governor: Observed screen - nodes: 0
2026-07-18 15:57:41,120 [INFO] governor: System via rish: 15
📋 Enqueued: Process user screen interaction [NORMAL]
⚙️ Executing: Process user screen interaction
✅ Completed: Process user screen interaction
2026-07-18 15:57:41,120 [INFO] governor: Governor cycle 548 completed
2026-07-18 15:57:44,121 [INFO] governor: Health: 100% | Cycle: 548
2026-07-18 15:57:44,123 [INFO] governor: Observed screen - nodes: 0
2026-07-18 15:57:46,116 [INFO] governor: System via rish: 15
📋 Enqueued: Process user screen interaction [NORMAL]
⚙️ Executing: Process user screen interaction
✅ Completed: Process user screen interaction
2026-07-18 15:57:46,117 [INFO] governor: Governor cycle 549 completed
2026-07-18 15:57:49,119 [INFO] governor: Health: 100% | Cycle: 549
2026-07-18 15:57:49,121 [INFO] governor: Observed screen - nodes: 0
2026-07-18 15:57:51,168 [INFO] governor: System via rish: 15
📋 Enqueued: Analyze screen for UI changes [HIGH]
⚙️ Executing: Analyze screen for UI changes
✅ Completed: Analyze screen for UI changes
2026-07-18 15:57:51,169 [INFO] governor: Governor cycle 550 completed
2026-07-18 15:57:54,171 [INFO] governor: Health: 100% | Cycle: 550
2026-07-18 15:57:54,172 [INFO] governor: Observed screen - nodes: 0
2026-07-18 15:57:56,212 [INFO] governor: System via rish: shell
📋 Enqueued: Process user screen interaction [NORMAL]
⚙️ Executing: Process user screen interaction
✅ Completed: Process user screen interaction
2026-07-18 15:57:56,213 [INFO] governor: Governor cycle 551 completed
2026-07-18 15:57:59,214 [INFO] governor: Health: 100% | Cycle: 551
2026-07-18 15:57:59,215 [INFO] governor: Observed screen - nodes: 0
2026-07-18 15:58:01,245 [INFO] governor: System via rish: 15
📋 Enqueued: Process user screen interaction [NORMAL]
⚙️ Executing: Process user screen interaction
✅ Completed: Process user screen interaction
2026-07-18 15:58:01,247 [INFO] governor: Governor cycle 552 completed
2026-07-18 15:58:04,249 [INFO] governor: Health: 100% | Cycle: 552
2026-07-18 15:58:04,250 [INFO] governor: Observed screen - nodes: 0
2026-07-18 15:58:06,374 [INFO] governor: System via rish: 15
📋 Enqueued: Process user screen interaction [NORMAL]
⚙️ Executing: Process user screen interaction
✅ Completed: Process user screen interaction
2026-07-18 15:58:06,375 [INFO] governor: Governor cycle 553 completed
2026-07-18 15:58:09,377 [INFO] governor: Health: 100% | Cycle: 553
2026-07-18 15:58:09,378 [INFO] governor: Observed screen - nodes: 0
2026-07-18 15:58:11,424 [INFO] governor: System via rish: 
📋 Enqueued: Process user screen interaction [NORMAL]
⚙️ Executing: Process user screen interaction
✅ Completed: Process user screen interaction
2026-07-18 15:58:11,425 [INFO] governor: Governor cycle 554 completed
2026-07-18 15:58:14,426 [INFO] governor: Health: 100% | Cycle: 554
2026-07-18 15:58:14,427 [INFO] governor: Observed screen - nodes: 0
2026-07-18 15:58:16,467 [INFO] governor: System via rish: shell
📋 Enqueued: Analyze screen for UI changes [HIGH]
⚙️ Executing: Analyze screen for UI changes
✅ Completed: Analyze screen for UI changes
2026-07-18 15:58:16,468 [INFO] governor: Governor cycle 555 completed
2026-07-18 15:58:19,470 [INFO] governor: Health: 100% | Cycle: 555
2026-07-18 15:58:19,470 [INFO] governor: Observed screen - nodes: 0
2026-07-18 15:58:21,463 [INFO] governor: System via rish: 15
📋 Enqueued: Process user screen interaction [NORMAL]
⚙️ Executing: Process user screen interaction
✅ Completed: Process user screen interaction
2026-07-18 15:58:21,464 [INFO] governor: Governor cycle 556 completed
2026-07-18 15:58:24,466 [INFO] governor: Health: 100% | Cycle: 556
2026-07-18 15:58:24,467 [INFO] governor: Observed screen - nodes: 0
2026-07-18 15:58:26,443 [INFO] governor: System via rish: 15
📋 Enqueued: Process user screen interaction [NORMAL]
⚙️ Executing: Process user screen interaction
✅ Completed: Process user screen interaction
2026-07-18 15:58:26,444 [INFO] governor: Governor cycle 557 completed
2026-07-18 15:58:29,446 [INFO] governor: Health: 100% | Cycle: 557
2026-07-18 15:58:29,447 [INFO] governor: Observed screen - nodes: 0
2026-07-18 15:58:31,360 [INFO] governor: System via rish: 15
📋 Enqueued: Process user screen interaction [NORMAL]
⚙️ Executing: Process user screen interaction
✅ Completed: Process user screen interaction
2026-07-18 15:58:31,361 [INFO] governor: Governor cycle 558 completed
2026-07-18 15:58:34,364 [INFO] governor: Health: 100% | Cycle: 558
2026-07-18 15:58:34,365 [INFO] governor: Observed screen - nodes: 0
2026-07-18 15:58:36,283 [INFO] governor: System via rish: 15
📋 Enqueued: Process user screen interaction [NORMAL]
⚙️ Executing: Process user screen interaction
✅ Completed: Process user screen interaction
2026-07-18 15:58:36,284 [INFO] governor: Governor cycle 559 completed
2026-07-18 15:58:39,285 [INFO] governor: Health: 100% | Cycle: 559
2026-07-18 15:58:39,286 [INFO] governor: Observed screen - nodes: 0
2026-07-18 15:58:41,323 [INFO] governor: System via rish: 15
📋 Enqueued: Analyze screen for UI changes [HIGH]
⚙️ Executing: Analyze screen for UI changes
✅ Completed: Analyze screen for UI changes
2026-07-18 15:58:41,324 [INFO] governor: Governor cycle 560 completed
2026-07-18 15:58:44,325 [INFO] governor: Health: 100% | Cycle: 560
2026-07-18 15:58:44,326 [INFO] governor: Observed screen - nodes: 0
2026-07-18 15:58:46,350 [INFO] governor: System via rish: 15
📋 Enqueued: Process user screen interaction [NORMAL]
⚙️ Executing: Process user screen interaction
✅ Completed: Process user screen interaction
2026-07-18 15:58:46,351 [INFO] governor: Governor cycle 561 completed
2026-07-18 15:58:49,353 [INFO] governor: Health: 100% | Cycle: 561
2026-07-18 15:58:49,354 [INFO] governor: Observed screen - nodes: 0
2026-07-18 15:58:51,409 [INFO] governor: System via rish: 15
📋 Enqueued: Process user screen interaction [NORMAL]
⚙️ Executing: Process user screen interaction
✅ Completed: Process user screen interaction
2026-07-18 15:58:51,410 [INFO] governor: Governor cycle 562 completed
2026-07-18 15:58:54,413 [INFO] governor: Health: 100% | Cycle: 562
2026-07-18 15:58:54,414 [INFO] governor: Observed screen - nodes: 0
2026-07-18 15:58:56,451 [INFO] governor: System via rish: 15
📋 Enqueued: Process user screen interaction [NORMAL]
⚙️ Executing: Process user screen interaction
✅ Completed: Process user screen interaction
2026-07-18 15:58:56,452 [INFO] governor: Governor cycle 563 completed
2026-07-18 15:58:59,454 [INFO] governor: Health: 100% | Cycle: 563
2026-07-18 15:58:59,455 [INFO] governor: Observed screen - nodes: 0
2026-07-18 15:59:01,483 [INFO] governor: System via rish: 15
📋 Enqueued: Process user screen interaction [NORMAL]
⚙️ Executing: Process user screen interaction
✅ Completed: Process user screen interaction
2026-07-18 15:59:01,485 [INFO] governor: Governor cycle 564 completed
2026-07-18 15:59:04,488 [INFO] governor: Health: 100% | Cycle: 564
2026-07-18 15:59:04,489 [INFO] governor: Observed screen - nodes: 0
2026-07-18 15:59:06,531 [INFO] governor: System via rish: shell
📋 Enqueued: Analyze screen for UI changes [HIGH]
⚙️ Executing: Analyze screen for UI changes
✅ Completed: Analyze screen for UI changes
2026-07-18 15:59:06,533 [INFO] governor: Governor cycle 565 completed
2026-07-18 15:59:09,535 [INFO] governor: Health: 100% | Cycle: 565
2026-07-18 15:59:09,537 [INFO] governor: Observed screen - nodes: 0
2026-07-18 15:59:11,578 [INFO] governor: System via rish: shell
📋 Enqueued: Process user screen interaction [NORMAL]
⚙️ Executing: Process user screen interaction
✅ Completed: Process user screen interaction
2026-07-18 15:59:11,579 [INFO] governor: Governor cycle 566 completed
2026-07-18 15:59:14,581 [INFO] governor: Health: 100% | Cycle: 566
2026-07-18 15:59:14,582 [INFO] governor: Observed screen - nodes: 0
2026-07-18 15:59:16,543 [INFO] governor: System via rish: shell
📋 Enqueued: Process user screen interaction [NORMAL]
⚙️ Executing: Process user screen interaction
✅ Completed: Process user screen interaction
2026-07-18 15:59:16,544 [INFO] governor: Governor cycle 567 completed
2026-07-18 15:59:19,546 [INFO] governor: Health: 100% | Cycle: 567
2026-07-18 15:59:19,547 [INFO] governor: Observed screen - nodes: 0
2026-07-18 15:59:21,524 [INFO] governor: System via rish: 15
📋 Enqueued: Process user screen interaction [NORMAL]
⚙️ Executing: Process user screen interaction
✅ Completed: Process user screen interaction
2026-07-18 15:59:21,525 [INFO] governor: Governor cycle 568 completed
2026-07-18 15:59:24,526 [INFO] governor: Health: 100% | Cycle: 568
2026-07-18 15:59:24,527 [INFO] governor: Observed screen - nodes: 0
2026-07-18 15:59:26,610 [INFO] governor: System via rish: 15
📋 Enqueued: Process user screen interaction [NORMAL]
⚙️ Executing: Process user screen interaction
✅ Completed: Process user screen interaction
2026-07-18 15:59:26,612 [INFO] governor: Governor cycle 569 completed
2026-07-18 15:59:29,613 [INFO] governor: Health: 100% | Cycle: 569
2026-07-18 15:59:29,615 [INFO] governor: Observed screen - nodes: 0
2026-07-18 15:59:32,657 [INFO] governor: System via rish: 15
📋 Enqueued: Analyze screen for UI changes [HIGH]
⚙️ Executing: Analyze screen for UI changes
✅ Completed: Analyze screen for UI changes
2026-07-18 15:59:32,658 [INFO] governor: Governor cycle 570 completed
2026-07-18 15:59:35,658 [INFO] governor: Health: 100% | Cycle: 570
2026-07-18 15:59:35,663 [INFO] governor: Observed screen - nodes: 0
2026-07-18 15:59:37,972 [INFO] governor: System via rish: 15
📋 Enqueued: Process user screen interaction [NORMAL]
⚙️ Executing: Process user screen interaction
✅ Completed: Process user screen interaction
2026-07-18 15:59:37,973 [INFO] governor: Governor cycle 571 completed
2026-07-18 15:59:40,975 [INFO] governor: Health: 100% | Cycle: 571
2026-07-18 15:59:40,977 [INFO] governor: Observed screen - nodes: 0
2026-07-18 15:59:43,211 [INFO] governor: System via rish: shell
📋 Enqueued: Process user screen interaction [NORMAL]
⚙️ Executing: Process user screen interaction
✅ Completed: Process user screen interaction
2026-07-18 15:59:43,211 [INFO] governor: Governor cycle 572 completed
2026-07-18 15:59:46,214 [INFO] governor: Health: 100% | Cycle: 572
2026-07-18 15:59:46,215 [INFO] governor: Observed screen - nodes: 0
2026-07-18 15:59:48,314 [INFO] governor: System via rish: 15
📋 Enqueued: Process user screen interaction [NORMAL]
⚙️ Executing: Process user screen interaction
✅ Completed: Process user screen interaction
2026-07-18 15:59:48,315 [INFO] governor: Governor cycle 573 completed
2026-07-18 15:59:51,316 [INFO] governor: Health: 100% | Cycle: 573
2026-07-18 15:59:51,317 [INFO] governor: Observed screen - nodes: 0
2026-07-18 15:59:53,532 [INFO] governor: System via rish: 15
📋 Enqueued: Process user screen interaction [NORMAL]
⚙️ Executing: Process user screen interaction
✅ Completed: Process user screen interaction
2026-07-18 15:59:53,533 [INFO] governor: Governor cycle 574 completed
2026-07-18 15:59:56,534 [INFO] governor: Health: 100% | Cycle: 574
2026-07-18 15:59:56,535 [INFO] governor: Observed screen - nodes: 0
2026-07-18 15:59:58,579 [INFO] governor: System via rish: 15
📋 Enqueued: Analyze screen for UI changes [HIGH]
⚙️ Executing: Analyze screen for UI changes
✅ Completed: Analyze screen for UI changes
2026-07-18 15:59:58,580 [INFO] governor: Governor cycle 575 completed
2026-07-18 16:00:01,581 [INFO] governor: Health: 100% | Cycle: 575
2026-07-18 16:00:01,582 [INFO] governor: Observed screen - nodes: 0
2026-07-18 16:00:03,655 [INFO] governor: System via rish: 15
📋 Enqueued: Process user screen interaction [NORMAL]
⚙️ Executing: Process user screen interaction
✅ Completed: Process user screen interaction
2026-07-18 16:00:03,657 [INFO] governor: Governor cycle 576 completed
2026-07-18 16:00:06,658 [INFO] governor: Health: 100% | Cycle: 576
2026-07-18 16:00:06,659 [INFO] governor: Observed screen - nodes: 0
2026-07-18 16:00:08,731 [INFO] governor: System via rish: 15
📋 Enqueued: Process user screen interaction [NORMAL]
⚙️ Executing: Process user screen interaction
✅ Completed: Process user screen interaction
2026-07-18 16:00:08,732 [INFO] governor: Governor cycle 577 completed
2026-07-18 16:00:11,733 [INFO] governor: Health: 100% | Cycle: 577
2026-07-18 16:00:11,734 [INFO] governor: Observed screen - nodes: 0
2026-07-18 16:00:13,823 [INFO] governor: System via rish: 15
📋 Enqueued: Process user screen interaction [NORMAL]
⚙️ Executing: Process user screen interaction
✅ Completed: Process user screen interaction
2026-07-18 16:00:13,824 [INFO] governor: Governor cycle 578 completed
2026-07-18 16:00:16,825 [INFO] governor: Health: 100% | Cycle: 578
2026-07-18 16:00:16,827 [INFO] governor: Observed screen - nodes: 0
2026-07-18 16:00:18,863 [INFO] governor: System via rish: 15
📋 Enqueued: Process user screen interaction [NORMAL]
⚙️ Executing: Process user screen interaction
✅ Completed: Process user screen interaction
2026-07-18 16:00:18,865 [INFO] governor: Governor cycle 579 completed
2026-07-18 16:00:21,866 [INFO] governor: Health: 100% | Cycle: 579
2026-07-18 16:00:21,867 [INFO] governor: Observed screen - nodes: 0
2026-07-18 16:00:23,931 [INFO] governor: System via rish: shell
📋 Enqueued: Analyze screen for UI changes [HIGH]
⚙️ Executing: Analyze screen for UI changes
✅ Completed: Analyze screen for UI changes
2026-07-18 16:00:23,932 [INFO] governor: Governor cycle 580 completed
2026-07-18 16:00:26,933 [INFO] governor: Health: 100% | Cycle: 580
2026-07-18 16:00:26,934 [INFO] governor: Observed screen - nodes: 0
2026-07-18 16:00:28,923 [INFO] governor: System via rish: 15
📋 Enqueued: Process user screen interaction [NORMAL]
⚙️ Executing: Process user screen interaction
✅ Completed: Process user screen interaction
2026-07-18 16:00:28,925 [INFO] governor: Governor cycle 581 completed
2026-07-18 16:00:31,927 [INFO] governor: Health: 100% | Cycle: 581
2026-07-18 16:00:31,929 [INFO] governor: Observed screen - nodes: 0
2026-07-18 16:00:33,986 [INFO] governor: System via rish: 15
📋 Enqueued: Process user screen interaction [NORMAL]
⚙️ Executing: Process user screen interaction
✅ Completed: Process user screen interaction
2026-07-18 16:00:33,987 [INFO] governor: Governor cycle 582 completed
2026-07-18 16:00:36,988 [INFO] governor: Health: 100% | Cycle: 582
2026-07-18 16:00:36,989 [INFO] governor: Observed screen - nodes: 0
2026-07-18 16:00:40,163 [INFO] governor: System via rish: shell
📋 Enqueued: Process user screen interaction [NORMAL]
⚙️ Executing: Process user screen interaction
✅ Completed: Process user screen interaction
2026-07-18 16:00:40,164 [INFO] governor: Governor cycle 583 completed
2026-07-18 16:00:43,166 [INFO] governor: Health: 100% | Cycle: 583
2026-07-18 16:00:43,167 [INFO] governor: Observed screen - nodes: 0
2026-07-18 16:00:45,355 [INFO] governor: System via rish: 15
📋 Enqueued: Process user screen interaction [NORMAL]
⚙️ Executing: Process user screen interaction
✅ Completed: Process user screen interaction
2026-07-18 16:00:45,356 [INFO] governor: Governor cycle 584 completed
2026-07-18 16:00:48,357 [INFO] governor: Health: 100% | Cycle: 584
2026-07-18 16:00:48,358 [INFO] governor: Observed screen - nodes: 0
2026-07-18 16:00:50,904 [INFO] governor: System via rish: 15
📋 Enqueued: Analyze screen for UI changes [HIGH]
⚙️ Executing: Analyze screen for UI changes
✅ Completed: Analyze screen for UI changes
2026-07-18 16:00:50,907 [INFO] governor: Governor cycle 585 completed
2026-07-18 16:00:53,908 [INFO] governor: Health: 100% | Cycle: 585
2026-07-18 16:00:53,909 [INFO] governor: Observed screen - nodes: 0
2026-07-18 16:00:55,865 [INFO] governor: System via rish: shell
📋 Enqueued: Process user screen interaction [NORMAL]
⚙️ Executing: Process user screen interaction
✅ Completed: Process user screen interaction
2026-07-18 16:00:55,866 [INFO] governor: Governor cycle 586 completed
2026-07-18 16:00:58,867 [INFO] governor: Health: 100% | Cycle: 586
2026-07-18 16:00:58,869 [INFO] governor: Observed screen - nodes: 0
2026-07-18 16:01:00,864 [INFO] governor: System via rish: shell
📋 Enqueued: Process user screen interaction [NORMAL]
⚙️ Executing: Process user screen interaction
✅ Completed: Process user screen interaction
2026-07-18 16:01:00,865 [INFO] governor: Governor cycle 587 completed
2026-07-18 16:01:03,866 [INFO] governor: Health: 100% | Cycle: 587
2026-07-18 16:01:03,867 [INFO] governor: Observed screen - nodes: 0
2026-07-18 16:01:05,865 [INFO] governor: System via rish: 15
📋 Enqueued: Process user screen interaction [NORMAL]
⚙️ Executing: Process user screen interaction
✅ Completed: Process user screen interaction
2026-07-18 16:01:05,866 [INFO] governor: Governor cycle 588 completed
2026-07-18 16:01:08,868 [INFO] governor: Health: 100% | Cycle: 588
2026-07-18 16:01:08,869 [INFO] governor: Observed screen - nodes: 0
2026-07-18 16:01:10,926 [INFO] governor: System via rish: shell
📋 Enqueued: Process user screen interaction [NORMAL]
⚙️ Executing: Process user screen interaction
✅ Completed: Process user screen interaction
2026-07-18 16:01:10,927 [INFO] governor: Governor cycle 589 completed
2026-07-18 16:01:13,928 [INFO] governor: Health: 100% | Cycle: 589
2026-07-18 16:01:13,930 [INFO] governor: Observed screen - nodes: 0
2026-07-18 16:01:15,974 [INFO] governor: System via rish: 15
📋 Enqueued: Analyze screen for UI changes [HIGH]
⚙️ Executing: Analyze screen for UI changes
✅ Completed: Analyze screen for UI changes
2026-07-18 16:01:15,975 [INFO] governor: Governor cycle 590 completed
2026-07-18 16:01:18,977 [INFO] governor: Health: 100% | Cycle: 590
2026-07-18 16:01:18,978 [INFO] governor: Observed screen - nodes: 0
2026-07-18 16:01:21,026 [INFO] governor: System via rish: 15
📋 Enqueued: Process user screen interaction [NORMAL]
⚙️ Executing: Process user screen interaction
✅ Completed: Process user screen interaction
2026-07-18 16:01:21,027 [INFO] governor: Governor cycle 591 completed
2026-07-18 16:01:24,029 [INFO] governor: Health: 100% | Cycle: 591
2026-07-18 16:01:24,030 [INFO] governor: Observed screen - nodes: 0
2026-07-18 16:01:26,085 [INFO] governor: System via rish: 15
📋 Enqueued: Process user screen interaction [NORMAL]
⚙️ Executing: Process user screen interaction
✅ Completed: Process user screen interaction
2026-07-18 16:01:26,087 [INFO] governor: Governor cycle 592 completed
2026-07-18 16:01:29,087 [INFO] governor: Health: 100% | Cycle: 592
2026-07-18 16:01:29,088 [INFO] governor: Observed screen - nodes: 0
2026-07-18 16:01:31,199 [INFO] governor: System via rish: 15
📋 Enqueued: Process user screen interaction [NORMAL]
⚙️ Executing: Process user screen interaction
✅ Completed: Process user screen interaction
2026-07-18 16:01:31,201 [INFO] governor: Governor cycle 593 completed
2026-07-18 16:01:34,203 [INFO] governor: Health: 100% | Cycle: 593
2026-07-18 16:01:34,204 [INFO] governor: Observed screen - nodes: 0
2026-07-18 16:01:36,274 [INFO] governor: System via rish: 15
📋 Enqueued: Process user screen interaction [NORMAL]
⚙️ Executing: Process user screen interaction
✅ Completed: Process user screen interaction
2026-07-18 16:01:36,275 [INFO] governor: Governor cycle 594 completed
2026-07-18 16:01:39,276 [INFO] governor: Health: 100% | Cycle: 594
2026-07-18 16:01:39,278 [INFO] governor: Observed screen - nodes: 0
2026-07-18 16:01:41,359 [INFO] governor: System via rish: shell
📋 Enqueued: Analyze screen for UI changes [HIGH]
⚙️ Executing: Analyze screen for UI changes
✅ Completed: Analyze screen for UI changes
2026-07-18 16:01:41,360 [INFO] governor: Governor cycle 595 completed
2026-07-18 16:01:44,361 [INFO] governor: Health: 100% | Cycle: 595
2026-07-18 16:01:44,362 [INFO] governor: Observed screen - nodes: 0
2026-07-18 16:01:46,417 [INFO] governor: System via rish: 15
📋 Enqueued: Process user screen interaction [NORMAL]
⚙️ Executing: Process user screen interaction
✅ Completed: Process user screen interaction
2026-07-18 16:01:46,419 [INFO] governor: Governor cycle 596 completed
2026-07-18 16:01:49,420 [INFO] governor: Health: 100% | Cycle: 596
2026-07-18 16:01:49,421 [INFO] governor: Observed screen - nodes: 0
2026-07-18 16:01:51,480 [INFO] governor: System via rish: 15
📋 Enqueued: Process user screen interaction [NORMAL]
⚙️ Executing: Process user screen interaction
✅ Completed: Process user screen interaction
2026-07-18 16:01:51,482 [INFO] governor: Governor cycle 597 completed
2026-07-18 16:01:54,483 [INFO] governor: Health: 100% | Cycle: 597
2026-07-18 16:01:54,483 [INFO] governor: Observed screen - nodes: 0
2026-07-18 16:01:56,454 [INFO] governor: System via rish: 15
📋 Enqueued: Process user screen interaction [NORMAL]
⚙️ Executing: Process user screen interaction
✅ Completed: Process user screen interaction
2026-07-18 16:01:56,456 [INFO] governor: Governor cycle 598 completed
2026-07-18 16:01:59,457 [INFO] governor: Health: 100% | Cycle: 598
2026-07-18 16:01:59,458 [INFO] governor: Observed screen - nodes: 0
2026-07-18 16:02:01,359 [INFO] governor: System via rish: 15
📋 Enqueued: Process user screen interaction [NORMAL]
⚙️ Executing: Process user screen interaction
✅ Completed: Process user screen interaction
2026-07-18 16:02:01,360 [INFO] governor: Governor cycle 599 completed
2026-07-18 16:02:04,360 [INFO] governor: Health: 100% | Cycle: 599
2026-07-18 16:02:04,361 [INFO] governor: Observed screen - nodes: 0
2026-07-18 16:02:06,373 [INFO] governor: System via rish: 15
📋 Enqueued: Analyze screen for UI changes [HIGH]
⚙️ Executing: Analyze screen for UI changes
✅ Completed: Analyze screen for UI changes
2026-07-18 16:02:06,374 [INFO] governor: Governor cycle 600 completed
2026-07-18 16:02:09,376 [INFO] governor: Health: 100% | Cycle: 600
2026-07-18 16:02:09,377 [INFO] governor: Observed screen - nodes: 0
2026-07-18 16:02:11,444 [INFO] governor: System via rish: shell
📋 Enqueued: Process user screen interaction [NORMAL]
⚙️ Executing: Process user screen interaction
✅ Completed: Process user screen interaction
2026-07-18 16:02:11,445 [INFO] governor: Governor cycle 601 completed
2026-07-18 16:02:14,447 [INFO] governor: Health: 100% | Cycle: 601
2026-07-18 16:02:14,447 [INFO] governor: Observed screen - nodes: 0
2026-07-18 16:02:16,528 [INFO] governor: System via rish: 15
📋 Enqueued: Process user screen interaction [NORMAL]
⚙️ Executing: Process user screen interaction
✅ Completed: Process user screen interaction
2026-07-18 16:02:16,530 [INFO] governor: Governor cycle 602 completed
2026-07-18 16:02:19,531 [INFO] governor: Health: 100% | Cycle: 602
2026-07-18 16:02:19,531 [INFO] governor: Observed screen - nodes: 0
2026-07-18 16:02:21,600 [INFO] governor: System via rish: 15
📋 Enqueued: Process user screen interaction [NORMAL]
⚙️ Executing: Process user screen interaction
✅ Completed: Process user screen interaction
2026-07-18 16:02:21,601 [INFO] governor: Governor cycle 603 completed
2026-07-18 16:02:24,603 [INFO] governor: Health: 100% | Cycle: 603
2026-07-18 16:02:24,604 [INFO] governor: Observed screen - nodes: 0
2026-07-18 16:02:26,648 [INFO] governor: System via rish: 15
📋 Enqueued: Process user screen interaction [NORMAL]
⚙️ Executing: Process user screen interaction
✅ Completed: Process user screen interaction
2026-07-18 16:02:26,649 [INFO] governor: Governor cycle 604 completed
2026-07-18 16:02:29,651 [INFO] governor: Health: 100% | Cycle: 604
2026-07-18 16:02:29,652 [INFO] governor: Observed screen - nodes: 0
2026-07-18 16:02:31,727 [INFO] governor: System via rish: shell
📋 Enqueued: Analyze screen for UI changes [HIGH]
⚙️ Executing: Analyze screen for UI changes
✅ Completed: Analyze screen for UI changes
2026-07-18 16:02:31,729 [INFO] governor: Governor cycle 605 completed
2026-07-18 16:02:34,730 [INFO] governor: Health: 100% | Cycle: 605
2026-07-18 16:02:34,730 [INFO] governor: Observed screen - nodes: 0
2026-07-18 16:02:36,861 [INFO] governor: System via rish: 15
📋 Enqueued: Process user screen interaction [NORMAL]
⚙️ Executing: Process user screen interaction
✅ Completed: Process user screen interaction
2026-07-18 16:02:36,862 [INFO] governor: Governor cycle 606 completed
2026-07-18 16:02:39,862 [INFO] governor: Health: 100% | Cycle: 606
2026-07-18 16:02:39,863 [INFO] governor: Observed screen - nodes: 0
2026-07-18 16:02:42,403 [INFO] governor: System via rish: 15
📋 Enqueued: Process user screen interaction [NORMAL]
⚙️ Executing: Process user screen interaction
✅ Completed: Process user screen interaction
2026-07-18 16:02:42,404 [INFO] governor: Governor cycle 607 completed
2026-07-18 16:02:45,405 [INFO] governor: Health: 100% | Cycle: 607
2026-07-18 16:02:45,406 [INFO] governor: Observed screen - nodes: 0
2026-07-18 16:02:47,686 [INFO] governor: System via rish: 15
📋 Enqueued: Process user screen interaction [NORMAL]
⚙️ Executing: Process user screen interaction
✅ Completed: Process user screen interaction
2026-07-18 16:02:47,687 [INFO] governor: Governor cycle 608 completed
2026-07-18 16:02:50,689 [INFO] governor: Health: 100% | Cycle: 608
2026-07-18 16:02:50,690 [INFO] governor: Observed screen - nodes: 0
2026-07-18 16:02:52,868 [INFO] governor: System via rish: 15
shell
📋 Enqueued: Process user screen interaction [NORMAL]
⚙️ Executing: Process user screen interaction
✅ Completed: Process user screen interaction
2026-07-18 16:02:52,869 [INFO] governor: Governor cycle 609 completed
2026-07-18 16:02:55,870 [INFO] governor: Health: 100% | Cycle: 609
2026-07-18 16:02:55,871 [INFO] governor: Observed screen - nodes: 0
2026-07-18 16:02:58,159 [INFO] governor: System via rish: 15
📋 Enqueued: Analyze screen for UI changes [HIGH]
⚙️ Executing: Analyze screen for UI changes
✅ Completed: Analyze screen for UI changes
2026-07-18 16:02:58,161 [INFO] governor: Governor cycle 610 completed
2026-07-18 16:03:01,163 [INFO] governor: Health: 100% | Cycle: 610
2026-07-18 16:03:01,164 [INFO] governor: Observed screen - nodes: 0
2026-07-18 16:03:03,179 [INFO] governor: System via rish: 15
📋 Enqueued: Process user screen interaction [NORMAL]
⚙️ Executing: Process user screen interaction
✅ Completed: Process user screen interaction
2026-07-18 16:03:03,180 [INFO] governor: Governor cycle 611 completed
2026-07-18 16:03:06,183 [INFO] governor: Health: 100% | Cycle: 611
2026-07-18 16:03:06,184 [INFO] governor: Observed screen - nodes: 0
2026-07-18 16:03:08,100 [INFO] governor: System via rish: 15
📋 Enqueued: Process user screen interaction [NORMAL]
⚙️ Executing: Process user screen interaction
✅ Completed: Process user screen interaction
2026-07-18 16:03:08,101 [INFO] governor: Governor cycle 612 completed
2026-07-18 16:03:11,104 [INFO] governor: Health: 100% | Cycle: 612
2026-07-18 16:03:11,105 [INFO] governor: Observed screen - nodes: 0
2026-07-18 16:03:13,063 [INFO] governor: System via rish: shell
📋 Enqueued: Process user screen interaction [NORMAL]
⚙️ Executing: Process user screen interaction
✅ Completed: Process user screen interaction
2026-07-18 16:03:13,064 [INFO] governor: Governor cycle 613 completed
2026-07-18 16:03:16,065 [INFO] governor: Health: 100% | Cycle: 613
2026-07-18 16:03:16,067 [INFO] governor: Observed screen - nodes: 0
2026-07-18 16:03:18,093 [INFO] governor: System via rish: 15
📋 Enqueued: Process user screen interaction [NORMAL]
⚙️ Executing: Process user screen interaction
✅ Completed: Process user screen interaction
2026-07-18 16:03:18,094 [INFO] governor: Governor cycle 614 completed
2026-07-18 16:03:21,096 [INFO] governor: Health: 100% | Cycle: 614
2026-07-18 16:03:21,097 [INFO] governor: Observed screen - nodes: 0
2026-07-18 16:03:23,114 [INFO] governor: System via rish: 15
📋 Enqueued: Analyze screen for UI changes [HIGH]
⚙️ Executing: Analyze screen for UI changes
✅ Completed: Analyze screen for UI changes
2026-07-18 16:03:23,115 [INFO] governor: Governor cycle 615 completed
2026-07-18 16:03:26,117 [INFO] governor: Health: 100% | Cycle: 615
2026-07-18 16:03:26,118 [INFO] governor: Observed screen - nodes: 0
2026-07-18 16:03:28,200 [INFO] governor: System via rish: 15
📋 Enqueued: Process user screen interaction [NORMAL]
⚙️ Executing: Process user screen interaction
✅ Completed: Process user screen interaction
2026-07-18 16:03:28,200 [INFO] governor: Governor cycle 616 completed
2026-07-18 16:03:31,202 [INFO] governor: Health: 100% | Cycle: 616
2026-07-18 16:03:31,204 [INFO] governor: Observed screen - nodes: 0
2026-07-18 16:03:32,821 [INFO] governor: System via rish: 15
📋 Enqueued: Process user screen interaction [NORMAL]
⚙️ Executing: Process user screen interaction
✅ Completed: Process user screen interaction
2026-07-18 16:03:32,823 [INFO] governor: Governor cycle 617 completed
2026-07-18 16:03:35,823 [INFO] governor: Health: 100% | Cycle: 617
2026-07-18 16:03:35,824 [INFO] governor: Observed screen - nodes: 0
2026-07-18 16:03:38,933 [INFO] governor: System via rish: 15
📋 Enqueued: Process user screen interaction [NORMAL]
⚙️ Executing: Process user screen interaction
✅ Completed: Process user screen interaction
2026-07-18 16:03:38,936 [INFO] governor: Governor cycle 618 completed
2026-07-18 16:03:41,937 [INFO] governor: Health: 100% | Cycle: 618
2026-07-18 16:03:41,937 [INFO] governor: Observed screen - nodes: 0
2026-07-18 16:03:44,219 [INFO] governor: System via rish: 15
📋 Enqueued: Process user screen interaction [NORMAL]
⚙️ Executing: Process user screen interaction
✅ Completed: Process user screen interaction
2026-07-18 16:03:44,221 [INFO] governor: Governor cycle 619 completed
2026-07-18 16:03:47,224 [INFO] governor: Health: 100% | Cycle: 619
2026-07-18 16:03:47,225 [INFO] governor: Observed screen - nodes: 0
2026-07-18 16:03:49,198 [INFO] governor: System via rish: 15
📋 Enqueued: Analyze screen for UI changes [HIGH]
⚙️ Executing: Analyze screen for UI changes
✅ Completed: Analyze screen for UI changes
2026-07-18 16:03:49,199 [INFO] governor: Governor cycle 620 completed
2026-07-18 16:03:52,202 [INFO] governor: Health: 100% | Cycle: 620
2026-07-18 16:03:52,203 [INFO] governor: Observed screen - nodes: 0
2026-07-18 16:03:54,114 [INFO] governor: System via rish: 15
📋 Enqueued: Process user screen interaction [NORMAL]
⚙️ Executing: Process user screen interaction
✅ Completed: Process user screen interaction
2026-07-18 16:03:54,115 [INFO] governor: Governor cycle 621 completed
2026-07-18 16:03:57,116 [INFO] governor: Health: 100% | Cycle: 621
2026-07-18 16:03:57,117 [INFO] governor: Observed screen - nodes: 0
2026-07-18 16:03:59,220 [INFO] governor: System via rish: 15
📋 Enqueued: Process user screen interaction [NORMAL]
⚙️ Executing: Process user screen interaction
✅ Completed: Process user screen interaction
2026-07-18 16:03:59,222 [INFO] governor: Governor cycle 622 completed
2026-07-18 16:04:02,225 [INFO] governor: Health: 100% | Cycle: 622
2026-07-18 16:04:02,226 [INFO] governor: Observed screen - nodes: 0
2026-07-18 16:04:04,280 [INFO] governor: System via rish: 15
📋 Enqueued: Process user screen interaction [NORMAL]
⚙️ Executing: Process user screen interaction
✅ Completed: Process user screen interaction
2026-07-18 16:04:04,281 [INFO] governor: Governor cycle 623 completed
2026-07-18 16:04:07,282 [INFO] governor: Health: 100% | Cycle: 623
2026-07-18 16:04:07,284 [INFO] governor: Observed screen - nodes: 0
2026-07-18 16:04:09,357 [INFO] governor: System via rish: shell
📋 Enqueued: Process user screen interaction [NORMAL]
⚙️ Executing: Process user screen interaction
✅ Completed: Process user screen interaction
2026-07-18 16:04:09,359 [INFO] governor: Governor cycle 624 completed
2026-07-18 16:04:12,361 [INFO] governor: Health: 100% | Cycle: 624
2026-07-18 16:04:12,362 [INFO] governor: Observed screen - nodes: 0
2026-07-18 16:04:14,472 [INFO] governor: System via rish: shell
📋 Enqueued: Analyze screen for UI changes [HIGH]
⚙️ Executing: Analyze screen for UI changes
✅ Completed: Analyze screen for UI changes
2026-07-18 16:04:14,474 [INFO] governor: Governor cycle 625 completed
2026-07-18 16:04:17,475 [INFO] governor: Health: 100% | Cycle: 625
2026-07-18 16:04:17,477 [INFO] governor: Observed screen - nodes: 0
2026-07-18 16:04:19,553 [INFO] governor: System via rish: 15
📋 Enqueued: Process user screen interaction [NORMAL]
⚙️ Executing: Process user screen interaction
✅ Completed: Process user screen interaction
2026-07-18 16:04:19,554 [INFO] governor: Governor cycle 626 completed
2026-07-18 16:04:22,556 [INFO] governor: Health: 100% | Cycle: 626
2026-07-18 16:04:22,557 [INFO] governor: Observed screen - nodes: 0
2026-07-18 16:04:24,607 [INFO] governor: System via rish: 15
📋 Enqueued: Process user screen interaction [NORMAL]
⚙️ Executing: Process user screen interaction
✅ Completed: Process user screen interaction
2026-07-18 16:04:24,609 [INFO] governor: Governor cycle 627 completed
2026-07-18 16:04:27,612 [INFO] governor: Health: 100% | Cycle: 627
2026-07-18 16:04:27,613 [INFO] governor: Observed screen - nodes: 0
2026-07-18 16:04:29,708 [INFO] governor: System via rish: 15
📋 Enqueued: Process user screen interaction [NORMAL]
⚙️ Executing: Process user screen interaction
✅ Completed: Process user screen interaction
2026-07-18 16:04:29,710 [INFO] governor: Governor cycle 628 completed
2026-07-18 16:04:32,712 [INFO] governor: Health: 100% | Cycle: 628
2026-07-18 16:04:32,713 [INFO] governor: Observed screen - nodes: 0
2026-07-18 16:04:35,072 [INFO] governor: System via rish: 15
📋 Enqueued: Process user screen interaction [NORMAL]
⚙️ Executing: Process user screen interaction
✅ Completed: Process user screen interaction
2026-07-18 16:04:35,073 [INFO] governor: Governor cycle 629 completed
2026-07-18 16:04:38,075 [INFO] governor: Health: 100% | Cycle: 629
2026-07-18 16:04:38,076 [INFO] governor: Observed screen - nodes: 0
2026-07-18 16:04:40,105 [INFO] governor: System via rish: shell
📋 Enqueued: Analyze screen for UI changes [HIGH]
⚙️ Executing: Analyze screen for UI changes
✅ Completed: Analyze screen for UI changes
2026-07-18 16:04:40,107 [INFO] governor: Governor cycle 630 completed
2026-07-18 16:04:43,109 [INFO] governor: Health: 100% | Cycle: 630
2026-07-18 16:04:43,110 [INFO] governor: Observed screen - nodes: 0
2026-07-18 16:04:45,110 [INFO] governor: System via rish: 15
📋 Enqueued: Process user screen interaction [NORMAL]
⚙️ Executing: Process user screen interaction
✅ Completed: Process user screen interaction
2026-07-18 16:04:45,111 [INFO] governor: Governor cycle 631 completed
2026-07-18 16:04:48,113 [INFO] governor: Health: 100% | Cycle: 631
2026-07-18 16:04:48,114 [INFO] governor: Observed screen - nodes: 0
2026-07-18 16:04:50,053 [INFO] governor: System via rish: 15
📋 Enqueued: Process user screen interaction [NORMAL]
⚙️ Executing: Process user screen interaction
✅ Completed: Process user screen interaction
2026-07-18 16:04:50,054 [INFO] governor: Governor cycle 632 completed
2026-07-18 16:04:53,056 [INFO] governor: Health: 100% | Cycle: 632
2026-07-18 16:04:53,057 [INFO] governor: Observed screen - nodes: 0
2026-07-18 16:04:54,966 [INFO] governor: System via rish: 15
📋 Enqueued: Process user screen interaction [NORMAL]
⚙️ Executing: Process user screen interaction
✅ Completed: Process user screen interaction
2026-07-18 16:04:54,968 [INFO] governor: Governor cycle 633 completed
2026-07-18 16:04:57,971 [INFO] governor: Health: 100% | Cycle: 633
2026-07-18 16:04:57,972 [INFO] governor: Observed screen - nodes: 0
2026-07-18 16:05:00,021 [INFO] governor: System via rish: 15
📋 Enqueued: Process user screen interaction [NORMAL]
⚙️ Executing: Process user screen interaction
✅ Completed: Process user screen interaction
2026-07-18 16:05:00,022 [INFO] governor: Governor cycle 634 completed
2026-07-18 16:05:03,025 [INFO] governor: Health: 100% | Cycle: 634
2026-07-18 16:05:03,026 [INFO] governor: Observed screen - nodes: 0
2026-07-18 16:05:05,093 [INFO] governor: System via rish: shell
📋 Enqueued: Analyze screen for UI changes [HIGH]
⚙️ Executing: Analyze screen for UI changes
✅ Completed: Analyze screen for UI changes
2026-07-18 16:05:05,094 [INFO] governor: Governor cycle 635 completed
2026-07-18 16:05:08,096 [INFO] governor: Health: 100% | Cycle: 635
2026-07-18 16:05:08,097 [INFO] governor: Observed screen - nodes: 0
2026-07-18 16:05:10,168 [INFO] governor: System via rish: 15
📋 Enqueued: Process user screen interaction [NORMAL]
⚙️ Executing: Process user screen interaction
✅ Completed: Process user screen interaction
2026-07-18 16:05:10,170 [INFO] governor: Governor cycle 636 completed
2026-07-18 16:05:13,171 [INFO] governor: Health: 100% | Cycle: 636
2026-07-18 16:05:13,172 [INFO] governor: Observed screen - nodes: 0
2026-07-18 16:05:15,254 [INFO] governor: System via rish: 15
📋 Enqueued: Process user screen interaction [NORMAL]
⚙️ Executing: Process user screen interaction
✅ Completed: Process user screen interaction
2026-07-18 16:05:15,255 [INFO] governor: Governor cycle 637 completed
2026-07-18 16:05:18,258 [INFO] governor: Health: 100% | Cycle: 637
2026-07-18 16:05:18,259 [INFO] governor: Observed screen - nodes: 0
2026-07-18 16:05:20,360 [INFO] governor: System via rish: 15
📋 Enqueued: Process user screen interaction [NORMAL]
⚙️ Executing: Process user screen interaction
✅ Completed: Process user screen interaction
2026-07-18 16:05:20,361 [INFO] governor: Governor cycle 638 completed
2026-07-18 16:05:23,363 [INFO] governor: Health: 100% | Cycle: 638
2026-07-18 16:05:23,365 [INFO] governor: Observed screen - nodes: 0
2026-07-18 16:05:25,501 [INFO] governor: System via rish: shell
📋 Enqueued: Process user screen interaction [NORMAL]
⚙️ Executing: Process user screen interaction
✅ Completed: Process user screen interaction
2026-07-18 16:05:25,502 [INFO] governor: Governor cycle 639 completed
2026-07-18 16:05:28,503 [INFO] governor: Health: 100% | Cycle: 639
2026-07-18 16:05:28,504 [INFO] governor: Observed screen - nodes: 0
2026-07-18 16:05:30,713 [INFO] governor: System via rish: shell
📋 Enqueued: Analyze screen for UI changes [HIGH]
⚙️ Executing: Analyze screen for UI changes
✅ Completed: Analyze screen for UI changes
2026-07-18 16:05:30,714 [INFO] governor: Governor cycle 640 completed
2026-07-18 16:05:33,715 [INFO] governor: Health: 100% | Cycle: 640
2026-07-18 16:05:33,716 [INFO] governor: Observed screen - nodes: 0
2026-07-18 16:05:35,824 [INFO] governor: System via rish: 15
📋 Enqueued: Process user screen interaction [NORMAL]
⚙️ Executing: Process user screen interaction
✅ Completed: Process user screen interaction
2026-07-18 16:05:35,826 [INFO] governor: Governor cycle 641 completed
2026-07-18 16:05:38,826 [INFO] governor: Health: 100% | Cycle: 641
2026-07-18 16:05:38,827 [INFO] governor: Observed screen - nodes: 0
2026-07-18 16:05:41,508 [INFO] governor: System via rish: shell
📋 Enqueued: Process user screen interaction [NORMAL]
⚙️ Executing: Process user screen interaction
✅ Completed: Process user screen interaction
2026-07-18 16:05:41,509 [INFO] governor: Governor cycle 642 completed
2026-07-18 16:05:44,510 [INFO] governor: Health: 100% | Cycle: 642
2026-07-18 16:05:44,511 [INFO] governor: Observed screen - nodes: 0
2026-07-18 16:05:46,976 [INFO] governor: System via rish: shell
📋 Enqueued: Process user screen interaction [NORMAL]
⚙️ Executing: Process user screen interaction
✅ Completed: Process user screen interaction
2026-07-18 16:05:46,978 [INFO] governor: Governor cycle 643 completed
2026-07-18 16:05:49,980 [INFO] governor: Health: 100% | Cycle: 643
2026-07-18 16:05:49,981 [INFO] governor: Observed screen - nodes: 0
2026-07-18 16:05:52,196 [INFO] governor: System via rish: 15
📋 Enqueued: Process user screen interaction [NORMAL]
⚙️ Executing: Process user screen interaction
✅ Completed: Process user screen interaction
2026-07-18 16:05:52,197 [INFO] governor: Governor cycle 644 completed
2026-07-18 16:05:55,198 [INFO] governor: Health: 100% | Cycle: 644
2026-07-18 16:05:55,200 [INFO] governor: Observed screen - nodes: 0
2026-07-18 16:05:57,242 [INFO] governor: System via rish: 15
📋 Enqueued: Analyze screen for UI changes [HIGH]
⚙️ Executing: Analyze screen for UI changes
✅ Completed: Analyze screen for UI changes
2026-07-18 16:05:57,244 [INFO] governor: Governor cycle 645 completed
2026-07-18 16:06:00,245 [INFO] governor: Health: 100% | Cycle: 645
2026-07-18 16:06:00,246 [INFO] governor: Observed screen - nodes: 0
2026-07-18 16:06:02,243 [INFO] governor: System via rish: 15
📋 Enqueued: Process user screen interaction [NORMAL]
⚙️ Executing: Process user screen interaction
✅ Completed: Process user screen interaction
2026-07-18 16:06:02,244 [INFO] governor: Governor cycle 646 completed
2026-07-18 16:06:05,246 [INFO] governor: Health: 100% | Cycle: 646
2026-07-18 16:06:05,247 [INFO] governor: Observed screen - nodes: 0
2026-07-18 16:06:07,222 [INFO] governor: System via rish: 15
📋 Enqueued: Process user screen interaction [NORMAL]
⚙️ Executing: Process user screen interaction
✅ Completed: Process user screen interaction
2026-07-18 16:06:07,223 [INFO] governor: Governor cycle 647 completed
2026-07-18 16:06:10,224 [INFO] governor: Health: 100% | Cycle: 647
2026-07-18 16:06:10,225 [INFO] governor: Observed screen - nodes: 0
2026-07-18 16:06:12,332 [INFO] governor: System via rish: 15
📋 Enqueued: Process user screen interaction [NORMAL]
⚙️ Executing: Process user screen interaction
✅ Completed: Process user screen interaction
2026-07-18 16:06:12,333 [INFO] governor: Governor cycle 648 completed
2026-07-18 16:06:15,336 [INFO] governor: Health: 100% | Cycle: 648
2026-07-18 16:06:15,337 [INFO] governor: Observed screen - nodes: 0
2026-07-18 16:06:17,432 [INFO] governor: System via rish: 15
📋 Enqueued: Process user screen interaction [NORMAL]
⚙️ Executing: Process user screen interaction
✅ Completed: Process user screen interaction
2026-07-18 16:06:17,435 [INFO] governor: Governor cycle 649 completed
2026-07-18 16:06:20,436 [INFO] governor: Health: 100% | Cycle: 649
2026-07-18 16:06:20,438 [INFO] governor: Observed screen - nodes: 0
2026-07-18 16:06:22,525 [INFO] governor: System via rish: shell
📋 Enqueued: Analyze screen for UI changes [HIGH]
⚙️ Executing: Analyze screen for UI changes
✅ Completed: Analyze screen for UI changes
2026-07-18 16:06:22,526 [INFO] governor: Governor cycle 650 completed
2026-07-18 16:06:25,529 [INFO] governor: Health: 100% | Cycle: 650
2026-07-18 16:06:25,530 [INFO] governor: Observed screen - nodes: 0
2026-07-18 16:06:27,531 [INFO] governor: System via rish: 15
📋 Enqueued: Process user screen interaction [NORMAL]
⚙️ Executing: Process user screen interaction
✅ Completed: Process user screen interaction
2026-07-18 16:06:27,532 [INFO] governor: Governor cycle 651 completed
2026-07-18 16:06:30,535 [INFO] governor: Health: 100% | Cycle: 651
2026-07-18 16:06:30,536 [INFO] governor: Observed screen - nodes: 0
2026-07-18 16:06:32,529 [INFO] governor: System via rish: 15
📋 Enqueued: Process user screen interaction [NORMAL]
⚙️ Executing: Process user screen interaction
✅ Completed: Process user screen interaction
2026-07-18 16:06:32,531 [INFO] governor: Governor cycle 652 completed
2026-07-18 16:06:35,533 [INFO] governor: Health: 100% | Cycle: 652
2026-07-18 16:06:35,534 [INFO] governor: Observed screen - nodes: 0
2026-07-18 16:06:38,346 [INFO] governor: System via rish: shell
📋 Enqueued: Process user screen interaction [NORMAL]
⚙️ Executing: Process user screen interaction
✅ Completed: Process user screen interaction
2026-07-18 16:06:38,347 [INFO] governor: Governor cycle 653 completed
2026-07-18 16:06:41,349 [INFO] governor: Health: 100% | Cycle: 653
2026-07-18 16:06:41,350 [INFO] governor: Observed screen - nodes: 0
2026-07-18 16:06:43,341 [INFO] governor: System via rish: 15
📋 Enqueued: Process user screen interaction [NORMAL]
⚙️ Executing: Process user screen interaction
✅ Completed: Process user screen interaction
2026-07-18 16:06:43,342 [INFO] governor: Governor cycle 654 completed
2026-07-18 16:06:46,343 [INFO] governor: Health: 100% | Cycle: 654
2026-07-18 16:06:46,344 [INFO] governor: Observed screen - nodes: 0
2026-07-18 16:06:49,475 [INFO] governor: System via rish: 15
📋 Enqueued: Analyze screen for UI changes [HIGH]
⚙️ Executing: Analyze screen for UI changes
✅ Completed: Analyze screen for UI changes
2026-07-18 16:06:49,477 [INFO] governor: Governor cycle 655 completed
2026-07-18 16:06:52,477 [INFO] governor: Health: 100% | Cycle: 655
2026-07-18 16:06:52,478 [INFO] governor: Observed screen - nodes: 0
2026-07-18 16:06:55,182 [INFO] governor: System via rish: 15
📋 Enqueued: Process user screen interaction [NORMAL]
⚙️ Executing: Process user screen interaction
✅ Completed: Process user screen interaction
2026-07-18 16:06:55,183 [INFO] governor: Governor cycle 656 completed
2026-07-18 16:06:58,184 [INFO] governor: Health: 100% | Cycle: 656
2026-07-18 16:06:58,185 [INFO] governor: Observed screen - nodes: 0
2026-07-18 16:07:00,116 [INFO] governor: System via rish: shell
📋 Enqueued: Process user screen interaction [NORMAL]
⚙️ Executing: Process user screen interaction
✅ Completed: Process user screen interaction
2026-07-18 16:07:00,117 [INFO] governor: Governor cycle 657 completed
2026-07-18 16:07:03,118 [INFO] governor: Health: 100% | Cycle: 657
2026-07-18 16:07:03,119 [INFO] governor: Observed screen - nodes: 0
2026-07-18 16:07:05,085 [INFO] governor: System via rish: 15
📋 Enqueued: Process user screen interaction [NORMAL]
⚙️ Executing: Process user screen interaction
✅ Completed: Process user screen interaction
2026-07-18 16:07:05,087 [INFO] governor: Governor cycle 658 completed
2026-07-18 16:07:08,088 [INFO] governor: Health: 100% | Cycle: 658
2026-07-18 16:07:08,089 [INFO] governor: Observed screen - nodes: 0
2026-07-18 16:07:10,214 [INFO] governor: System via rish: 15
📋 Enqueued: Process user screen interaction [NORMAL]
⚙️ Executing: Process user screen interaction
✅ Completed: Process user screen interaction
2026-07-18 16:07:10,215 [INFO] governor: Governor cycle 659 completed
2026-07-18 16:07:13,217 [INFO] governor: Health: 100% | Cycle: 659
2026-07-18 16:07:13,217 [INFO] governor: Observed screen - nodes: 0
2026-07-18 16:07:15,311 [INFO] governor: System via rish: 15
📋 Enqueued: Analyze screen for UI changes [HIGH]
⚙️ Executing: Analyze screen for UI changes
✅ Completed: Analyze screen for UI changes
2026-07-18 16:07:15,312 [INFO] governor: Governor cycle 660 completed
2026-07-18 16:07:18,313 [INFO] governor: Health: 100% | Cycle: 660
2026-07-18 16:07:18,315 [INFO] governor: Observed screen - nodes: 0
2026-07-18 16:07:20,372 [INFO] governor: System via rish: shell
📋 Enqueued: Process user screen interaction [NORMAL]
⚙️ Executing: Process user screen interaction
✅ Completed: Process user screen interaction
2026-07-18 16:07:20,373 [INFO] governor: Governor cycle 661 completed
2026-07-18 16:07:23,374 [INFO] governor: Health: 100% | Cycle: 661
2026-07-18 16:07:23,375 [INFO] governor: Observed screen - nodes: 0
2026-07-18 16:07:25,394 [INFO] governor: System via rish: 15
📋 Enqueued: Process user screen interaction [NORMAL]
⚙️ Executing: Process user screen interaction
✅ Completed: Process user screen interaction
2026-07-18 16:07:25,395 [INFO] governor: Governor cycle 662 completed
2026-07-18 16:07:28,397 [INFO] governor: Health: 100% | Cycle: 662
2026-07-18 16:07:28,398 [INFO] governor: Observed screen - nodes: 0
2026-07-18 16:07:30,412 [INFO] governor: System via rish: 15
📋 Enqueued: Process user screen interaction [NORMAL]
⚙️ Executing: Process user screen interaction
✅ Completed: Process user screen interaction
2026-07-18 16:07:30,413 [INFO] governor: Governor cycle 663 completed
2026-07-18 16:07:33,415 [INFO] governor: Health: 100% | Cycle: 663
2026-07-18 16:07:33,416 [INFO] governor: Observed screen - nodes: 0
2026-07-18 16:07:35,431 [INFO] governor: System via rish: 15
📋 Enqueued: Process user screen interaction [NORMAL]
⚙️ Executing: Process user screen interaction
✅ Completed: Process user screen interaction
2026-07-18 16:07:35,432 [INFO] governor: Governor cycle 664 completed
2026-07-18 16:07:38,433 [INFO] governor: Health: 100% | Cycle: 664
2026-07-18 16:07:38,434 [INFO] governor: Observed screen - nodes: 0
2026-07-18 16:07:40,433 [INFO] governor: System via rish: 15
📋 Enqueued: Analyze screen for UI changes [HIGH]
⚙️ Executing: Analyze screen for UI changes
✅ Completed: Analyze screen for UI changes
2026-07-18 16:07:40,435 [INFO] governor: Governor cycle 665 completed
2026-07-18 16:07:43,436 [INFO] governor: Health: 100% | Cycle: 665
2026-07-18 16:07:43,437 [INFO] governor: Observed screen - nodes: 0
2026-07-18 16:07:45,858 [INFO] governor: System via rish: shell
📋 Enqueued: Process user screen interaction [NORMAL]
⚙️ Executing: Process user screen interaction
✅ Completed: Process user screen interaction
2026-07-18 16:07:45,860 [INFO] governor: Governor cycle 666 completed
2026-07-18 16:07:48,862 [INFO] governor: Health: 100% | Cycle: 666
2026-07-18 16:07:48,863 [INFO] governor: Observed screen - nodes: 0
2026-07-18 16:07:50,888 [INFO] governor: System via rish: 15
📋 Enqueued: Process user screen interaction [NORMAL]
⚙️ Executing: Process user screen interaction
✅ Completed: Process user screen interaction
2026-07-18 16:07:50,889 [INFO] governor: Governor cycle 667 completed
2026-07-18 16:07:53,891 [INFO] governor: Health: 100% | Cycle: 667
2026-07-18 16:07:53,892 [INFO] governor: Observed screen - nodes: 0
2026-07-18 16:07:55,879 [INFO] governor: System via rish: 15
📋 Enqueued: Process user screen interaction [NORMAL]
⚙️ Executing: Process user screen interaction
✅ Completed: Process user screen interaction
2026-07-18 16:07:55,880 [INFO] governor: Governor cycle 668 completed
2026-07-18 16:07:58,882 [INFO] governor: Health: 100% | Cycle: 668
2026-07-18 16:07:58,883 [INFO] governor: Observed screen - nodes: 0
2026-07-18 16:08:00,929 [INFO] governor: System via rish: 15
📋 Enqueued: Process user screen interaction [NORMAL]
⚙️ Executing: Process user screen interaction
✅ Completed: Process user screen interaction
2026-07-18 16:08:00,930 [INFO] governor: Governor cycle 669 completed
2026-07-18 16:08:03,932 [INFO] governor: Health: 100% | Cycle: 669
2026-07-18 16:08:03,933 [INFO] governor: Observed screen - nodes: 0
2026-07-18 16:08:05,945 [INFO] governor: System via rish: 15
📋 Enqueued: Analyze screen for UI changes [HIGH]
⚙️ Executing: Analyze screen for UI changes
✅ Completed: Analyze screen for UI changes
2026-07-18 16:08:05,945 [INFO] governor: Governor cycle 670 completed
2026-07-18 16:08:08,947 [INFO] governor: Health: 100% | Cycle: 670
2026-07-18 16:08:08,948 [INFO] governor: Observed screen - nodes: 0
2026-07-18 16:08:10,968 [INFO] governor: System via rish: 15
📋 Enqueued: Process user screen interaction [NORMAL]
⚙️ Executing: Process user screen interaction
✅ Completed: Process user screen interaction
2026-07-18 16:08:10,970 [INFO] governor: Governor cycle 671 completed
2026-07-18 16:08:13,971 [INFO] governor: Health: 100% | Cycle: 671
2026-07-18 16:08:13,972 [INFO] governor: Observed screen - nodes: 0
2026-07-18 16:08:15,975 [INFO] governor: System via rish: 15
📋 Enqueued: Process user screen interaction [NORMAL]
⚙️ Executing: Process user screen interaction
✅ Completed: Process user screen interaction
2026-07-18 16:08:15,977 [INFO] governor: Governor cycle 672 completed
2026-07-18 16:08:18,979 [INFO] governor: Health: 100% | Cycle: 672
2026-07-18 16:08:18,980 [INFO] governor: Observed screen - nodes: 0
2026-07-18 16:08:21,002 [INFO] governor: System via rish: 15
📋 Enqueued: Process user screen interaction [NORMAL]
⚙️ Executing: Process user screen interaction
✅ Completed: Process user screen interaction
2026-07-18 16:08:21,004 [INFO] governor: Governor cycle 673 completed
2026-07-18 16:08:24,006 [INFO] governor: Health: 100% | Cycle: 673
2026-07-18 16:08:24,007 [INFO] governor: Observed screen - nodes: 0
2026-07-18 16:08:25,985 [INFO] governor: System via rish: shell
📋 Enqueued: Process user screen interaction [NORMAL]
⚙️ Executing: Process user screen interaction
✅ Completed: Process user screen interaction
2026-07-18 16:08:25,986 [INFO] governor: Governor cycle 674 completed
2026-07-18 16:08:28,987 [INFO] governor: Health: 100% | Cycle: 674
2026-07-18 16:08:28,989 [INFO] governor: Observed screen - nodes: 0
2026-07-18 16:08:30,719 [INFO] governor: System via rish: 15
📋 Enqueued: Analyze screen for UI changes [HIGH]
⚙️ Executing: Analyze screen for UI changes
✅ Completed: Analyze screen for UI changes
2026-07-18 16:08:30,721 [INFO] governor: Governor cycle 675 completed
2026-07-18 16:08:33,723 [INFO] governor: Health: 100% | Cycle: 675
2026-07-18 16:08:33,724 [INFO] governor: Observed screen - nodes: 0
2026-07-18 16:08:35,361 [INFO] governor: System via rish: 15
📋 Enqueued: Process user screen interaction [NORMAL]
⚙️ Executing: Process user screen interaction
✅ Completed: Process user screen interaction
2026-07-18 16:08:35,361 [INFO] governor: Governor cycle 676 completed
2026-07-18 16:08:38,363 [INFO] governor: Health: 100% | Cycle: 676
2026-07-18 16:08:38,363 [INFO] governor: Observed screen - nodes: 0
2026-07-18 16:08:39,951 [INFO] governor: System via rish: 15
📋 Enqueued: Process user screen interaction [NORMAL]
⚙️ Executing: Process user screen interaction
✅ Completed: Process user screen interaction
2026-07-18 16:08:39,952 [INFO] governor: Governor cycle 677 completed
2026-07-18 16:08:42,954 [INFO] governor: Health: 100% | Cycle: 677
2026-07-18 16:08:42,955 [INFO] governor: Observed screen - nodes: 0
2026-07-18 16:08:44,438 [INFO] governor: System via rish: 15
📋 Enqueued: Process user screen interaction [NORMAL]
⚙️ Executing: Process user screen interaction
✅ Completed: Process user screen interaction
2026-07-18 16:08:44,439 [INFO] governor: Governor cycle 678 completed
2026-07-18 16:08:47,440 [INFO] governor: Health: 100% | Cycle: 678
2026-07-18 16:08:47,441 [INFO] governor: Observed screen - nodes: 0
2026-07-18 16:08:49,115 [INFO] governor: System via rish: 15
📋 Enqueued: Process user screen interaction [NORMAL]
⚙️ Executing: Process user screen interaction
✅ Completed: Process user screen interaction
2026-07-18 16:08:49,116 [INFO] governor: Governor cycle 679 completed
2026-07-18 16:08:52,118 [INFO] governor: Health: 100% | Cycle: 679
2026-07-18 16:08:52,119 [INFO] governor: Observed screen - nodes: 0
2026-07-18 16:08:53,752 [INFO] governor: System via rish: 15
📋 Enqueued: Analyze screen for UI changes [HIGH]
⚙️ Executing: Analyze screen for UI changes
✅ Completed: Analyze screen for UI changes
2026-07-18 16:08:53,754 [INFO] governor: Governor cycle 680 completed
2026-07-18 16:08:56,756 [INFO] governor: Health: 100% | Cycle: 680
2026-07-18 16:08:56,757 [INFO] governor: Observed screen - nodes: 0
2026-07-18 16:08:58,451 [INFO] governor: System via rish: shell
📋 Enqueued: Process user screen interaction [NORMAL]
⚙️ Executing: Process user screen interaction
✅ Completed: Process user screen interaction
2026-07-18 16:08:58,453 [INFO] governor: Governor cycle 681 completed
2026-07-18 16:09:01,455 [INFO] governor: Health: 100% | Cycle: 681
2026-07-18 16:09:01,456 [INFO] governor: Observed screen - nodes: 0
2026-07-18 16:09:03,400 [INFO] governor: System via rish: shell
📋 Enqueued: Process user screen interaction [NORMAL]
⚙️ Executing: Process user screen interaction
✅ Completed: Process user screen interaction
2026-07-18 16:09:03,401 [INFO] governor: Governor cycle 682 completed
2026-07-18 16:09:06,403 [INFO] governor: Health: 100% | Cycle: 682
2026-07-18 16:09:06,404 [INFO] governor: Observed screen - nodes: 0
2026-07-18 16:09:08,326 [INFO] governor: System via rish: 15
📋 Enqueued: Process user screen interaction [NORMAL]
⚙️ Executing: Process user screen interaction
✅ Completed: Process user screen interaction
2026-07-18 16:09:08,327 [INFO] governor: Governor cycle 683 completed
2026-07-18 16:09:11,328 [INFO] governor: Health: 100% | Cycle: 683
2026-07-18 16:09:11,329 [INFO] governor: Observed screen - nodes: 0
2026-07-18 16:09:13,916 [INFO] governor: System via rish: 15
📋 Enqueued: Process user screen interaction [NORMAL]
⚙️ Executing: Process user screen interaction
✅ Completed: Process user screen interaction
2026-07-18 16:09:13,917 [INFO] governor: Governor cycle 684 completed
2026-07-18 16:09:16,917 [INFO] governor: Health: 100% | Cycle: 684
2026-07-18 16:09:16,918 [INFO] governor: Observed screen - nodes: 0
2026-07-18 16:09:20,817 [INFO] governor: System via rish: 15
📋 Enqueued: Analyze screen for UI changes [HIGH]
⚙️ Executing: Analyze screen for UI changes
✅ Completed: Analyze screen for UI changes
2026-07-18 16:09:20,819 [INFO] governor: Governor cycle 685 completed
2026-07-18 16:09:23,820 [INFO] governor: Health: 100% | Cycle: 685
2026-07-18 16:09:23,821 [INFO] governor: Observed screen - nodes: 0
2026-07-18 16:09:27,583 [INFO] governor: System via rish: 15
📋 Enqueued: Process user screen interaction [NORMAL]
⚙️ Executing: Process user screen interaction
✅ Completed: Process user screen interaction
2026-07-18 16:09:27,589 [INFO] governor: Governor cycle 686 completed
2026-07-18 16:09:30,590 [INFO] governor: Health: 100% | Cycle: 686
2026-07-18 16:09:30,591 [INFO] governor: Observed screen - nodes: 0
2026-07-18 16:09:34,155 [INFO] governor: System via rish: 15
📋 Enqueued: Process user screen interaction [NORMAL]
⚙️ Executing: Process user screen interaction
✅ Completed: Process user screen interaction
2026-07-18 16:09:34,156 [INFO] governor: Governor cycle 687 completed
2026-07-18 16:09:37,158 [INFO] governor: Health: 100% | Cycle: 687
2026-07-18 16:09:37,159 [INFO] governor: Observed screen - nodes: 0
2026-07-18 16:09:41,894 [INFO] governor: System via rish: 15
📋 Enqueued: Process user screen interaction [NORMAL]
⚙️ Executing: Process user screen interaction
✅ Completed: Process user screen interaction
2026-07-18 16:09:41,895 [INFO] governor: Governor cycle 688 completed
2026-07-18 16:09:44,896 [INFO] governor: Health: 100% | Cycle: 688
2026-07-18 16:09:44,896 [INFO] governor: Observed screen - nodes: 0
2026-07-18 16:09:48,421 [INFO] governor: System via rish: 
📋 Enqueued: Process user screen interaction [NORMAL]
⚙️ Executing: Process user screen interaction
✅ Completed: Process user screen interaction
2026-07-18 16:09:48,422 [INFO] governor: Governor cycle 689 completed
2026-07-18 16:09:51,423 [INFO] governor: Health: 100% | Cycle: 689
2026-07-18 16:09:51,424 [INFO] governor: Observed screen - nodes: 0
2026-07-18 16:09:54,355 [INFO] governor: System via rish: shell
📋 Enqueued: Analyze screen for UI changes [HIGH]
⚙️ Executing: Analyze screen for UI changes
✅ Completed: Analyze screen for UI changes
2026-07-18 16:09:54,356 [INFO] governor: Governor cycle 690 completed
2026-07-18 16:09:57,356 [INFO] governor: Health: 100% | Cycle: 690
2026-07-18 16:09:57,357 [INFO] governor: Observed screen - nodes: 0
2026-07-18 16:09:59,757 [INFO] governor: System via rish: 15
📋 Enqueued: Process user screen interaction [NORMAL]
⚙️ Executing: Process user screen interaction
✅ Completed: Process user screen interaction
2026-07-18 16:09:59,758 [INFO] governor: Governor cycle 691 completed
2026-07-18 16:10:02,759 [INFO] governor: Health: 100% | Cycle: 691
2026-07-18 16:10:02,759 [INFO] governor: Observed screen - nodes: 0
2026-07-18 16:10:11,051 [INFO] governor: System via rish: 
📋 Enqueued: Process user screen interaction [NORMAL]
⚙️ Executing: Process user screen interaction
✅ Completed: Process user screen interaction
2026-07-18 16:10:11,059 [INFO] governor: Governor cycle 692 completed
2026-07-18 16:10:14,064 [INFO] governor: Health: 100% | Cycle: 692
2026-07-18 16:10:14,065 [INFO] governor: Observed screen - nodes: 0
2026-07-18 16:10:19,428 [INFO] governor: System via rish: shell
📋 Enqueued: Process user screen interaction [NORMAL]
⚙️ Executing: Process user screen interaction
✅ Completed: Process user screen interaction
2026-07-18 16:10:19,437 [INFO] governor: Governor cycle 693 completed
2026-07-18 16:10:22,438 [INFO] governor: Health: 100% | Cycle: 693
2026-07-18 16:10:22,439 [INFO] governor: Observed screen - nodes: 0
2026-07-18 16:10:26,258 [INFO] governor: System via rish: 15
📋 Enqueued: Process user screen interaction [NORMAL]
⚙️ Executing: Process user screen interaction
✅ Completed: Process user screen interaction
2026-07-18 16:10:26,260 [INFO] governor: Governor cycle 694 completed
2026-07-18 16:10:29,261 [INFO] governor: Health: 100% | Cycle: 694
2026-07-18 16:10:29,264 [INFO] governor: Observed screen - nodes: 0
2026-07-18 16:10:36,089 [INFO] governor: System via rish: 15
📋 Enqueued: Analyze screen for UI changes [HIGH]
⚙️ Executing: Analyze screen for UI changes
✅ Completed: Analyze screen for UI changes
2026-07-18 16:10:36,097 [INFO] governor: Governor cycle 695 completed
2026-07-18 16:10:39,099 [INFO] governor: Health: 100% | Cycle: 695
2026-07-18 16:10:39,099 [INFO] governor: Observed screen - nodes: 0
2026-07-18 16:10:44,536 [INFO] governor: System via rish: 15
📋 Enqueued: Process user screen interaction [NORMAL]
⚙️ Executing: Process user screen interaction
✅ Completed: Process user screen interaction
2026-07-18 16:10:44,538 [INFO] governor: Governor cycle 696 completed
2026-07-18 16:10:47,538 [INFO] governor: Health: 100% | Cycle: 696
2026-07-18 16:10:47,539 [INFO] governor: Observed screen - nodes: 0
2026-07-18 16:10:50,904 [INFO] governor: System via rish: shell
📋 Enqueued: Process user screen interaction [NORMAL]
⚙️ Executing: Process user screen interaction
✅ Completed: Process user screen interaction
2026-07-18 16:10:50,905 [INFO] governor: Governor cycle 697 completed
2026-07-18 16:10:53,905 [INFO] governor: Health: 100% | Cycle: 697
2026-07-18 16:10:53,906 [INFO] governor: Observed screen - nodes: 0
2026-07-18 16:10:57,156 [INFO] governor: System via rish: shell
📋 Enqueued: Process user screen interaction [NORMAL]
⚙️ Executing: Process user screen interaction
✅ Completed: Process user screen interaction
2026-07-18 16:10:57,157 [INFO] governor: Governor cycle 698 completed
2026-07-18 16:11:00,159 [INFO] governor: Health: 100% | Cycle: 698
2026-07-18 16:11:00,160 [INFO] governor: Observed screen - nodes: 0
2026-07-18 16:11:04,424 [INFO] governor: System via rish: 15
📋 Enqueued: Process user screen interaction [NORMAL]
⚙️ Executing: Process user screen interaction
✅ Completed: Process user screen interaction
2026-07-18 16:11:04,427 [INFO] governor: Governor cycle 699 completed
2026-07-18 16:11:07,428 [INFO] governor: Health: 100% | Cycle: 699
2026-07-18 16:11:07,430 [INFO] governor: Observed screen - nodes: 0
2026-07-18 16:11:10,486 [INFO] governor: System via rish: 15
📋 Enqueued: Analyze screen for UI changes [HIGH]
⚙️ Executing: Analyze screen for UI changes
✅ Completed: Analyze screen for UI changes
2026-07-18 16:11:10,487 [INFO] governor: Governor cycle 700 completed
2026-07-18 16:11:13,491 [INFO] governor: Health: 100% | Cycle: 700
2026-07-18 16:11:13,492 [INFO] governor: Observed screen - nodes: 0
2026-07-18 16:11:17,941 [INFO] governor: System via rish: 15
📋 Enqueued: Process user screen interaction [NORMAL]
⚙️ Executing: Process user screen interaction
✅ Completed: Process user screen interaction
2026-07-18 16:11:17,944 [INFO] governor: Governor cycle 701 completed
2026-07-18 16:11:20,945 [INFO] governor: Health: 100% | Cycle: 701
2026-07-18 16:11:20,945 [INFO] governor: Observed screen - nodes: 0
2026-07-18 16:11:24,301 [INFO] governor: System via rish: 15
📋 Enqueued: Process user screen interaction [NORMAL]
⚙️ Executing: Process user screen interaction
✅ Completed: Process user screen interaction
2026-07-18 16:11:24,302 [INFO] governor: Governor cycle 702 completed
2026-07-18 16:11:27,303 [INFO] governor: Health: 100% | Cycle: 702
2026-07-18 16:11:27,303 [INFO] governor: Observed screen - nodes: 0
2026-07-18 16:11:30,293 [INFO] governor: System via rish: 15
📋 Enqueued: Process user screen interaction [NORMAL]
⚙️ Executing: Process user screen interaction
✅ Completed: Process user screen interaction
2026-07-18 16:11:30,294 [INFO] governor: Governor cycle 703 completed
2026-07-18 16:11:33,295 [INFO] governor: Health: 100% | Cycle: 703
2026-07-18 16:11:33,296 [INFO] governor: Observed screen - nodes: 0
2026-07-18 16:11:40,301 [INFO] governor: System via rish: 
📋 Enqueued: Process user screen interaction [NORMAL]
⚙️ Executing: Process user screen interaction
✅ Completed: Process user screen interaction
2026-07-18 16:11:40,303 [INFO] governor: Governor cycle 704 completed
2026-07-18 16:11:43,307 [INFO] governor: Health: 100% | Cycle: 704
2026-07-18 16:11:43,310 [INFO] governor: Observed screen - nodes: 0
2026-07-18 16:11:47,789 [INFO] governor: System via rish: 15
📋 Enqueued: Analyze screen for UI changes [HIGH]
⚙️ Executing: Analyze screen for UI changes
✅ Completed: Analyze screen for UI changes
2026-07-18 16:11:47,792 [INFO] governor: Governor cycle 705 completed
2026-07-18 16:11:50,793 [INFO] governor: Health: 100% | Cycle: 705
2026-07-18 16:11:50,793 [INFO] governor: Observed screen - nodes: 0
2026-07-18 16:11:54,553 [INFO] governor: System via rish: shell
📋 Enqueued: Process user screen interaction [NORMAL]
⚙️ Executing: Process user screen interaction
✅ Completed: Process user screen interaction
2026-07-18 16:11:54,554 [INFO] governor: Governor cycle 706 completed
2026-07-18 16:11:57,554 [INFO] governor: Health: 100% | Cycle: 706
2026-07-18 16:11:57,555 [INFO] governor: Observed screen - nodes: 0
2026-07-18 16:12:00,756 [INFO] governor: System via rish: 15
📋 Enqueued: Process user screen interaction [NORMAL]
⚙️ Executing: Process user screen interaction
✅ Completed: Process user screen interaction
2026-07-18 16:12:00,759 [INFO] governor: Governor cycle 707 completed
2026-07-18 16:12:03,760 [INFO] governor: Health: 100% | Cycle: 707
2026-07-18 16:12:03,760 [INFO] governor: Observed screen - nodes: 0
2026-07-18 16:12:06,345 [INFO] governor: System via rish: 15
📋 Enqueued: Process user screen interaction [NORMAL]
⚙️ Executing: Process user screen interaction
✅ Completed: Process user screen interaction
2026-07-18 16:12:06,346 [INFO] governor: Governor cycle 708 completed
2026-07-18 16:12:09,347 [INFO] governor: Health: 100% | Cycle: 708
2026-07-18 16:12:09,347 [INFO] governor: Observed screen - nodes: 0
2026-07-18 16:12:12,190 [INFO] governor: System via rish: 15
📋 Enqueued: Process user screen interaction [NORMAL]
⚙️ Executing: Process user screen interaction
✅ Completed: Process user screen interaction
2026-07-18 16:12:12,191 [INFO] governor: Governor cycle 709 completed
2026-07-18 16:12:15,192 [INFO] governor: Health: 100% | Cycle: 709
2026-07-18 16:12:15,193 [INFO] governor: Observed screen - nodes: 0
2026-07-18 16:12:19,000 [INFO] governor: System via rish: shell
📋 Enqueued: Analyze screen for UI changes [HIGH]
⚙️ Executing: Analyze screen for UI changes
✅ Completed: Analyze screen for UI changes
2026-07-18 16:12:19,001 [INFO] governor: Governor cycle 710 completed
2026-07-18 16:12:22,002 [INFO] governor: Health: 100% | Cycle: 710
2026-07-18 16:12:22,002 [INFO] governor: Observed screen - nodes: 0
2026-07-18 16:12:24,965 [INFO] governor: System via rish: shell
📋 Enqueued: Process user screen interaction [NORMAL]
⚙️ Executing: Process user screen interaction
✅ Completed: Process user screen interaction
2026-07-18 16:12:24,966 [INFO] governor: Governor cycle 711 completed
2026-07-18 16:12:27,967 [INFO] governor: Health: 100% | Cycle: 711
2026-07-18 16:12:27,968 [INFO] governor: Observed screen - nodes: 0
2026-07-18 16:12:31,722 [INFO] governor: System via rish: 15
📋 Enqueued: Process user screen interaction [NORMAL]
⚙️ Executing: Process user screen interaction
✅ Completed: Process user screen interaction
2026-07-18 16:12:31,724 [INFO] governor: Governor cycle 712 completed
2026-07-18 16:12:34,725 [INFO] governor: Health: 100% | Cycle: 712
2026-07-18 16:12:34,726 [INFO] governor: Observed screen - nodes: 0
2026-07-18 16:12:37,485 [INFO] governor: System via rish: 15
📋 Enqueued: Process user screen interaction [NORMAL]
⚙️ Executing: Process user screen interaction
✅ Completed: Process user screen interaction
2026-07-18 16:12:37,485 [INFO] governor: Governor cycle 713 completed
2026-07-18 16:12:40,487 [INFO] governor: Health: 100% | Cycle: 713
2026-07-18 16:12:40,489 [INFO] governor: Observed screen - nodes: 0
2026-07-18 16:12:43,894 [INFO] governor: System via rish: shell
📋 Enqueued: Process user screen interaction [NORMAL]
⚙️ Executing: Process user screen interaction
✅ Completed: Process user screen interaction
2026-07-18 16:12:43,894 [INFO] governor: Governor cycle 714 completed
2026-07-18 16:12:46,895 [INFO] governor: Health: 100% | Cycle: 714
2026-07-18 16:12:46,895 [INFO] governor: Observed screen - nodes: 0
2026-07-18 16:12:49,494 [INFO] governor: System via rish: 15
📋 Enqueued: Analyze screen for UI changes [HIGH]
⚙️ Executing: Analyze screen for UI changes
✅ Completed: Analyze screen for UI changes
2026-07-18 16:12:49,495 [INFO] governor: Governor cycle 715 completed
2026-07-18 16:12:52,495 [INFO] governor: Health: 100% | Cycle: 715
2026-07-18 16:12:52,495 [INFO] governor: Observed screen - nodes: 0
2026-07-18 16:12:56,374 [INFO] governor: System via rish: shell
📋 Enqueued: Process user screen interaction [NORMAL]
⚙️ Executing: Process user screen interaction
✅ Completed: Process user screen interaction
2026-07-18 16:12:56,375 [INFO] governor: Governor cycle 716 completed
2026-07-18 16:12:59,376 [INFO] governor: Health: 100% | Cycle: 716
2026-07-18 16:12:59,378 [INFO] governor: Observed screen - nodes: 0
2026-07-18 16:13:02,512 [INFO] governor: System via rish: 15
📋 Enqueued: Process user screen interaction [NORMAL]
⚙️ Executing: Process user screen interaction
✅ Completed: Process user screen interaction
2026-07-18 16:13:02,513 [INFO] governor: Governor cycle 717 completed
2026-07-18 16:13:05,514 [INFO] governor: Health: 100% | Cycle: 717
2026-07-18 16:13:05,515 [INFO] governor: Observed screen - nodes: 0
2026-07-18 16:13:08,263 [INFO] governor: System via rish: shell
📋 Enqueued: Process user screen interaction [NORMAL]
⚙️ Executing: Process user screen interaction
✅ Completed: Process user screen interaction
2026-07-18 16:13:08,263 [INFO] governor: Governor cycle 718 completed
2026-07-18 16:13:11,265 [INFO] governor: Health: 100% | Cycle: 718
2026-07-18 16:13:11,265 [INFO] governor: Observed screen - nodes: 0
2026-07-18 16:13:14,629 [INFO] governor: System via rish: 
📋 Enqueued: Process user screen interaction [NORMAL]
⚙️ Executing: Process user screen interaction
✅ Completed: Process user screen interaction
2026-07-18 16:13:14,630 [INFO] governor: Governor cycle 719 completed
2026-07-18 16:13:17,631 [INFO] governor: Health: 100% | Cycle: 719
2026-07-18 16:13:17,632 [INFO] governor: Observed screen - nodes: 0
2026-07-18 16:13:21,049 [INFO] governor: System via rish: shell
📋 Enqueued: Analyze screen for UI changes [HIGH]
⚙️ Executing: Analyze screen for UI changes
✅ Completed: Analyze screen for UI changes
2026-07-18 16:13:21,050 [INFO] governor: Governor cycle 720 completed
2026-07-18 16:13:24,051 [INFO] governor: Health: 100% | Cycle: 720
2026-07-18 16:13:24,052 [INFO] governor: Observed screen - nodes: 0
2026-07-18 16:13:27,195 [INFO] governor: System via rish: shell
📋 Enqueued: Process user screen interaction [NORMAL]
⚙️ Executing: Process user screen interaction
✅ Completed: Process user screen interaction
2026-07-18 16:13:27,196 [INFO] governor: Governor cycle 721 completed
2026-07-18 16:13:30,196 [INFO] governor: Health: 100% | Cycle: 721
2026-07-18 16:13:30,197 [INFO] governor: Observed screen - nodes: 0
2026-07-18 16:13:36,994 [INFO] governor: System via rish: shell
📋 Enqueued: Process user screen interaction [NORMAL]
⚙️ Executing: Process user screen interaction
✅ Completed: Process user screen interaction
2026-07-18 16:13:36,999 [INFO] governor: Governor cycle 722 completed
2026-07-18 16:13:40,000 [INFO] governor: Health: 100% | Cycle: 722
2026-07-18 16:13:40,001 [INFO] governor: Observed screen - nodes: 0
2026-07-18 16:13:43,111 [INFO] governor: System via rish: shell
📋 Enqueued: Process user screen interaction [NORMAL]
⚙️ Executing: Process user screen interaction
✅ Completed: Process user screen interaction
2026-07-18 16:13:43,112 [INFO] governor: Governor cycle 723 completed
2026-07-18 16:13:46,112 [INFO] governor: Health: 100% | Cycle: 723
2026-07-18 16:13:46,113 [INFO] governor: Observed screen - nodes: 0
2026-07-18 16:13:48,958 [INFO] governor: System via rish: 15
📋 Enqueued: Process user screen interaction [NORMAL]
⚙️ Executing: Process user screen interaction
✅ Completed: Process user screen interaction
2026-07-18 16:13:48,959 [INFO] governor: Governor cycle 724 completed
2026-07-18 16:13:51,961 [INFO] governor: Health: 100% | Cycle: 724
2026-07-18 16:13:51,962 [INFO] governor: Observed screen - nodes: 0
2026-07-18 16:13:55,301 [INFO] governor: System via rish: 15
📋 Enqueued: Analyze screen for UI changes [HIGH]
⚙️ Executing: Analyze screen for UI changes
✅ Completed: Analyze screen for UI changes
2026-07-18 16:13:55,302 [INFO] governor: Governor cycle 725 completed
2026-07-18 16:13:58,302 [INFO] governor: Health: 100% | Cycle: 725
2026-07-18 16:13:58,303 [INFO] governor: Observed screen - nodes: 0
2026-07-18 16:14:01,864 [INFO] governor: System via rish: shell
📋 Enqueued: Process user screen interaction [NORMAL]
⚙️ Executing: Process user screen interaction
✅ Completed: Process user screen interaction
2026-07-18 16:14:01,865 [INFO] governor: Governor cycle 726 completed
2026-07-18 16:14:04,866 [INFO] governor: Health: 100% | Cycle: 726
2026-07-18 16:14:04,867 [INFO] governor: Observed screen - nodes: 0
2026-07-18 16:14:07,863 [INFO] governor: System via rish: shell
📋 Enqueued: Process user screen interaction [NORMAL]
⚙️ Executing: Process user screen interaction
✅ Completed: Process user screen interaction
2026-07-18 16:14:07,864 [INFO] governor: Governor cycle 727 completed
2026-07-18 16:14:10,865 [INFO] governor: Health: 100% | Cycle: 727
2026-07-18 16:14:10,866 [INFO] governor: Observed screen - nodes: 0
2026-07-18 16:14:13,845 [INFO] governor: System via rish: 15
📋 Enqueued: Process user screen interaction [NORMAL]
⚙️ Executing: Process user screen interaction
✅ Completed: Process user screen interaction
2026-07-18 16:14:13,846 [INFO] governor: Governor cycle 728 completed
2026-07-18 16:14:16,847 [INFO] governor: Health: 100% | Cycle: 728
2026-07-18 16:14:16,848 [INFO] governor: Observed screen - nodes: 0
2026-07-18 16:14:19,126 [INFO] governor: System via rish: 15
📋 Enqueued: Process user screen interaction [NORMAL]
⚙️ Executing: Process user screen interaction
✅ Completed: Process user screen interaction
2026-07-18 16:14:19,127 [INFO] governor: Governor cycle 729 completed
2026-07-18 16:14:22,128 [INFO] governor: Health: 100% | Cycle: 729
2026-07-18 16:14:22,129 [INFO] governor: Observed screen - nodes: 0
2026-07-18 16:14:24,105 [INFO] governor: System via rish: 15
📋 Enqueued: Analyze screen for UI changes [HIGH]
⚙️ Executing: Analyze screen for UI changes
✅ Completed: Analyze screen for UI changes
2026-07-18 16:14:24,106 [INFO] governor: Governor cycle 730 completed
2026-07-18 16:14:27,107 [INFO] governor: Health: 100% | Cycle: 730
2026-07-18 16:14:27,108 [INFO] governor: Observed screen - nodes: 0
2026-07-18 16:14:30,072 [INFO] governor: System via rish: shell
📋 Enqueued: Process user screen interaction [NORMAL]
⚙️ Executing: Process user screen interaction
✅ Completed: Process user screen interaction
2026-07-18 16:14:30,074 [INFO] governor: Governor cycle 731 completed
2026-07-18 16:14:33,075 [INFO] governor: Health: 100% | Cycle: 731
2026-07-18 16:14:33,076 [INFO] governor: Observed screen - nodes: 0
2026-07-18 16:14:35,001 [INFO] governor: System via rish: 15
📋 Enqueued: Process user screen interaction [NORMAL]
⚙️ Executing: Process user screen interaction
✅ Completed: Process user screen interaction
2026-07-18 16:14:35,002 [INFO] governor: Governor cycle 732 completed
2026-07-18 16:14:38,003 [INFO] governor: Health: 100% | Cycle: 732
2026-07-18 16:14:38,004 [INFO] governor: Observed screen - nodes: 0
2026-07-18 16:14:39,974 [INFO] governor: System via rish: shell
📋 Enqueued: Process user screen interaction [NORMAL]
⚙️ Executing: Process user screen interaction
✅ Completed: Process user screen interaction
2026-07-18 16:14:39,975 [INFO] governor: Governor cycle 733 completed
2026-07-18 16:14:42,978 [INFO] governor: Health: 100% | Cycle: 733
2026-07-18 16:14:42,978 [INFO] governor: Observed screen - nodes: 0
2026-07-18 16:14:47,416 [INFO] governor: System via rish: shell
📋 Enqueued: Process user screen interaction [NORMAL]
⚙️ Executing: Process user screen interaction
✅ Completed: Process user screen interaction
2026-07-18 16:14:47,417 [INFO] governor: Governor cycle 734 completed
2026-07-18 16:14:50,417 [INFO] governor: Health: 100% | Cycle: 734
2026-07-18 16:14:50,418 [INFO] governor: Observed screen - nodes: 0
2026-07-18 16:14:53,422 [INFO] governor: System via rish: 15
📋 Enqueued: Analyze screen for UI changes [HIGH]
⚙️ Executing: Analyze screen for UI changes
✅ Completed: Analyze screen for UI changes
2026-07-18 16:14:53,423 [INFO] governor: Governor cycle 735 completed
2026-07-18 16:14:56,423 [INFO] governor: Health: 100% | Cycle: 735
2026-07-18 16:14:56,424 [INFO] governor: Observed screen - nodes: 0
2026-07-18 16:14:58,513 [INFO] governor: System via rish: 15
📋 Enqueued: Process user screen interaction [NORMAL]
⚙️ Executing: Process user screen interaction
✅ Completed: Process user screen interaction
2026-07-18 16:14:58,514 [INFO] governor: Governor cycle 736 completed
2026-07-18 16:15:01,515 [INFO] governor: Health: 100% | Cycle: 736
2026-07-18 16:15:01,516 [INFO] governor: Observed screen - nodes: 0
2026-07-18 16:15:03,596 [INFO] governor: System via rish: 15
📋 Enqueued: Process user screen interaction [NORMAL]
⚙️ Executing: Process user screen interaction
✅ Completed: Process user screen interaction
2026-07-18 16:15:03,597 [INFO] governor: Governor cycle 737 completed
2026-07-18 16:15:06,598 [INFO] governor: Health: 100% | Cycle: 737
2026-07-18 16:15:06,599 [INFO] governor: Observed screen - nodes: 0
2026-07-18 16:15:08,713 [INFO] governor: System via rish: 15
📋 Enqueued: Process user screen interaction [NORMAL]
⚙️ Executing: Process user screen interaction
✅ Completed: Process user screen interaction
2026-07-18 16:15:08,714 [INFO] governor: Governor cycle 738 completed
2026-07-18 16:15:11,715 [INFO] governor: Health: 100% | Cycle: 738
2026-07-18 16:15:11,716 [INFO] governor: Observed screen - nodes: 0
2026-07-18 16:15:13,599 [INFO] governor: System via rish: 15
📋 Enqueued: Process user screen interaction [NORMAL]
⚙️ Executing: Process user screen interaction
✅ Completed: Process user screen interaction
2026-07-18 16:15:13,599 [INFO] governor: Governor cycle 739 completed
2026-07-18 16:15:16,601 [INFO] governor: Health: 100% | Cycle: 739
2026-07-18 16:15:16,602 [INFO] governor: Observed screen - nodes: 0
2026-07-18 16:15:18,303 [INFO] governor: System via rish: 15
📋 Enqueued: Analyze screen for UI changes [HIGH]
⚙️ Executing: Analyze screen for UI changes
✅ Completed: Analyze screen for UI changes
2026-07-18 16:15:18,304 [INFO] governor: Governor cycle 740 completed
2026-07-18 16:15:21,305 [INFO] governor: Health: 100% | Cycle: 740
2026-07-18 16:15:21,306 [INFO] governor: Observed screen - nodes: 0
2026-07-18 16:15:23,170 [INFO] governor: System via rish: 15
📋 Enqueued: Process user screen interaction [NORMAL]
⚙️ Executing: Process user screen interaction
✅ Completed: Process user screen interaction
2026-07-18 16:15:23,171 [INFO] governor: Governor cycle 741 completed
2026-07-18 16:15:26,173 [INFO] governor: Health: 100% | Cycle: 741
2026-07-18 16:15:26,174 [INFO] governor: Observed screen - nodes: 0
2026-07-18 16:15:27,658 [INFO] governor: System via rish: 15
📋 Enqueued: Process user screen interaction [NORMAL]
⚙️ Executing: Process user screen interaction
✅ Completed: Process user screen interaction
2026-07-18 16:15:27,659 [INFO] governor: Governor cycle 742 completed
2026-07-18 16:15:30,661 [INFO] governor: Health: 100% | Cycle: 742
2026-07-18 16:15:30,661 [INFO] governor: Observed screen - nodes: 0
2026-07-18 16:15:32,318 [INFO] governor: System via rish: 15
📋 Enqueued: Process user screen interaction [NORMAL]
⚙️ Executing: Process user screen interaction
✅ Completed: Process user screen interaction
2026-07-18 16:15:32,319 [INFO] governor: Governor cycle 743 completed
2026-07-18 16:15:35,320 [INFO] governor: Health: 100% | Cycle: 743
2026-07-18 16:15:35,321 [INFO] governor: Observed screen - nodes: 0
2026-07-18 16:15:36,878 [INFO] governor: System via rish: 15
📋 Enqueued: Process user screen interaction [NORMAL]
⚙️ Executing: Process user screen interaction
✅ Completed: Process user screen interaction
2026-07-18 16:15:36,879 [INFO] governor: Governor cycle 744 completed
2026-07-18 16:15:39,880 [INFO] governor: Health: 100% | Cycle: 744
2026-07-18 16:15:39,880 [INFO] governor: Observed screen - nodes: 0
2026-07-18 16:15:41,675 [INFO] governor: System via rish: 15
📋 Enqueued: Analyze screen for UI changes [HIGH]
⚙️ Executing: Analyze screen for UI changes
✅ Completed: Analyze screen for UI changes
2026-07-18 16:15:41,676 [INFO] governor: Governor cycle 745 completed
2026-07-18 16:15:44,676 [INFO] governor: Health: 100% | Cycle: 745
2026-07-18 16:15:44,677 [INFO] governor: Observed screen - nodes: 0
2026-07-18 16:15:46,120 [INFO] governor: System via rish: 15
📋 Enqueued: Process user screen interaction [NORMAL]
⚙️ Executing: Process user screen interaction
✅ Completed: Process user screen interaction
2026-07-18 16:15:46,121 [INFO] governor: Governor cycle 746 completed
2026-07-18 16:15:49,122 [INFO] governor: Health: 100% | Cycle: 746
2026-07-18 16:15:49,123 [INFO] governor: Observed screen - nodes: 0
2026-07-18 16:15:50,397 [INFO] governor: System via rish: 15
📋 Enqueued: Process user screen interaction [NORMAL]
⚙️ Executing: Process user screen interaction
✅ Completed: Process user screen interaction
2026-07-18 16:15:50,398 [INFO] governor: Governor cycle 747 completed
2026-07-18 16:15:53,400 [INFO] governor: Health: 100% | Cycle: 747
2026-07-18 16:15:53,401 [INFO] governor: Observed screen - nodes: 0
2026-07-18 16:15:54,918 [INFO] governor: System via rish: 15
📋 Enqueued: Process user screen interaction [NORMAL]
⚙️ Executing: Process user screen interaction
✅ Completed: Process user screen interaction
2026-07-18 16:15:54,919 [INFO] governor: Governor cycle 748 completed
2026-07-18 16:15:57,920 [INFO] governor: Health: 100% | Cycle: 748
2026-07-18 16:15:57,921 [INFO] governor: Observed screen - nodes: 0
2026-07-18 16:15:59,344 [INFO] governor: System via rish: 15
📋 Enqueued: Process user screen interaction [NORMAL]
⚙️ Executing: Process user screen interaction
✅ Completed: Process user screen interaction
2026-07-18 16:15:59,345 [INFO] governor: Governor cycle 749 completed
2026-07-18 16:16:02,346 [INFO] governor: Health: 100% | Cycle: 749
2026-07-18 16:16:02,347 [INFO] governor: Observed screen - nodes: 0
2026-07-18 16:16:03,854 [INFO] governor: System via rish: 15
📋 Enqueued: Analyze screen for UI changes [HIGH]
⚙️ Executing: Analyze screen for UI changes
✅ Completed: Analyze screen for UI changes
2026-07-18 16:16:03,855 [INFO] governor: Governor cycle 750 completed
2026-07-18 16:16:06,856 [INFO] governor: Health: 100% | Cycle: 750
2026-07-18 16:16:06,856 [INFO] governor: Observed screen - nodes: 0
2026-07-18 16:16:08,685 [INFO] governor: System via rish: shell
📋 Enqueued: Process user screen interaction [NORMAL]
⚙️ Executing: Process user screen interaction
✅ Completed: Process user screen interaction
2026-07-18 16:16:08,686 [INFO] governor: Governor cycle 751 completed
2026-07-18 16:16:11,687 [INFO] governor: Health: 100% | Cycle: 751
2026-07-18 16:16:11,688 [INFO] governor: Observed screen - nodes: 0
2026-07-18 16:16:13,194 [INFO] governor: System via rish: 15
📋 Enqueued: Process user screen interaction [NORMAL]
⚙️ Executing: Process user screen interaction
✅ Completed: Process user screen interaction
2026-07-18 16:16:13,195 [INFO] governor: Governor cycle 752 completed
2026-07-18 16:16:16,196 [INFO] governor: Health: 100% | Cycle: 752
2026-07-18 16:16:16,197 [INFO] governor: Observed screen - nodes: 0
2026-07-18 16:16:17,497 [INFO] governor: System via rish: 15
📋 Enqueued: Process user screen interaction [NORMAL]
⚙️ Executing: Process user screen interaction
✅ Completed: Process user screen interaction
2026-07-18 16:16:17,498 [INFO] governor: Governor cycle 753 completed
2026-07-18 16:16:20,500 [INFO] governor: Health: 100% | Cycle: 753
2026-07-18 16:16:20,500 [INFO] governor: Observed screen - nodes: 0
2026-07-18 16:16:22,060 [INFO] governor: System via rish: shell
📋 Enqueued: Process user screen interaction [NORMAL]
⚙️ Executing: Process user screen interaction
✅ Completed: Process user screen interaction
2026-07-18 16:16:22,061 [INFO] governor: Governor cycle 754 completed
2026-07-18 16:16:25,062 [INFO] governor: Health: 100% | Cycle: 754
2026-07-18 16:16:25,063 [INFO] governor: Observed screen - nodes: 0
2026-07-18 16:16:26,641 [INFO] governor: System via rish: 15
📋 Enqueued: Analyze screen for UI changes [HIGH]
⚙️ Executing: Analyze screen for UI changes
✅ Completed: Analyze screen for UI changes
2026-07-18 16:16:26,642 [INFO] governor: Governor cycle 755 completed
2026-07-18 16:16:29,642 [INFO] governor: Health: 100% | Cycle: 755
2026-07-18 16:16:29,643 [INFO] governor: Observed screen - nodes: 0
2026-07-18 16:16:32,451 [INFO] governor: System via rish: shell
📋 Enqueued: Process user screen interaction [NORMAL]
⚙️ Executing: Process user screen interaction
✅ Completed: Process user screen interaction
2026-07-18 16:16:32,453 [INFO] governor: Governor cycle 756 completed
2026-07-18 16:16:35,454 [INFO] governor: Health: 100% | Cycle: 756
2026-07-18 16:16:35,455 [INFO] governor: Observed screen - nodes: 0
2026-07-18 16:16:36,877 [INFO] governor: System via rish: shell
📋 Enqueued: Process user screen interaction [NORMAL]
⚙️ Executing: Process user screen interaction
✅ Completed: Process user screen interaction
2026-07-18 16:16:36,878 [INFO] governor: Governor cycle 757 completed
2026-07-18 16:16:39,879 [INFO] governor: Health: 100% | Cycle: 757
2026-07-18 16:16:39,879 [INFO] governor: Observed screen - nodes: 0
2026-07-18 16:16:45,231 [INFO] governor: System via rish: shell
📋 Enqueued: Process user screen interaction [NORMAL]
⚙️ Executing: Process user screen interaction
✅ Completed: Process user screen interaction
2026-07-18 16:16:45,238 [INFO] governor: Governor cycle 758 completed
2026-07-18 16:16:48,238 [INFO] governor: Health: 100% | Cycle: 758
2026-07-18 16:16:48,239 [INFO] governor: Observed screen - nodes: 0
2026-07-18 16:16:51,964 [INFO] governor: System via rish: 15
📋 Enqueued: Process user screen interaction [NORMAL]
⚙️ Executing: Process user screen interaction
✅ Completed: Process user screen interaction
2026-07-18 16:16:51,965 [INFO] governor: Governor cycle 759 completed
2026-07-18 16:16:54,966 [INFO] governor: Health: 100% | Cycle: 759
2026-07-18 16:16:54,967 [INFO] governor: Observed screen - nodes: 0
2026-07-18 16:16:59,445 [INFO] governor: System via rish: 15
📋 Enqueued: Analyze screen for UI changes [HIGH]
⚙️ Executing: Analyze screen for UI changes
✅ Completed: Analyze screen for UI changes
2026-07-18 16:16:59,448 [INFO] governor: Governor cycle 760 completed
2026-07-18 16:17:02,449 [INFO] governor: Health: 100% | Cycle: 760
2026-07-18 16:17:02,450 [INFO] governor: Observed screen - nodes: 0
2026-07-18 16:17:05,736 [INFO] governor: System via rish: 15
📋 Enqueued: Process user screen interaction [NORMAL]
⚙️ Executing: Process user screen interaction
✅ Completed: Process user screen interaction
2026-07-18 16:17:05,737 [INFO] governor: Governor cycle 761 completed
2026-07-18 16:17:08,738 [INFO] governor: Health: 100% | Cycle: 761
2026-07-18 16:17:08,739 [INFO] governor: Observed screen - nodes: 0
2026-07-18 16:17:12,011 [INFO] governor: System via rish: 15
📋 Enqueued: Process user screen interaction [NORMAL]
⚙️ Executing: Process user screen interaction
✅ Completed: Process user screen interaction
2026-07-18 16:17:12,013 [INFO] governor: Governor cycle 762 completed
2026-07-18 16:17:15,014 [INFO] governor: Health: 100% | Cycle: 762
2026-07-18 16:17:15,015 [INFO] governor: Observed screen - nodes: 0
2026-07-18 16:17:17,703 [INFO] governor: System via rish: 15
📋 Enqueued: Process user screen interaction [NORMAL]
⚙️ Executing: Process user screen interaction
✅ Completed: Process user screen interaction
2026-07-18 16:17:17,704 [INFO] governor: Governor cycle 763 completed
2026-07-18 16:17:20,707 [INFO] governor: Health: 100% | Cycle: 763
2026-07-18 16:17:20,708 [INFO] governor: Observed screen - nodes: 0
2026-07-18 16:17:25,875 [INFO] governor: System via rish: 15
📋 Enqueued: Process user screen interaction [NORMAL]
⚙️ Executing: Process user screen interaction
✅ Completed: Process user screen interaction
2026-07-18 16:17:25,879 [INFO] governor: Governor cycle 764 completed
2026-07-18 16:17:28,881 [INFO] governor: Health: 100% | Cycle: 764
2026-07-18 16:17:28,882 [INFO] governor: Observed screen - nodes: 0
2026-07-18 16:17:33,843 [INFO] governor: System via rish: 15
📋 Enqueued: Analyze screen for UI changes [HIGH]
⚙️ Executing: Analyze screen for UI changes
✅ Completed: Analyze screen for UI changes
2026-07-18 16:17:33,849 [INFO] governor: Governor cycle 765 completed
2026-07-18 16:17:36,850 [INFO] governor: Health: 100% | Cycle: 765
2026-07-18 16:17:36,851 [INFO] governor: Observed screen - nodes: 0
2026-07-18 16:17:40,492 [INFO] governor: System via rish: shell
📋 Enqueued: Process user screen interaction [NORMAL]
⚙️ Executing: Process user screen interaction
✅ Completed: Process user screen interaction
2026-07-18 16:17:40,493 [INFO] governor: Governor cycle 766 completed
2026-07-18 16:17:43,494 [INFO] governor: Health: 100% | Cycle: 766
2026-07-18 16:17:43,495 [INFO] governor: Observed screen - nodes: 0
2026-07-18 16:17:46,754 [INFO] governor: System via rish: shell
📋 Enqueued: Process user screen interaction [NORMAL]
⚙️ Executing: Process user screen interaction
✅ Completed: Process user screen interaction
2026-07-18 16:17:46,759 [INFO] governor: Governor cycle 767 completed
2026-07-18 16:17:49,760 [INFO] governor: Health: 100% | Cycle: 767
2026-07-18 16:17:49,762 [INFO] governor: Observed screen - nodes: 0
2026-07-18 16:17:52,318 [INFO] governor: System via rish: shell
📋 Enqueued: Process user screen interaction [NORMAL]
⚙️ Executing: Process user screen interaction
✅ Completed: Process user screen interaction
2026-07-18 16:17:52,320 [INFO] governor: Governor cycle 768 completed
2026-07-18 16:17:55,321 [INFO] governor: Health: 100% | Cycle: 768
2026-07-18 16:17:55,322 [INFO] governor: Observed screen - nodes: 0
2026-07-18 16:18:00,201 [INFO] governor: System via rish: 15
📋 Enqueued: Process user screen interaction [NORMAL]
⚙️ Executing: Process user screen interaction
✅ Completed: Process user screen interaction
2026-07-18 16:18:00,202 [INFO] governor: Governor cycle 769 completed
2026-07-18 16:18:03,202 [INFO] governor: Health: 100% | Cycle: 769
2026-07-18 16:18:03,203 [INFO] governor: Observed screen - nodes: 0
2026-07-18 16:18:05,997 [INFO] governor: System via rish: 15
📋 Enqueued: Analyze screen for UI changes [HIGH]
⚙️ Executing: Analyze screen for UI changes
✅ Completed: Analyze screen for UI changes
2026-07-18 16:18:05,999 [INFO] governor: Governor cycle 770 completed
2026-07-18 16:18:09,000 [INFO] governor: Health: 100% | Cycle: 770
2026-07-18 16:18:09,001 [INFO] governor: Observed screen - nodes: 0
2026-07-18 16:18:16,080 [INFO] governor: System via rish: shell
📋 Enqueued: Process user screen interaction [NORMAL]
⚙️ Executing: Process user screen interaction
✅ Completed: Process user screen interaction
2026-07-18 16:18:16,081 [INFO] governor: Governor cycle 771 completed
2026-07-18 16:18:19,081 [INFO] governor: Health: 100% | Cycle: 771
2026-07-18 16:18:19,082 [INFO] governor: Observed screen - nodes: 0
2026-07-18 16:18:22,847 [INFO] governor: System via rish: 15
📋 Enqueued: Process user screen interaction [NORMAL]
⚙️ Executing: Process user screen interaction
✅ Completed: Process user screen interaction
2026-07-18 16:18:22,849 [INFO] governor: Governor cycle 772 completed
2026-07-18 16:18:25,850 [INFO] governor: Health: 100% | Cycle: 772
2026-07-18 16:18:25,852 [INFO] governor: Observed screen - nodes: 0
2026-07-18 16:18:27,775 [INFO] governor: System via rish: 15
📋 Enqueued: Process user screen interaction [NORMAL]
⚙️ Executing: Process user screen interaction
✅ Completed: Process user screen interaction
2026-07-18 16:18:27,777 [INFO] governor: Governor cycle 773 completed
2026-07-18 16:18:30,778 [INFO] governor: Health: 100% | Cycle: 773
2026-07-18 16:18:30,778 [INFO] governor: Observed screen - nodes: 0
2026-07-18 16:18:39,111 [INFO] governor: System via rish: 15
📋 Enqueued: Process user screen interaction [NORMAL]
⚙️ Executing: Process user screen interaction
✅ Completed: Process user screen interaction
2026-07-18 16:18:39,112 [INFO] governor: Governor cycle 774 completed
2026-07-18 16:18:42,118 [INFO] governor: Health: 100% | Cycle: 774
2026-07-18 16:18:42,118 [INFO] governor: Observed screen - nodes: 0
2026-07-18 16:18:46,543 [INFO] governor: System via rish: 15
📋 Enqueued: Analyze screen for UI changes [HIGH]
⚙️ Executing: Analyze screen for UI changes
✅ Completed: Analyze screen for UI changes
2026-07-18 16:18:46,544 [INFO] governor: Governor cycle 775 completed
2026-07-18 16:18:49,544 [INFO] governor: Health: 100% | Cycle: 775
2026-07-18 16:18:49,545 [INFO] governor: Observed screen - nodes: 0
2026-07-18 16:18:52,364 [INFO] governor: System via rish: shell
📋 Enqueued: Process user screen interaction [NORMAL]
⚙️ Executing: Process user screen interaction
✅ Completed: Process user screen interaction
2026-07-18 16:18:52,365 [INFO] governor: Governor cycle 776 completed
2026-07-18 16:18:55,366 [INFO] governor: Health: 100% | Cycle: 776
2026-07-18 16:18:55,367 [INFO] governor: Observed screen - nodes: 0
2026-07-18 16:18:58,349 [INFO] governor: System via rish: 15
📋 Enqueued: Process user screen interaction [NORMAL]
⚙️ Executing: Process user screen interaction
✅ Completed: Process user screen interaction
2026-07-18 16:18:58,350 [INFO] governor: Governor cycle 777 completed
2026-07-18 16:19:01,350 [INFO] governor: Health: 100% | Cycle: 777
2026-07-18 16:19:01,351 [INFO] governor: Observed screen - nodes: 0
2026-07-18 16:19:03,811 [INFO] governor: System via rish: 15
📋 Enqueued: Process user screen interaction [NORMAL]
⚙️ Executing: Process user screen interaction
✅ Completed: Process user screen interaction
2026-07-18 16:19:03,812 [INFO] governor: Governor cycle 778 completed
2026-07-18 16:19:06,814 [INFO] governor: Health: 100% | Cycle: 778
2026-07-18 16:19:06,815 [INFO] governor: Observed screen - nodes: 0
2026-07-18 16:19:10,788 [INFO] governor: System via rish: shell
📋 Enqueued: Process user screen interaction [NORMAL]
⚙️ Executing: Process user screen interaction
✅ Completed: Process user screen interaction
2026-07-18 16:19:10,791 [INFO] governor: Governor cycle 779 completed
2026-07-18 16:19:13,792 [INFO] governor: Health: 100% | Cycle: 779
2026-07-18 16:19:13,793 [INFO] governor: Observed screen - nodes: 0
2026-07-18 16:19:16,815 [INFO] governor: System via rish: 15
📋 Enqueued: Analyze screen for UI changes [HIGH]
⚙️ Executing: Analyze screen for UI changes
✅ Completed: Analyze screen for UI changes
2026-07-18 16:19:16,816 [INFO] governor: Governor cycle 780 completed
2026-07-18 16:19:19,818 [INFO] governor: Health: 100% | Cycle: 780
2026-07-18 16:19:19,820 [INFO] governor: Observed screen - nodes: 0
2026-07-18 16:19:22,307 [INFO] governor: System via rish: 15
📋 Enqueued: Process user screen interaction [NORMAL]
⚙️ Executing: Process user screen interaction
✅ Completed: Process user screen interaction
2026-07-18 16:19:22,309 [INFO] governor: Governor cycle 781 completed
2026-07-18 16:19:25,310 [INFO] governor: Health: 100% | Cycle: 781
2026-07-18 16:19:25,311 [INFO] governor: Observed screen - nodes: 0
2026-07-18 16:19:28,332 [INFO] governor: System via rish: 15
📋 Enqueued: Process user screen interaction [NORMAL]
⚙️ Executing: Process user screen interaction
✅ Completed: Process user screen interaction
2026-07-18 16:19:28,333 [INFO] governor: Governor cycle 782 completed
2026-07-18 16:19:31,334 [INFO] governor: Health: 100% | Cycle: 782
2026-07-18 16:19:31,335 [INFO] governor: Observed screen - nodes: 0
2026-07-18 16:19:34,912 [INFO] governor: System via rish: 15
📋 Enqueued: Process user screen interaction [NORMAL]
⚙️ Executing: Process user screen interaction
✅ Completed: Process user screen interaction
2026-07-18 16:19:34,917 [INFO] governor: Governor cycle 783 completed
2026-07-18 16:19:37,918 [INFO] governor: Health: 100% | Cycle: 783
2026-07-18 16:19:37,918 [INFO] governor: Observed screen - nodes: 0
2026-07-18 16:19:41,382 [INFO] governor: System via rish: 15
📋 Enqueued: Process user screen interaction [NORMAL]
⚙️ Executing: Process user screen interaction
✅ Completed: Process user screen interaction
2026-07-18 16:19:41,383 [INFO] governor: Governor cycle 784 completed
2026-07-18 16:19:44,384 [INFO] governor: Health: 100% | Cycle: 784
2026-07-18 16:19:44,385 [INFO] governor: Observed screen - nodes: 0
2026-07-18 16:19:46,332 [INFO] governor: System via rish: shell
📋 Enqueued: Analyze screen for UI changes [HIGH]
⚙️ Executing: Analyze screen for UI changes
✅ Completed: Analyze screen for UI changes
2026-07-18 16:19:46,333 [INFO] governor: Governor cycle 785 completed
2026-07-18 16:19:49,334 [INFO] governor: Health: 100% | Cycle: 785
2026-07-18 16:19:49,335 [INFO] governor: Observed screen - nodes: 0
2026-07-18 16:19:51,202 [INFO] governor: System via rish: shell
📋 Enqueued: Process user screen interaction [NORMAL]
⚙️ Executing: Process user screen interaction
✅ Completed: Process user screen interaction
2026-07-18 16:19:51,203 [INFO] governor: Governor cycle 786 completed
2026-07-18 16:19:54,205 [INFO] governor: Health: 100% | Cycle: 786
2026-07-18 16:19:54,206 [INFO] governor: Observed screen - nodes: 0
2026-07-18 16:19:56,033 [INFO] governor: System via rish: shell
📋 Enqueued: Process user screen interaction [NORMAL]
⚙️ Executing: Process user screen interaction
✅ Completed: Process user screen interaction
2026-07-18 16:19:56,034 [INFO] governor: Governor cycle 787 completed
2026-07-18 16:19:59,035 [INFO] governor: Health: 100% | Cycle: 787
2026-07-18 16:19:59,036 [INFO] governor: Observed screen - nodes: 0
2026-07-18 16:20:01,826 [INFO] governor: System via rish: 15
📋 Enqueued: Process user screen interaction [NORMAL]
⚙️ Executing: Process user screen interaction
✅ Completed: Process user screen interaction
2026-07-18 16:20:01,829 [INFO] governor: Governor cycle 788 completed
2026-07-18 16:20:04,831 [INFO] governor: Health: 100% | Cycle: 788
2026-07-18 16:20:04,832 [INFO] governor: Observed screen - nodes: 0
2026-07-18 16:20:07,739 [INFO] governor: System via rish: 15
📋 Enqueued: Process user screen interaction [NORMAL]
⚙️ Executing: Process user screen interaction
✅ Completed: Process user screen interaction
2026-07-18 16:20:07,740 [INFO] governor: Governor cycle 789 completed
2026-07-18 16:20:10,741 [INFO] governor: Health: 100% | Cycle: 789
2026-07-18 16:20:10,742 [INFO] governor: Observed screen - nodes: 0
2026-07-18 16:20:12,410 [INFO] governor: System via rish: 15
📋 Enqueued: Analyze screen for UI changes [HIGH]
⚙️ Executing: Analyze screen for UI changes
✅ Completed: Analyze screen for UI changes
2026-07-18 16:20:12,411 [INFO] governor: Governor cycle 790 completed
2026-07-18 16:20:15,413 [INFO] governor: Health: 100% | Cycle: 790
2026-07-18 16:20:15,414 [INFO] governor: Observed screen - nodes: 0
2026-07-18 16:20:16,890 [INFO] governor: System via rish: 15
📋 Enqueued: Process user screen interaction [NORMAL]
⚙️ Executing: Process user screen interaction
✅ Completed: Process user screen interaction
2026-07-18 16:20:16,891 [INFO] governor: Governor cycle 791 completed
2026-07-18 16:20:19,893 [INFO] governor: Health: 100% | Cycle: 791
2026-07-18 16:20:19,894 [INFO] governor: Observed screen - nodes: 0
2026-07-18 16:20:21,213 [INFO] governor: System via rish: 15
📋 Enqueued: Process user screen interaction [NORMAL]
⚙️ Executing: Process user screen interaction
✅ Completed: Process user screen interaction
2026-07-18 16:20:21,214 [INFO] governor: Governor cycle 792 completed
2026-07-18 16:20:24,215 [INFO] governor: Health: 100% | Cycle: 792
2026-07-18 16:20:24,216 [INFO] governor: Observed screen - nodes: 0
2026-07-18 16:20:25,462 [INFO] governor: System via rish: shell
📋 Enqueued: Process user screen interaction [NORMAL]
⚙️ Executing: Process user screen interaction
✅ Completed: Process user screen interaction
2026-07-18 16:20:25,463 [INFO] governor: Governor cycle 793 completed
2026-07-18 16:20:28,464 [INFO] governor: Health: 100% | Cycle: 793
2026-07-18 16:20:28,465 [INFO] governor: Observed screen - nodes: 0
2026-07-18 16:20:29,755 [INFO] governor: System via rish: 15
📋 Enqueued: Process user screen interaction [NORMAL]
⚙️ Executing: Process user screen interaction
✅ Completed: Process user screen interaction
2026-07-18 16:20:29,756 [INFO] governor: Governor cycle 794 completed
2026-07-18 16:20:32,758 [INFO] governor: Health: 100% | Cycle: 794
2026-07-18 16:20:32,759 [INFO] governor: Observed screen - nodes: 0
2026-07-18 16:20:34,004 [INFO] governor: System via rish: 15
📋 Enqueued: Analyze screen for UI changes [HIGH]
⚙️ Executing: Analyze screen for UI changes
✅ Completed: Analyze screen for UI changes
2026-07-18 16:20:34,005 [INFO] governor: Governor cycle 795 completed
2026-07-18 16:20:37,006 [INFO] governor: Health: 100% | Cycle: 795
2026-07-18 16:20:37,007 [INFO] governor: Observed screen - nodes: 0
2026-07-18 16:20:38,911 [INFO] governor: System via rish: 15
📋 Enqueued: Process user screen interaction [NORMAL]
⚙️ Executing: Process user screen interaction
✅ Completed: Process user screen interaction
2026-07-18 16:20:38,913 [INFO] governor: Governor cycle 796 completed
2026-07-18 16:20:41,914 [INFO] governor: Health: 100% | Cycle: 796
2026-07-18 16:20:41,915 [INFO] governor: Observed screen - nodes: 0
2026-07-18 16:20:44,727 [INFO] governor: System via rish: 15
📋 Enqueued: Process user screen interaction [NORMAL]
⚙️ Executing: Process user screen interaction
✅ Completed: Process user screen interaction
2026-07-18 16:20:44,729 [INFO] governor: Governor cycle 797 completed
2026-07-18 16:20:47,730 [INFO] governor: Health: 100% | Cycle: 797
2026-07-18 16:20:47,730 [INFO] governor: Observed screen - nodes: 0
2026-07-18 16:20:51,228 [INFO] governor: System via rish: 15
📋 Enqueued: Process user screen interaction [NORMAL]
⚙️ Executing: Process user screen interaction
✅ Completed: Process user screen interaction
2026-07-18 16:20:51,229 [INFO] governor: Governor cycle 798 completed
2026-07-18 16:20:54,230 [INFO] governor: Health: 100% | Cycle: 798
2026-07-18 16:20:54,231 [INFO] governor: Observed screen - nodes: 0
2026-07-18 16:20:56,765 [INFO] governor: System via rish: 15
📋 Enqueued: Process user screen interaction [NORMAL]
⚙️ Executing: Process user screen interaction
✅ Completed: Process user screen interaction
2026-07-18 16:20:56,766 [INFO] governor: Governor cycle 799 completed
2026-07-18 16:20:59,767 [INFO] governor: Health: 100% | Cycle: 799
2026-07-18 16:20:59,768 [INFO] governor: Observed screen - nodes: 0
2026-07-18 16:21:03,233 [INFO] governor: System via rish: 15
📋 Enqueued: Analyze screen for UI changes [HIGH]
⚙️ Executing: Analyze screen for UI changes
✅ Completed: Analyze screen for UI changes
2026-07-18 16:21:03,235 [INFO] governor: Governor cycle 800 completed
2026-07-18 16:21:06,237 [INFO] governor: Health: 100% | Cycle: 800
2026-07-18 16:21:06,238 [INFO] governor: Observed screen - nodes: 0
2026-07-18 16:21:08,083 [INFO] governor: System via rish: 15
📋 Enqueued: Process user screen interaction [NORMAL]
⚙️ Executing: Process user screen interaction
✅ Completed: Process user screen interaction
2026-07-18 16:21:08,085 [INFO] governor: Governor cycle 801 completed
2026-07-18 16:21:11,090 [INFO] governor: Health: 100% | Cycle: 801
2026-07-18 16:21:11,091 [INFO] governor: Observed screen - nodes: 0
2026-07-18 16:21:14,925 [INFO] governor: System via rish: shell
📋 Enqueued: Process user screen interaction [NORMAL]
⚙️ Executing: Process user screen interaction
✅ Completed: Process user screen interaction
2026-07-18 16:21:14,927 [INFO] governor: Governor cycle 802 completed
2026-07-18 16:21:17,929 [INFO] governor: Health: 100% | Cycle: 802
2026-07-18 16:21:17,931 [INFO] governor: Observed screen - nodes: 0
2026-07-18 16:21:20,253 [INFO] governor: System via rish: 15
📋 Enqueued: Process user screen interaction [NORMAL]
⚙️ Executing: Process user screen interaction
✅ Completed: Process user screen interaction
2026-07-18 16:21:20,254 [INFO] governor: Governor cycle 803 completed
2026-07-18 16:21:23,255 [INFO] governor: Health: 100% | Cycle: 803
2026-07-18 16:21:23,255 [INFO] governor: Observed screen - nodes: 0
2026-07-18 16:21:26,519 [INFO] governor: System via rish: shell
📋 Enqueued: Process user screen interaction [NORMAL]
⚙️ Executing: Process user screen interaction
✅ Completed: Process user screen interaction
2026-07-18 16:21:26,520 [INFO] governor: Governor cycle 804 completed
2026-07-18 16:21:29,521 [INFO] governor: Health: 100% | Cycle: 804
2026-07-18 16:21:29,522 [INFO] governor: Observed screen - nodes: 0
2026-07-18 16:21:31,695 [INFO] governor: System via rish: 15
📋 Enqueued: Analyze screen for UI changes [HIGH]
⚙️ Executing: Analyze screen for UI changes
✅ Completed: Analyze screen for UI changes
2026-07-18 16:21:31,696 [INFO] governor: Governor cycle 805 completed
2026-07-18 16:21:34,697 [INFO] governor: Health: 100% | Cycle: 805
2026-07-18 16:21:34,698 [INFO] governor: Observed screen - nodes: 0
2026-07-18 16:21:36,888 [INFO] governor: System via rish: 15
📋 Enqueued: Process user screen interaction [NORMAL]
⚙️ Executing: Process user screen interaction
✅ Completed: Process user screen interaction
2026-07-18 16:21:36,889 [INFO] governor: Governor cycle 806 completed
2026-07-18 16:21:39,891 [INFO] governor: Health: 100% | Cycle: 806
2026-07-18 16:21:39,892 [INFO] governor: Observed screen - nodes: 0
2026-07-18 16:21:42,034 [INFO] governor: System via rish: 15
📋 Enqueued: Process user screen interaction [NORMAL]
⚙️ Executing: Process user screen interaction
✅ Completed: Process user screen interaction
2026-07-18 16:21:42,035 [INFO] governor: Governor cycle 807 completed
2026-07-18 16:21:45,036 [INFO] governor: Health: 100% | Cycle: 807
2026-07-18 16:21:45,037 [INFO] governor: Observed screen - nodes: 0
2026-07-18 16:21:47,973 [INFO] governor: System via rish: 15
📋 Enqueued: Process user screen interaction [NORMAL]
⚙️ Executing: Process user screen interaction
✅ Completed: Process user screen interaction
2026-07-18 16:21:47,975 [INFO] governor: Governor cycle 808 completed
2026-07-18 16:21:50,976 [INFO] governor: Health: 100% | Cycle: 808
2026-07-18 16:21:50,977 [INFO] governor: Observed screen - nodes: 0
2026-07-18 16:21:52,744 [INFO] governor: System via rish: 15
📋 Enqueued: Process user screen interaction [NORMAL]
⚙️ Executing: Process user screen interaction
✅ Completed: Process user screen interaction
2026-07-18 16:21:52,745 [INFO] governor: Governor cycle 809 completed
2026-07-18 16:21:55,746 [INFO] governor: Health: 100% | Cycle: 809
2026-07-18 16:21:55,747 [INFO] governor: Observed screen - nodes: 0
2026-07-18 16:21:58,856 [INFO] governor: System via rish: shell
📋 Enqueued: Analyze screen for UI changes [HIGH]
⚙️ Executing: Analyze screen for UI changes
✅ Completed: Analyze screen for UI changes
2026-07-18 16:21:58,858 [INFO] governor: Governor cycle 810 completed
2026-07-18 16:22:01,859 [INFO] governor: Health: 100% | Cycle: 810
2026-07-18 16:22:01,860 [INFO] governor: Observed screen - nodes: 0
2026-07-18 16:22:03,795 [INFO] governor: System via rish: 15
📋 Enqueued: Process user screen interaction [NORMAL]
⚙️ Executing: Process user screen interaction
✅ Completed: Process user screen interaction
2026-07-18 16:22:03,796 [INFO] governor: Governor cycle 811 completed
2026-07-18 16:22:06,797 [INFO] governor: Health: 100% | Cycle: 811
2026-07-18 16:22:06,798 [INFO] governor: Observed screen - nodes: 0
2026-07-18 16:22:09,632 [INFO] governor: System via rish: shell
📋 Enqueued: Process user screen interaction [NORMAL]
⚙️ Executing: Process user screen interaction
✅ Completed: Process user screen interaction
2026-07-18 16:22:09,633 [INFO] governor: Governor cycle 812 completed
2026-07-18 16:22:12,634 [INFO] governor: Health: 100% | Cycle: 812
2026-07-18 16:22:12,635 [INFO] governor: Observed screen - nodes: 0
2026-07-18 16:22:14,807 [INFO] governor: System via rish: 15
📋 Enqueued: Process user screen interaction [NORMAL]
⚙️ Executing: Process user screen interaction
✅ Completed: Process user screen interaction
2026-07-18 16:22:14,809 [INFO] governor: Governor cycle 813 completed
2026-07-18 16:22:17,810 [INFO] governor: Health: 100% | Cycle: 813
2026-07-18 16:22:17,811 [INFO] governor: Observed screen - nodes: 0
2026-07-18 16:22:19,317 [INFO] governor: System via rish: 15
📋 Enqueued: Process user screen interaction [NORMAL]
⚙️ Executing: Process user screen interaction
✅ Completed: Process user screen interaction
2026-07-18 16:22:19,318 [INFO] governor: Governor cycle 814 completed
2026-07-18 16:22:22,319 [INFO] governor: Health: 100% | Cycle: 814
2026-07-18 16:22:22,320 [INFO] governor: Observed screen - nodes: 0
2026-07-18 16:22:24,840 [INFO] governor: System via rish: 15
📋 Enqueued: Analyze screen for UI changes [HIGH]
⚙️ Executing: Analyze screen for UI changes
✅ Completed: Analyze screen for UI changes
2026-07-18 16:22:24,841 [INFO] governor: Governor cycle 815 completed
2026-07-18 16:22:27,842 [INFO] governor: Health: 100% | Cycle: 815
2026-07-18 16:22:27,842 [INFO] governor: Observed screen - nodes: 0
2026-07-18 16:22:30,161 [INFO] governor: System via rish: shell
📋 Enqueued: Process user screen interaction [NORMAL]
⚙️ Executing: Process user screen interaction
✅ Completed: Process user screen interaction
2026-07-18 16:22:30,162 [INFO] governor: Governor cycle 816 completed
2026-07-18 16:22:33,163 [INFO] governor: Health: 100% | Cycle: 816
2026-07-18 16:22:33,164 [INFO] governor: Observed screen - nodes: 0
2026-07-18 16:22:36,095 [INFO] governor: System via rish: 15
📋 Enqueued: Process user screen interaction [NORMAL]
⚙️ Executing: Process user screen interaction
✅ Completed: Process user screen interaction
2026-07-18 16:22:36,096 [INFO] governor: Governor cycle 817 completed
2026-07-18 16:22:39,097 [INFO] governor: Health: 100% | Cycle: 817
2026-07-18 16:22:39,098 [INFO] governor: Observed screen - nodes: 0
2026-07-18 16:22:41,348 [INFO] governor: System via rish: 15
📋 Enqueued: Process user screen interaction [NORMAL]
⚙️ Executing: Process user screen interaction
✅ Completed: Process user screen interaction
2026-07-18 16:22:41,349 [INFO] governor: Governor cycle 818 completed
2026-07-18 16:22:44,350 [INFO] governor: Health: 100% | Cycle: 818
2026-07-18 16:22:44,352 [INFO] governor: Observed screen - nodes: 0
2026-07-18 16:22:46,654 [INFO] governor: System via rish: 15
📋 Enqueued: Process user screen interaction [NORMAL]
⚙️ Executing: Process user screen interaction
✅ Completed: Process user screen interaction
2026-07-18 16:22:46,655 [INFO] governor: Governor cycle 819 completed
2026-07-18 16:22:49,656 [INFO] governor: Health: 100% | Cycle: 819
2026-07-18 16:22:49,656 [INFO] governor: Observed screen - nodes: 0
2026-07-18 16:22:51,764 [INFO] governor: System via rish: 15
📋 Enqueued: Analyze screen for UI changes [HIGH]
⚙️ Executing: Analyze screen for UI changes
✅ Completed: Analyze screen for UI changes
2026-07-18 16:22:51,764 [INFO] governor: Governor cycle 820 completed
2026-07-18 16:22:54,765 [INFO] governor: Health: 100% | Cycle: 820
2026-07-18 16:22:54,765 [INFO] governor: Observed screen - nodes: 0
2026-07-18 16:22:56,591 [INFO] governor: System via rish: shell
📋 Enqueued: Process user screen interaction [NORMAL]
⚙️ Executing: Process user screen interaction
✅ Completed: Process user screen interaction
2026-07-18 16:22:56,592 [INFO] governor: Governor cycle 821 completed
2026-07-18 16:22:59,594 [INFO] governor: Health: 100% | Cycle: 821
2026-07-18 16:22:59,594 [INFO] governor: Observed screen - nodes: 0
2026-07-18 16:23:01,738 [INFO] governor: System via rish: 15
📋 Enqueued: Process user screen interaction [NORMAL]
⚙️ Executing: Process user screen interaction
✅ Completed: Process user screen interaction
2026-07-18 16:23:01,739 [INFO] governor: Governor cycle 822 completed
2026-07-18 16:23:04,740 [INFO] governor: Health: 100% | Cycle: 822
2026-07-18 16:23:04,741 [INFO] governor: Observed screen - nodes: 0
2026-07-18 16:23:06,257 [INFO] governor: System via rish: 15
📋 Enqueued: Process user screen interaction [NORMAL]
⚙️ Executing: Process user screen interaction
✅ Completed: Process user screen interaction
2026-07-18 16:23:06,258 [INFO] governor: Governor cycle 823 completed
2026-07-18 16:23:09,259 [INFO] governor: Health: 100% | Cycle: 823
2026-07-18 16:23:09,260 [INFO] governor: Observed screen - nodes: 0
2026-07-18 16:23:12,250 [INFO] governor: System via rish: shell
📋 Enqueued: Process user screen interaction [NORMAL]
⚙️ Executing: Process user screen interaction
✅ Completed: Process user screen interaction
2026-07-18 16:23:12,252 [INFO] governor: Governor cycle 824 completed
2026-07-18 16:23:15,252 [INFO] governor: Health: 100% | Cycle: 824
2026-07-18 16:23:15,253 [INFO] governor: Observed screen - nodes: 0
2026-07-18 16:23:17,561 [INFO] governor: System via rish: 15
📋 Enqueued: Analyze screen for UI changes [HIGH]
⚙️ Executing: Analyze screen for UI changes
✅ Completed: Analyze screen for UI changes
2026-07-18 16:23:17,561 [INFO] governor: Governor cycle 825 completed
2026-07-18 16:23:20,562 [INFO] governor: Health: 100% | Cycle: 825
2026-07-18 16:23:20,563 [INFO] governor: Observed screen - nodes: 0
2026-07-18 16:23:22,950 [INFO] governor: System via rish: 15
📋 Enqueued: Process user screen interaction [NORMAL]
⚙️ Executing: Process user screen interaction
✅ Completed: Process user screen interaction
2026-07-18 16:23:22,950 [INFO] governor: Governor cycle 826 completed
2026-07-18 16:23:25,951 [INFO] governor: Health: 100% | Cycle: 826
2026-07-18 16:23:25,952 [INFO] governor: Observed screen - nodes: 0
2026-07-18 16:23:29,210 [INFO] governor: System via rish: 15
📋 Enqueued: Process user screen interaction [NORMAL]
⚙️ Executing: Process user screen interaction
✅ Completed: Process user screen interaction
2026-07-18 16:23:29,211 [INFO] governor: Governor cycle 827 completed
2026-07-18 16:23:32,213 [INFO] governor: Health: 100% | Cycle: 827
2026-07-18 16:23:32,214 [INFO] governor: Observed screen - nodes: 0
2026-07-18 16:23:35,160 [INFO] governor: System via rish: 15
📋 Enqueued: Process user screen interaction [NORMAL]
⚙️ Executing: Process user screen interaction
✅ Completed: Process user screen interaction
2026-07-18 16:23:35,161 [INFO] governor: Governor cycle 828 completed
2026-07-18 16:23:38,162 [INFO] governor: Health: 100% | Cycle: 828
2026-07-18 16:23:38,163 [INFO] governor: Observed screen - nodes: 0
2026-07-18 16:23:40,786 [INFO] governor: System via rish: 15
📋 Enqueued: Process user screen interaction [NORMAL]
⚙️ Executing: Process user screen interaction
✅ Completed: Process user screen interaction
2026-07-18 16:23:40,787 [INFO] governor: Governor cycle 829 completed
2026-07-18 16:23:43,788 [INFO] governor: Health: 100% | Cycle: 829
2026-07-18 16:23:43,789 [INFO] governor: Observed screen - nodes: 0
2026-07-18 16:23:46,557 [INFO] governor: System via rish: shell
📋 Enqueued: Analyze screen for UI changes [HIGH]
⚙️ Executing: Analyze screen for UI changes
✅ Completed: Analyze screen for UI changes
2026-07-18 16:23:46,558 [INFO] governor: Governor cycle 830 completed
2026-07-18 16:23:49,559 [INFO] governor: Health: 100% | Cycle: 830
2026-07-18 16:23:49,560 [INFO] governor: Observed screen - nodes: 0
2026-07-18 16:23:52,289 [INFO] governor: System via rish: 15
📋 Enqueued: Process user screen interaction [NORMAL]
⚙️ Executing: Process user screen interaction
✅ Completed: Process user screen interaction
2026-07-18 16:23:52,290 [INFO] governor: Governor cycle 831 completed
2026-07-18 16:23:55,291 [INFO] governor: Health: 100% | Cycle: 831
2026-07-18 16:23:55,292 [INFO] governor: Observed screen - nodes: 0
2026-07-18 16:23:58,937 [INFO] governor: System via rish: 15
📋 Enqueued: Process user screen interaction [NORMAL]
⚙️ Executing: Process user screen interaction
✅ Completed: Process user screen interaction
2026-07-18 16:23:58,938 [INFO] governor: Governor cycle 832 completed
2026-07-18 16:24:01,939 [INFO] governor: Health: 100% | Cycle: 832
2026-07-18 16:24:01,940 [INFO] governor: Observed screen - nodes: 0
2026-07-18 16:24:04,741 [INFO] governor: System via rish: 15
📋 Enqueued: Process user screen interaction [NORMAL]
⚙️ Executing: Process user screen interaction
✅ Completed: Process user screen interaction
2026-07-18 16:24:04,743 [INFO] governor: Governor cycle 833 completed
2026-07-18 16:24:07,744 [INFO] governor: Health: 100% | Cycle: 833
2026-07-18 16:24:07,746 [INFO] governor: Observed screen - nodes: 0
2026-07-18 16:24:10,327 [INFO] governor: System via rish: 15
📋 Enqueued: Process user screen interaction [NORMAL]
⚙️ Executing: Process user screen interaction
✅ Completed: Process user screen interaction
2026-07-18 16:24:10,328 [INFO] governor: Governor cycle 834 completed
2026-07-18 16:24:13,329 [INFO] governor: Health: 100% | Cycle: 834
2026-07-18 16:24:13,330 [INFO] governor: Observed screen - nodes: 0
2026-07-18 16:24:15,870 [INFO] governor: System via rish: 15
📋 Enqueued: Analyze screen for UI changes [HIGH]
⚙️ Executing: Analyze screen for UI changes
✅ Completed: Analyze screen for UI changes
2026-07-18 16:24:15,871 [INFO] governor: Governor cycle 835 completed
2026-07-18 16:24:18,871 [INFO] governor: Health: 100% | Cycle: 835
2026-07-18 16:24:18,872 [INFO] governor: Observed screen - nodes: 0
2026-07-18 16:24:21,830 [INFO] governor: System via rish: 15
📋 Enqueued: Process user screen interaction [NORMAL]
⚙️ Executing: Process user screen interaction
✅ Completed: Process user screen interaction
2026-07-18 16:24:21,831 [INFO] governor: Governor cycle 836 completed
2026-07-18 16:24:24,832 [INFO] governor: Health: 100% | Cycle: 836
2026-07-18 16:24:24,833 [INFO] governor: Observed screen - nodes: 0
2026-07-18 16:24:27,972 [INFO] governor: System via rish: 15
📋 Enqueued: Process user screen interaction [NORMAL]
⚙️ Executing: Process user screen interaction
✅ Completed: Process user screen interaction
2026-07-18 16:24:27,973 [INFO] governor: Governor cycle 837 completed
2026-07-18 16:24:30,974 [INFO] governor: Health: 100% | Cycle: 837
2026-07-18 16:24:30,974 [INFO] governor: Observed screen - nodes: 0
2026-07-18 16:24:33,897 [INFO] governor: System via rish: 15
📋 Enqueued: Process user screen interaction [NORMAL]
⚙️ Executing: Process user screen interaction
✅ Completed: Process user screen interaction
2026-07-18 16:24:33,897 [INFO] governor: Governor cycle 838 completed
2026-07-18 16:24:36,898 [INFO] governor: Health: 100% | Cycle: 838
2026-07-18 16:24:36,899 [INFO] governor: Observed screen - nodes: 0
2026-07-18 16:24:39,723 [INFO] governor: System via rish: shell
📋 Enqueued: Process user screen interaction [NORMAL]
⚙️ Executing: Process user screen interaction
✅ Completed: Process user screen interaction
2026-07-18 16:24:39,725 [INFO] governor: Governor cycle 839 completed
2026-07-18 16:24:42,726 [INFO] governor: Health: 100% | Cycle: 839
2026-07-18 16:24:42,727 [INFO] governor: Observed screen - nodes: 0
2026-07-18 16:24:45,700 [INFO] governor: System via rish: shell
📋 Enqueued: Analyze screen for UI changes [HIGH]
⚙️ Executing: Analyze screen for UI changes
✅ Completed: Analyze screen for UI changes
2026-07-18 16:24:45,701 [INFO] governor: Governor cycle 840 completed
2026-07-18 16:24:48,702 [INFO] governor: Health: 100% | Cycle: 840
2026-07-18 16:24:48,703 [INFO] governor: Observed screen - nodes: 0
2026-07-18 16:24:51,600 [INFO] governor: System via rish: shell
📋 Enqueued: Process user screen interaction [NORMAL]
⚙️ Executing: Process user screen interaction
✅ Completed: Process user screen interaction
2026-07-18 16:24:51,602 [INFO] governor: Governor cycle 841 completed
2026-07-18 16:24:54,604 [INFO] governor: Health: 100% | Cycle: 841
2026-07-18 16:24:54,605 [INFO] governor: Observed screen - nodes: 0
2026-07-18 16:25:03,020 [INFO] governor: System via rish: 15
📋 Enqueued: Process user screen interaction [NORMAL]
⚙️ Executing: Process user screen interaction
✅ Completed: Process user screen interaction
2026-07-18 16:25:03,024 [INFO] governor: Governor cycle 842 completed
2026-07-18 16:25:06,025 [INFO] governor: Health: 100% | Cycle: 842
2026-07-18 16:25:06,028 [INFO] governor: Observed screen - nodes: 0
2026-07-18 16:25:09,797 [INFO] governor: System via rish: 15
📋 Enqueued: Process user screen interaction [NORMAL]
⚙️ Executing: Process user screen interaction
✅ Completed: Process user screen interaction
2026-07-18 16:25:09,798 [INFO] governor: Governor cycle 843 completed
2026-07-18 16:25:12,799 [INFO] governor: Health: 100% | Cycle: 843
2026-07-18 16:25:12,800 [INFO] governor: Observed screen - nodes: 0
2026-07-18 16:25:16,692 [INFO] governor: System via rish: 15
📋 Enqueued: Process user screen interaction [NORMAL]
⚙️ Executing: Process user screen interaction
✅ Completed: Process user screen interaction
2026-07-18 16:25:16,695 [INFO] governor: Governor cycle 844 completed
2026-07-18 16:25:19,697 [INFO] governor: Health: 100% | Cycle: 844
2026-07-18 16:25:19,698 [INFO] governor: Observed screen - nodes: 0
2026-07-18 16:25:22,283 [INFO] governor: System via rish: 15
📋 Enqueued: Analyze screen for UI changes [HIGH]
⚙️ Executing: Analyze screen for UI changes
✅ Completed: Analyze screen for UI changes
2026-07-18 16:25:22,283 [INFO] governor: Governor cycle 845 completed
2026-07-18 16:25:25,284 [INFO] governor: Health: 100% | Cycle: 845
2026-07-18 16:25:25,285 [INFO] governor: Observed screen - nodes: 0
2026-07-18 16:25:28,288 [INFO] governor: System via rish: 15
📋 Enqueued: Process user screen interaction [NORMAL]
⚙️ Executing: Process user screen interaction
✅ Completed: Process user screen interaction
2026-07-18 16:25:28,291 [INFO] governor: Governor cycle 846 completed
2026-07-18 16:25:31,292 [INFO] governor: Health: 100% | Cycle: 846
2026-07-18 16:25:31,292 [INFO] governor: Observed screen - nodes: 0
2026-07-18 16:25:35,457 [INFO] governor: System via rish: 15
📋 Enqueued: Process user screen interaction [NORMAL]
⚙️ Executing: Process user screen interaction
✅ Completed: Process user screen interaction
2026-07-18 16:25:35,459 [INFO] governor: Governor cycle 847 completed
2026-07-18 16:25:38,462 [INFO] governor: Health: 100% | Cycle: 847
2026-07-18 16:25:38,463 [INFO] governor: Observed screen - nodes: 0
2026-07-18 16:25:41,544 [INFO] governor: System via rish: 15
📋 Enqueued: Process user screen interaction [NORMAL]
⚙️ Executing: Process user screen interaction
✅ Completed: Process user screen interaction
2026-07-18 16:25:41,544 [INFO] governor: Governor cycle 848 completed
2026-07-18 16:25:44,545 [INFO] governor: Health: 100% | Cycle: 848
2026-07-18 16:25:44,546 [INFO] governor: Observed screen - nodes: 0
2026-07-18 16:25:48,227 [INFO] governor: System via rish: 15
📋 Enqueued: Process user screen interaction [NORMAL]
⚙️ Executing: Process user screen interaction
✅ Completed: Process user screen interaction
2026-07-18 16:25:48,229 [INFO] governor: Governor cycle 849 completed
2026-07-18 16:25:51,231 [INFO] governor: Health: 100% | Cycle: 849
2026-07-18 16:25:51,232 [INFO] governor: Observed screen - nodes: 0
2026-07-18 16:25:54,071 [INFO] governor: System via rish: shell
📋 Enqueued: Analyze screen for UI changes [HIGH]
⚙️ Executing: Analyze screen for UI changes
✅ Completed: Analyze screen for UI changes
2026-07-18 16:25:54,072 [INFO] governor: Governor cycle 850 completed
2026-07-18 16:25:57,073 [INFO] governor: Health: 100% | Cycle: 850
2026-07-18 16:25:57,073 [INFO] governor: Observed screen - nodes: 0
2026-07-18 16:25:59,643 [INFO] governor: System via rish: 15
📋 Enqueued: Process user screen interaction [NORMAL]
⚙️ Executing: Process user screen interaction
✅ Completed: Process user screen interaction
2026-07-18 16:25:59,645 [INFO] governor: Governor cycle 851 completed
2026-07-18 16:26:02,645 [INFO] governor: Health: 100% | Cycle: 851
2026-07-18 16:26:02,646 [INFO] governor: Observed screen - nodes: 0
2026-07-18 16:26:06,111 [INFO] governor: System via rish: 15
📋 Enqueued: Process user screen interaction [NORMAL]
⚙️ Executing: Process user screen interaction
✅ Completed: Process user screen interaction
2026-07-18 16:26:06,111 [INFO] governor: Governor cycle 852 completed
2026-07-18 16:26:09,112 [INFO] governor: Health: 100% | Cycle: 852
2026-07-18 16:26:09,113 [INFO] governor: Observed screen - nodes: 0
2026-07-18 16:26:13,164 [INFO] governor: System via rish: 15
📋 Enqueued: Process user screen interaction [NORMAL]
⚙️ Executing: Process user screen interaction
✅ Completed: Process user screen interaction
2026-07-18 16:26:13,165 [INFO] governor: Governor cycle 853 completed
2026-07-18 16:26:16,165 [INFO] governor: Health: 100% | Cycle: 853
2026-07-18 16:26:16,166 [INFO] governor: Observed screen - nodes: 0
2026-07-18 16:26:20,165 [INFO] governor: System via rish: 15
📋 Enqueued: Process user screen interaction [NORMAL]
⚙️ Executing: Process user screen interaction
✅ Completed: Process user screen interaction
2026-07-18 16:26:20,168 [INFO] governor: Governor cycle 854 completed
2026-07-18 16:26:23,169 [INFO] governor: Health: 100% | Cycle: 854
2026-07-18 16:26:23,169 [INFO] governor: Observed screen - nodes: 0
2026-07-18 16:26:26,141 [INFO] governor: System via rish: 15
📋 Enqueued: Analyze screen for UI changes [HIGH]
⚙️ Executing: Analyze screen for UI changes
✅ Completed: Analyze screen for UI changes
2026-07-18 16:26:26,142 [INFO] governor: Governor cycle 855 completed
2026-07-18 16:26:29,143 [INFO] governor: Health: 100% | Cycle: 855
2026-07-18 16:26:29,144 [INFO] governor: Observed screen - nodes: 0
2026-07-18 16:26:32,082 [INFO] governor: System via rish: 15
📋 Enqueued: Process user screen interaction [NORMAL]
⚙️ Executing: Process user screen interaction
✅ Completed: Process user screen interaction
2026-07-18 16:26:32,082 [INFO] governor: Governor cycle 856 completed
2026-07-18 16:26:35,083 [INFO] governor: Health: 100% | Cycle: 856
2026-07-18 16:26:35,084 [INFO] governor: Observed screen - nodes: 0
2026-07-18 16:26:39,601 [INFO] governor: System via rish: 15
📋 Enqueued: Process user screen interaction [NORMAL]
⚙️ Executing: Process user screen interaction
✅ Completed: Process user screen interaction
2026-07-18 16:26:39,604 [INFO] governor: Governor cycle 857 completed
2026-07-18 16:26:42,605 [INFO] governor: Health: 100% | Cycle: 857
2026-07-18 16:26:42,606 [INFO] governor: Observed screen - nodes: 0
2026-07-18 16:26:46,113 [INFO] governor: System via rish: 15
📋 Enqueued: Process user screen interaction [NORMAL]
⚙️ Executing: Process user screen interaction
✅ Completed: Process user screen interaction
2026-07-18 16:26:46,114 [INFO] governor: Governor cycle 858 completed
2026-07-18 16:26:49,114 [INFO] governor: Health: 100% | Cycle: 858
2026-07-18 16:26:49,115 [INFO] governor: Observed screen - nodes: 0
2026-07-18 16:26:52,051 [INFO] governor: System via rish: shell
📋 Enqueued: Process user screen interaction [NORMAL]
⚙️ Executing: Process user screen interaction
✅ Completed: Process user screen interaction
2026-07-18 16:26:52,052 [INFO] governor: Governor cycle 859 completed
2026-07-18 16:26:55,053 [INFO] governor: Health: 100% | Cycle: 859
2026-07-18 16:26:55,053 [INFO] governor: Observed screen - nodes: 0
2026-07-18 16:26:57,962 [INFO] governor: System via rish: shell
📋 Enqueued: Analyze screen for UI changes [HIGH]
⚙️ Executing: Analyze screen for UI changes
✅ Completed: Analyze screen for UI changes
2026-07-18 16:26:57,963 [INFO] governor: Governor cycle 860 completed
2026-07-18 16:27:00,964 [INFO] governor: Health: 100% | Cycle: 860
2026-07-18 16:27:00,964 [INFO] governor: Observed screen - nodes: 0
2026-07-18 16:27:08,061 [INFO] governor: System via rish: shell
📋 Enqueued: Process user screen interaction [NORMAL]
⚙️ Executing: Process user screen interaction
✅ Completed: Process user screen interaction
2026-07-18 16:27:08,071 [INFO] governor: Governor cycle 861 completed
2026-07-18 16:27:11,075 [INFO] governor: Health: 100% | Cycle: 861
2026-07-18 16:27:11,076 [INFO] governor: Observed screen - nodes: 0
2026-07-18 16:27:16,093 [INFO] governor: System via rish: 15
📋 Enqueued: Process user screen interaction [NORMAL]
⚙️ Executing: Process user screen interaction
✅ Completed: Process user screen interaction
2026-07-18 16:27:16,097 [INFO] governor: Governor cycle 862 completed
2026-07-18 16:27:19,100 [INFO] governor: Health: 100% | Cycle: 862
2026-07-18 16:27:19,100 [INFO] governor: Observed screen - nodes: 0
2026-07-18 16:27:21,935 [INFO] governor: System via rish: shell
📋 Enqueued: Process user screen interaction [NORMAL]
⚙️ Executing: Process user screen interaction
✅ Completed: Process user screen interaction
2026-07-18 16:27:21,935 [INFO] governor: Governor cycle 863 completed
2026-07-18 16:27:24,937 [INFO] governor: Health: 100% | Cycle: 863
2026-07-18 16:27:24,937 [INFO] governor: Observed screen - nodes: 0
2026-07-18 16:27:31,392 [INFO] governor: System via rish: 15
📋 Enqueued: Process user screen interaction [NORMAL]
⚙️ Executing: Process user screen interaction
✅ Completed: Process user screen interaction
2026-07-18 16:27:31,397 [INFO] governor: Governor cycle 864 completed
2026-07-18 16:27:34,397 [INFO] governor: Health: 100% | Cycle: 864
2026-07-18 16:27:34,398 [INFO] governor: Observed screen - nodes: 0
2026-07-18 16:27:38,791 [INFO] governor: System via rish: shell
📋 Enqueued: Analyze screen for UI changes [HIGH]
⚙️ Executing: Analyze screen for UI changes
✅ Completed: Analyze screen for UI changes
2026-07-18 16:27:38,792 [INFO] governor: Governor cycle 865 completed
2026-07-18 16:27:41,793 [INFO] governor: Health: 100% | Cycle: 865
2026-07-18 16:27:41,794 [INFO] governor: Observed screen - nodes: 0
2026-07-18 16:27:44,816 [INFO] governor: System via rish: shell
📋 Enqueued: Process user screen interaction [NORMAL]
⚙️ Executing: Process user screen interaction
✅ Completed: Process user screen interaction
2026-07-18 16:27:44,817 [INFO] governor: Governor cycle 866 completed
2026-07-18 16:27:47,818 [INFO] governor: Health: 100% | Cycle: 866
2026-07-18 16:27:47,818 [INFO] governor: Observed screen - nodes: 0
2026-07-18 16:27:51,511 [INFO] governor: System via rish: shell
📋 Enqueued: Process user screen interaction [NORMAL]
⚙️ Executing: Process user screen interaction
✅ Completed: Process user screen interaction
2026-07-18 16:27:51,514 [INFO] governor: Governor cycle 867 completed
2026-07-18 16:27:54,515 [INFO] governor: Health: 100% | Cycle: 867
2026-07-18 16:27:54,516 [INFO] governor: Observed screen - nodes: 0
2026-07-18 16:27:57,722 [INFO] governor: System via rish: 15
📋 Enqueued: Process user screen interaction [NORMAL]
⚙️ Executing: Process user screen interaction
✅ Completed: Process user screen interaction
2026-07-18 16:27:57,722 [INFO] governor: Governor cycle 868 completed
2026-07-18 16:28:00,723 [INFO] governor: Health: 100% | Cycle: 868
2026-07-18 16:28:00,724 [INFO] governor: Observed screen - nodes: 0
2026-07-18 16:28:04,121 [INFO] governor: System via rish: 15
📋 Enqueued: Process user screen interaction [NORMAL]
⚙️ Executing: Process user screen interaction
✅ Completed: Process user screen interaction
2026-07-18 16:28:04,121 [INFO] governor: Governor cycle 869 completed
2026-07-18 16:28:07,123 [INFO] governor: Health: 100% | Cycle: 869
2026-07-18 16:28:07,124 [INFO] governor: Observed screen - nodes: 0
2026-07-18 16:28:12,741 [INFO] governor: System via rish: shell
📋 Enqueued: Analyze screen for UI changes [HIGH]
⚙️ Executing: Analyze screen for UI changes
✅ Completed: Analyze screen for UI changes
2026-07-18 16:28:12,742 [INFO] governor: Governor cycle 870 completed
2026-07-18 16:28:15,750 [INFO] governor: Health: 100% | Cycle: 870
2026-07-18 16:28:15,751 [INFO] governor: Observed screen - nodes: 0
2026-07-18 16:28:21,048 [INFO] governor: System via rish: shell
📋 Enqueued: Process user screen interaction [NORMAL]
⚙️ Executing: Process user screen interaction
✅ Completed: Process user screen interaction
2026-07-18 16:28:21,050 [INFO] governor: Governor cycle 871 completed
2026-07-18 16:28:24,052 [INFO] governor: Health: 100% | Cycle: 871
2026-07-18 16:28:24,053 [INFO] governor: Observed screen - nodes: 0
2026-07-18 16:28:29,078 [INFO] governor: System via rish: 15
📋 Enqueued: Process user screen interaction [NORMAL]
⚙️ Executing: Process user screen interaction
✅ Completed: Process user screen interaction
2026-07-18 16:28:29,078 [INFO] governor: Governor cycle 872 completed
2026-07-18 16:28:32,079 [INFO] governor: Health: 100% | Cycle: 872
2026-07-18 16:28:32,079 [INFO] governor: Observed screen - nodes: 0
2026-07-18 16:28:35,063 [INFO] governor: System via rish: shell
📋 Enqueued: Process user screen interaction [NORMAL]
⚙️ Executing: Process user screen interaction
✅ Completed: Process user screen interaction
2026-07-18 16:28:35,065 [INFO] governor: Governor cycle 873 completed
2026-07-18 16:28:38,066 [INFO] governor: Health: 100% | Cycle: 873
2026-07-18 16:28:38,066 [INFO] governor: Observed screen - nodes: 0
2026-07-18 16:28:40,559 [INFO] governor: System via rish: 15
📋 Enqueued: Process user screen interaction [NORMAL]
⚙️ Executing: Process user screen interaction
✅ Completed: Process user screen interaction
2026-07-18 16:28:40,560 [INFO] governor: Governor cycle 874 completed
2026-07-18 16:28:43,560 [INFO] governor: Health: 100% | Cycle: 874
2026-07-18 16:28:43,561 [INFO] governor: Observed screen - nodes: 0
2026-07-18 16:28:46,297 [INFO] governor: System via rish: 15
📋 Enqueued: Analyze screen for UI changes [HIGH]
⚙️ Executing: Analyze screen for UI changes
✅ Completed: Analyze screen for UI changes
2026-07-18 16:28:46,298 [INFO] governor: Governor cycle 875 completed
2026-07-18 16:28:49,298 [INFO] governor: Health: 100% | Cycle: 875
2026-07-18 16:28:49,299 [INFO] governor: Observed screen - nodes: 0
2026-07-18 16:28:51,868 [INFO] governor: System via rish: 15
📋 Enqueued: Process user screen interaction [NORMAL]
⚙️ Executing: Process user screen interaction
✅ Completed: Process user screen interaction
2026-07-18 16:28:51,869 [INFO] governor: Governor cycle 876 completed
2026-07-18 16:28:54,869 [INFO] governor: Health: 100% | Cycle: 876
2026-07-18 16:28:54,870 [INFO] governor: Observed screen - nodes: 0
2026-07-18 16:29:00,878 [INFO] governor: System via rish: 15
📋 Enqueued: Process user screen interaction [NORMAL]
⚙️ Executing: Process user screen interaction
✅ Completed: Process user screen interaction
2026-07-18 16:29:00,896 [INFO] governor: Governor cycle 877 completed
2026-07-18 16:29:03,896 [INFO] governor: Health: 100% | Cycle: 877
2026-07-18 16:29:03,897 [INFO] governor: Observed screen - nodes: 0
2026-07-18 16:29:08,208 [INFO] governor: System via rish: 15
📋 Enqueued: Process user screen interaction [NORMAL]
⚙️ Executing: Process user screen interaction
✅ Completed: Process user screen interaction
2026-07-18 16:29:08,214 [INFO] governor: Governor cycle 878 completed
2026-07-18 16:29:11,214 [INFO] governor: Health: 100% | Cycle: 878
2026-07-18 16:29:11,215 [INFO] governor: Observed screen - nodes: 0
2026-07-18 16:29:14,104 [INFO] governor: System via rish: 15
📋 Enqueued: Process user screen interaction [NORMAL]
⚙️ Executing: Process user screen interaction
✅ Completed: Process user screen interaction
2026-07-18 16:29:14,105 [INFO] governor: Governor cycle 879 completed
2026-07-18 16:29:17,106 [INFO] governor: Health: 100% | Cycle: 879
2026-07-18 16:29:17,107 [INFO] governor: Observed screen - nodes: 0
2026-07-18 16:29:19,821 [INFO] governor: System via rish: 15
📋 Enqueued: Analyze screen for UI changes [HIGH]
⚙️ Executing: Analyze screen for UI changes
✅ Completed: Analyze screen for UI changes
2026-07-18 16:29:19,821 [INFO] governor: Governor cycle 880 completed
2026-07-18 16:29:22,822 [INFO] governor: Health: 100% | Cycle: 880
2026-07-18 16:29:22,823 [INFO] governor: Observed screen - nodes: 0
2026-07-18 16:29:27,858 [INFO] governor: System via rish: shell
📋 Enqueued: Process user screen interaction [NORMAL]
⚙️ Executing: Process user screen interaction
✅ Completed: Process user screen interaction
2026-07-18 16:29:27,864 [INFO] governor: Governor cycle 881 completed
2026-07-18 16:29:30,865 [INFO] governor: Health: 100% | Cycle: 881
2026-07-18 16:29:30,865 [INFO] governor: Observed screen - nodes: 0
2026-07-18 16:29:34,303 [INFO] governor: System via rish: 15
📋 Enqueued: Process user screen interaction [NORMAL]
⚙️ Executing: Process user screen interaction
✅ Completed: Process user screen interaction
2026-07-18 16:29:34,304 [INFO] governor: Governor cycle 882 completed
2026-07-18 16:29:37,305 [INFO] governor: Health: 100% | Cycle: 882
2026-07-18 16:29:37,305 [INFO] governor: Observed screen - nodes: 0
2026-07-18 16:29:41,853 [INFO] governor: System via rish: 15
📋 Enqueued: Process user screen interaction [NORMAL]
⚙️ Executing: Process user screen interaction
✅ Completed: Process user screen interaction
2026-07-18 16:29:41,856 [INFO] governor: Governor cycle 883 completed
2026-07-18 16:29:44,857 [INFO] governor: Health: 100% | Cycle: 883
2026-07-18 16:29:44,859 [INFO] governor: Observed screen - nodes: 0
2026-07-18 16:29:47,540 [INFO] governor: System via rish: 15
📋 Enqueued: Process user screen interaction [NORMAL]
⚙️ Executing: Process user screen interaction
✅ Completed: Process user screen interaction
2026-07-18 16:29:47,541 [INFO] governor: Governor cycle 884 completed
2026-07-18 16:29:50,542 [INFO] governor: Health: 100% | Cycle: 884
2026-07-18 16:29:50,543 [INFO] governor: Observed screen - nodes: 0
2026-07-18 16:29:53,602 [INFO] governor: System via rish: 15
📋 Enqueued: Analyze screen for UI changes [HIGH]
⚙️ Executing: Analyze screen for UI changes
✅ Completed: Analyze screen for UI changes
2026-07-18 16:29:53,603 [INFO] governor: Governor cycle 885 completed
2026-07-18 16:29:56,604 [INFO] governor: Health: 100% | Cycle: 885
2026-07-18 16:29:56,604 [INFO] governor: Observed screen - nodes: 0
2026-07-18 16:29:59,416 [INFO] governor: System via rish: 15
📋 Enqueued: Process user screen interaction [NORMAL]
⚙️ Executing: Process user screen interaction
✅ Completed: Process user screen interaction
2026-07-18 16:29:59,419 [INFO] governor: Governor cycle 886 completed
2026-07-18 16:30:02,421 [INFO] governor: Health: 100% | Cycle: 886
2026-07-18 16:30:02,422 [INFO] governor: Observed screen - nodes: 0
2026-07-18 16:30:05,632 [INFO] governor: System via rish: shell
📋 Enqueued: Process user screen interaction [NORMAL]
⚙️ Executing: Process user screen interaction
✅ Completed: Process user screen interaction
2026-07-18 16:30:05,633 [INFO] governor: Governor cycle 887 completed
2026-07-18 16:30:08,634 [INFO] governor: Health: 100% | Cycle: 887
2026-07-18 16:30:08,635 [INFO] governor: Observed screen - nodes: 0
2026-07-18 16:30:11,570 [INFO] governor: System via rish: 15
📋 Enqueued: Process user screen interaction [NORMAL]
⚙️ Executing: Process user screen interaction
✅ Completed: Process user screen interaction
2026-07-18 16:30:11,571 [INFO] governor: Governor cycle 888 completed
2026-07-18 16:30:14,573 [INFO] governor: Health: 100% | Cycle: 888
2026-07-18 16:30:14,574 [INFO] governor: Observed screen - nodes: 0
2026-07-18 16:30:18,240 [INFO] governor: System via rish: 15
📋 Enqueued: Process user screen interaction [NORMAL]
⚙️ Executing: Process user screen interaction
✅ Completed: Process user screen interaction
2026-07-18 16:30:18,241 [INFO] governor: Governor cycle 889 completed
2026-07-18 16:30:21,242 [INFO] governor: Health: 100% | Cycle: 889
2026-07-18 16:30:21,243 [INFO] governor: Observed screen - nodes: 0
2026-07-18 16:30:25,049 [INFO] governor: System via rish: shell
📋 Enqueued: Analyze screen for UI changes [HIGH]
⚙️ Executing: Analyze screen for UI changes
✅ Completed: Analyze screen for UI changes
2026-07-18 16:30:25,052 [INFO] governor: Governor cycle 890 completed
2026-07-18 16:30:28,053 [INFO] governor: Health: 100% | Cycle: 890
2026-07-18 16:30:28,055 [INFO] governor: Observed screen - nodes: 0
2026-07-18 16:30:33,280 [INFO] governor: System via rish: shell
📋 Enqueued: Process user screen interaction [NORMAL]
⚙️ Executing: Process user screen interaction
✅ Completed: Process user screen interaction
2026-07-18 16:30:33,283 [INFO] governor: Governor cycle 891 completed
2026-07-18 16:30:36,284 [INFO] governor: Health: 100% | Cycle: 891
2026-07-18 16:30:36,285 [INFO] governor: Observed screen - nodes: 0
2026-07-18 16:30:46,397 [INFO] governor: System via rish: N/A
📋 Enqueued: Process user screen interaction [NORMAL]
⚙️ Executing: Process user screen interaction
✅ Completed: Process user screen interaction
2026-07-18 16:30:46,412 [INFO] governor: Governor cycle 892 completed
2026-07-18 16:30:49,418 [INFO] governor: Health: 100% | Cycle: 892
2026-07-18 16:30:49,418 [INFO] governor: Observed screen - nodes: 0
Traceback (most recent call last):
  File "/data/data/com.termux/files/home/broccoli-core/runtime/main.py", line 12, in <module>
    from maintenance.sync import SyncManager
ModuleNotFoundError: No module named 'maintenance.sync'
Traceback (most recent call last):
  File "/data/data/com.termux/files/home/broccoli-core/runtime/main.py", line 12, in <module>
    from maintenance.sync import SyncManager
ModuleNotFoundError: No module named 'maintenance.sync'
Traceback (most recent call last):
  File "/data/data/com.termux/files/home/broccoli-core/runtime/main.py", line 12, in <module>
    from maintenance.sync import SyncManager
ModuleNotFoundError: No module named 'maintenance.sync'
Traceback (most recent call last):
  File "/data/data/com.termux/files/home/broccoli-core/runtime/main.py", line 12, in <module>
    from maintenance.sync import SyncManager
ModuleNotFoundError: No module named 'maintenance.sync'
Traceback (most recent call last):
  File "/data/data/com.termux/files/home/broccoli-core/runtime/main.py", line 12, in <module>
    from maintenance.sync import SyncManager
ModuleNotFoundError: No module named 'maintenance.sync'
Traceback (most recent call last):
  File "/data/data/com.termux/files/home/broccoli-core/runtime/main.py", line 12, in <module>
    from maintenance.sync import SyncManager
ModuleNotFoundError: No module named 'maintenance.sync'
Traceback (most recent call last):
  File "/data/data/com.termux/files/home/broccoli-core/runtime/main.py", line 12, in <module>
    from maintenance.sync import SyncManager
ModuleNotFoundError: No module named 'maintenance.sync'
Traceback (most recent call last):
  File "/data/data/com.termux/files/home/broccoli-core/runtime/main.py", line 12, in <module>
    from maintenance.sync import SyncManager
ModuleNotFoundError: No module named 'maintenance.sync'
Traceback (most recent call last):
  File "/data/data/com.termux/files/home/broccoli-core/runtime/main.py", line 12, in <module>
    from maintenance.sync import SyncManager
ModuleNotFoundError: No module named 'maintenance.sync'
Traceback (most recent call last):
  File "/data/data/com.termux/files/home/broccoli-core/runtime/main.py", line 12, in <module>
    from maintenance.sync import SyncManager
ModuleNotFoundError: No module named 'maintenance.sync'
Traceback (most recent call last):
  File "/data/data/com.termux/files/home/broccoli-core/runtime/main.py", line 12, in <module>
    from maintenance.sync import SyncManager
ModuleNotFoundError: No module named 'maintenance.sync'
Traceback (most recent call last):
  File "/data/data/com.termux/files/home/broccoli-core/runtime/main.py", line 12, in <module>
    from maintenance.sync import SyncManager
ModuleNotFoundError: No module named 'maintenance.sync'
Traceback (most recent call last):
  File "/data/data/com.termux/files/home/broccoli-core/runtime/main.py", line 12, in <module>
    from maintenance.sync import SyncManager
ModuleNotFoundError: No module named 'maintenance.sync'
Traceback (most recent call last):
  File "/data/data/com.termux/files/home/broccoli-core/runtime/main.py", line 12, in <module>
    from maintenance.sync import SyncManager
ModuleNotFoundError: No module named 'maintenance.sync'
Traceback (most recent call last):
  File "/data/data/com.termux/files/home/broccoli-core/runtime/main.py", line 12, in <module>
    from maintenance.sync import SyncManager
ModuleNotFoundError: No module named 'maintenance.sync'
Traceback (most recent call last):
  File "/data/data/com.termux/files/home/broccoli-core/runtime/main.py", line 12, in <module>
    from maintenance.sync import SyncManager
ModuleNotFoundError: No module named 'maintenance.sync'
Traceback (most recent call last):
  File "/data/data/com.termux/files/home/broccoli-core/runtime/main.py", line 12, in <module>
    from maintenance.sync import SyncManager
ModuleNotFoundError: No module named 'maintenance.sync'
Traceback (most recent call last):
  File "/data/data/com.termux/files/home/broccoli-core/runtime/main.py", line 12, in <module>
    from maintenance.sync import SyncManager
ModuleNotFoundError: No module named 'maintenance.sync'
Traceback (most recent call last):
  File "/data/data/com.termux/files/home/broccoli-core/runtime/main.py", line 12, in <module>
    from maintenance.sync import SyncManager
ModuleNotFoundError: No module named 'maintenance.sync'
Traceback (most recent call last):
  File "/data/data/com.termux/files/home/broccoli-core/runtime/main.py", line 12, in <module>
    from maintenance.sync import SyncManager
ModuleNotFoundError: No module named 'maintenance.sync'
Traceback (most recent call last):
  File "/data/data/com.termux/files/home/broccoli-core/runtime/main.py", line 12, in <module>
    from maintenance.sync import SyncManager
ModuleNotFoundError: No module named 'maintenance.sync'
Traceback (most recent call last):
  File "/data/data/com.termux/files/home/broccoli-core/runtime/main.py", line 12, in <module>
    from maintenance.sync import SyncManager
ModuleNotFoundError: No module named 'maintenance.sync'
Traceback (most recent call last):
  File "/data/data/com.termux/files/home/broccoli-core/runtime/main.py", line 12, in <module>
    from maintenance.sync import SyncManager
ModuleNotFoundError: No module named 'maintenance.sync'
Traceback (most recent call last):
  File "/data/data/com.termux/files/home/broccoli-core/runtime/main.py", line 12, in <module>
    from maintenance.sync import SyncManager
ModuleNotFoundError: No module named 'maintenance.sync'
Traceback (most recent call last):
  File "/data/data/com.termux/files/home/broccoli-core/runtime/main.py", line 12, in <module>
    from maintenance.sync import SyncManager
ModuleNotFoundError: No module named 'maintenance.sync'
Traceback (most recent call last):
  File "/data/data/com.termux/files/home/broccoli-core/runtime/main.py", line 12, in <module>
    from maintenance.sync import SyncManager
ModuleNotFoundError: No module named 'maintenance.sync'
Traceback (most recent call last):
  File "/data/data/com.termux/files/home/broccoli-core/runtime/main.py", line 12, in <module>
    from maintenance.sync import SyncManager
ModuleNotFoundError: No module named 'maintenance.sync'
Traceback (most recent call last):
  File "/data/data/com.termux/files/home/broccoli-core/runtime/main.py", line 12, in <module>
    from maintenance.sync import SyncManager
ModuleNotFoundError: No module named 'maintenance.sync'
Traceback (most recent call last):
  File "/data/data/com.termux/files/home/broccoli-core/runtime/main.py", line 12, in <module>
    from maintenance.sync import SyncManager
ModuleNotFoundError: No module named 'maintenance.sync'
Traceback (most recent call last):
  File "/data/data/com.termux/files/home/broccoli-core/runtime/main.py", line 12, in <module>
    from maintenance.sync import SyncManager
ModuleNotFoundError: No module named 'maintenance.sync'
Traceback (most recent call last):
  File "/data/data/com.termux/files/home/broccoli-core/runtime/main.py", line 12, in <module>
    from maintenance.sync import SyncManager
ModuleNotFoundError: No module named 'maintenance.sync'
Traceback (most recent call last):
  File "/data/data/com.termux/files/home/broccoli-core/runtime/main.py", line 12, in <module>
    from maintenance.sync import SyncManager
ModuleNotFoundError: No module named 'maintenance.sync'
Traceback (most recent call last):
  File "/data/data/com.termux/files/home/broccoli-core/runtime/main.py", line 12, in <module>
    from maintenance.sync import SyncManager
ModuleNotFoundError: No module named 'maintenance.sync'
Traceback (most recent call last):
  File "/data/data/com.termux/files/home/broccoli-core/runtime/main.py", line 12, in <module>
    from maintenance.sync import SyncManager
ModuleNotFoundError: No module named 'maintenance.sync'
Traceback (most recent call last):
  File "/data/data/com.termux/files/home/broccoli-core/runtime/main.py", line 12, in <module>
    from maintenance.sync import SyncManager
ModuleNotFoundError: No module named 'maintenance.sync'
Traceback (most recent call last):
  File "/data/data/com.termux/files/home/broccoli-core/runtime/main.py", line 12, in <module>
    from maintenance.sync import SyncManager
ModuleNotFoundError: No module named 'maintenance.sync'
Traceback (most recent call last):
  File "/data/data/com.termux/files/home/broccoli-core/runtime/main.py", line 12, in <module>
    from maintenance.sync import SyncManager
ModuleNotFoundError: No module named 'maintenance.sync'
Traceback (most recent call last):
  File "/data/data/com.termux/files/home/broccoli-core/runtime/main.py", line 12, in <module>
    from maintenance.sync import SyncManager
ModuleNotFoundError: No module named 'maintenance.sync'
Traceback (most recent call last):
  File "/data/data/com.termux/files/home/broccoli-core/runtime/main.py", line 12, in <module>
    from maintenance.sync import SyncManager
ModuleNotFoundError: No module named 'maintenance.sync'
Traceback (most recent call last):
  File "/data/data/com.termux/files/home/broccoli-core/runtime/main.py", line 12, in <module>
    from maintenance.sync import SyncManager
ModuleNotFoundError: No module named 'maintenance.sync'
Traceback (most recent call last):
  File "/data/data/com.termux/files/home/broccoli-core/runtime/main.py", line 12, in <module>
    from maintenance.sync import SyncManager
ModuleNotFoundError: No module named 'maintenance.sync'
Traceback (most recent call last):
  File "/data/data/com.termux/files/home/broccoli-core/runtime/main.py", line 12, in <module>
    from maintenance.sync import SyncManager
ModuleNotFoundError: No module named 'maintenance.sync'
Traceback (most recent call last):
  File "/data/data/com.termux/files/home/broccoli-core/runtime/main.py", line 12, in <module>
    from maintenance.sync import SyncManager
ModuleNotFoundError: No module named 'maintenance.sync'
Traceback (most recent call last):
  File "/data/data/com.termux/files/home/broccoli-core/runtime/main.py", line 12, in <module>
    from maintenance.sync import SyncManager
ModuleNotFoundError: No module named 'maintenance.sync'
Traceback (most recent call last):
  File "/data/data/com.termux/files/home/broccoli-core/runtime/main.py", line 12, in <module>
    from maintenance.sync import SyncManager
ModuleNotFoundError: No module named 'maintenance.sync'
Traceback (most recent call last):
  File "/data/data/com.termux/files/home/broccoli-core/runtime/main.py", line 12, in <module>
    from maintenance.sync import SyncManager
ModuleNotFoundError: No module named 'maintenance.sync'
Traceback (most recent call last):
  File "/data/data/com.termux/files/home/broccoli-core/runtime/main.py", line 12, in <module>
    from maintenance.sync import SyncManager
ModuleNotFoundError: No module named 'maintenance.sync'
Traceback (most recent call last):
  File "/data/data/com.termux/files/home/broccoli-core/runtime/main.py", line 12, in <module>
    from maintenance.sync import SyncManager
ModuleNotFoundError: No module named 'maintenance.sync'
Traceback (most recent call last):
  File "/data/data/com.termux/files/home/broccoli-core/runtime/main.py", line 12, in <module>
    from maintenance.sync import SyncManager
ModuleNotFoundError: No module named 'maintenance.sync'
Traceback (most recent call last):
  File "/data/data/com.termux/files/home/broccoli-core/runtime/main.py", line 12, in <module>
    from maintenance.sync import SyncManager
ModuleNotFoundError: No module named 'maintenance.sync'
Traceback (most recent call last):
  File "/data/data/com.termux/files/home/broccoli-core/runtime/main.py", line 12, in <module>
    from maintenance.sync import SyncManager
ModuleNotFoundError: No module named 'maintenance.sync'
Traceback (most recent call last):
  File "/data/data/com.termux/files/home/broccoli-core/runtime/main.py", line 12, in <module>
    from maintenance.sync import SyncManager
ModuleNotFoundError: No module named 'maintenance.sync'
Traceback (most recent call last):
  File "/data/data/com.termux/files/home/broccoli-core/runtime/main.py", line 12, in <module>
    from maintenance.sync import SyncManager
ModuleNotFoundError: No module named 'maintenance.sync'
Traceback (most recent call last):
  File "/data/data/com.termux/files/home/broccoli-core/runtime/main.py", line 12, in <module>
    from maintenance.sync import SyncManager
ModuleNotFoundError: No module named 'maintenance.sync'
Traceback (most recent call last):
  File "/data/data/com.termux/files/home/broccoli-core/runtime/main.py", line 12, in <module>
    from maintenance.sync import SyncManager
ModuleNotFoundError: No module named 'maintenance.sync'
Traceback (most recent call last):
  File "/data/data/com.termux/files/home/broccoli-core/runtime/main.py", line 12, in <module>
    from maintenance.sync import SyncManager
ModuleNotFoundError: No module named 'maintenance.sync'
Traceback (most recent call last):
  File "/data/data/com.termux/files/home/broccoli-core/runtime/main.py", line 12, in <module>
    from maintenance.sync import SyncManager
ModuleNotFoundError: No module named 'maintenance.sync'
Traceback (most recent call last):
  File "/data/data/com.termux/files/home/broccoli-core/runtime/main.py", line 12, in <module>
    from maintenance.sync import SyncManager
ModuleNotFoundError: No module named 'maintenance.sync'
Traceback (most recent call last):
  File "/data/data/com.termux/files/home/broccoli-core/runtime/main.py", line 12, in <module>
    from maintenance.sync import SyncManager
ModuleNotFoundError: No module named 'maintenance.sync'
Traceback (most recent call last):
  File "/data/data/com.termux/files/home/broccoli-core/runtime/main.py", line 12, in <module>
    from maintenance.sync import SyncManager
ModuleNotFoundError: No module named 'maintenance.sync'
Traceback (most recent call last):
  File "/data/data/com.termux/files/home/broccoli-core/runtime/main.py", line 12, in <module>
    from maintenance.sync import SyncManager
ModuleNotFoundError: No module named 'maintenance.sync'
Traceback (most recent call last):
  File "/data/data/com.termux/files/home/broccoli-core/runtime/main.py", line 12, in <module>
    from maintenance.sync import SyncManager
ModuleNotFoundError: No module named 'maintenance.sync'
Traceback (most recent call last):
  File "/data/data/com.termux/files/home/broccoli-core/runtime/main.py", line 12, in <module>
    from maintenance.sync import SyncManager
ModuleNotFoundError: No module named 'maintenance.sync'
Traceback (most recent call last):
  File "/data/data/com.termux/files/home/broccoli-core/runtime/main.py", line 12, in <module>
    from maintenance.sync import SyncManager
ModuleNotFoundError: No module named 'maintenance.sync'
Traceback (most recent call last):
  File "/data/data/com.termux/files/home/broccoli-core/runtime/main.py", line 12, in <module>
    from maintenance.sync import SyncManager
ModuleNotFoundError: No module named 'maintenance.sync'
Traceback (most recent call last):
  File "/data/data/com.termux/files/home/broccoli-core/runtime/main.py", line 12, in <module>
    from maintenance.sync import SyncManager
ModuleNotFoundError: No module named 'maintenance.sync'
Traceback (most recent call last):
  File "/data/data/com.termux/files/home/broccoli-core/runtime/main.py", line 12, in <module>
    from maintenance.sync import SyncManager
ModuleNotFoundError: No module named 'maintenance.sync'
Traceback (most recent call last):
  File "/data/data/com.termux/files/home/broccoli-core/runtime/main.py", line 12, in <module>
    from maintenance.sync import SyncManager
ModuleNotFoundError: No module named 'maintenance.sync'
Traceback (most recent call last):
  File "/data/data/com.termux/files/home/broccoli-core/runtime/main.py", line 12, in <module>
    from maintenance.sync import SyncManager
ModuleNotFoundError: No module named 'maintenance.sync'
Traceback (most recent call last):
  File "/data/data/com.termux/files/home/broccoli-core/runtime/main.py", line 12, in <module>
    from maintenance.sync import SyncManager
ModuleNotFoundError: No module named 'maintenance.sync'
Traceback (most recent call last):
  File "/data/data/com.termux/files/home/broccoli-core/runtime/main.py", line 12, in <module>
    from maintenance.sync import SyncManager
ModuleNotFoundError: No module named 'maintenance.sync'
Traceback (most recent call last):
  File "/data/data/com.termux/files/home/broccoli-core/runtime/main.py", line 12, in <module>
    from maintenance.sync import SyncManager
ModuleNotFoundError: No module named 'maintenance.sync'
Traceback (most recent call last):
  File "/data/data/com.termux/files/home/broccoli-core/runtime/main.py", line 12, in <module>
    from maintenance.sync import SyncManager
ModuleNotFoundError: No module named 'maintenance.sync'
Traceback (most recent call last):
  File "/data/data/com.termux/files/home/broccoli-core/runtime/main.py", line 12, in <module>
    from maintenance.sync import SyncManager
ModuleNotFoundError: No module named 'maintenance.sync'
Traceback (most recent call last):
  File "/data/data/com.termux/files/home/broccoli-core/runtime/main.py", line 12, in <module>
    from maintenance.sync import SyncManager
ModuleNotFoundError: No module named 'maintenance.sync'
Traceback (most recent call last):
  File "/data/data/com.termux/files/home/broccoli-core/runtime/main.py", line 12, in <module>
    from maintenance.sync import SyncManager
ModuleNotFoundError: No module named 'maintenance.sync'
Traceback (most recent call last):
  File "/data/data/com.termux/files/home/broccoli-core/runtime/main.py", line 12, in <module>
    from maintenance.sync import SyncManager
ModuleNotFoundError: No module named 'maintenance.sync'
Traceback (most recent call last):
  File "/data/data/com.termux/files/home/broccoli-core/runtime/main.py", line 12, in <module>
    from maintenance.sync import SyncManager
ModuleNotFoundError: No module named 'maintenance.sync'
Traceback (most recent call last):
  File "/data/data/com.termux/files/home/broccoli-core/runtime/main.py", line 12, in <module>
    from maintenance.sync import SyncManager
ModuleNotFoundError: No module named 'maintenance.sync'
Traceback (most recent call last):
  File "/data/data/com.termux/files/home/broccoli-core/runtime/main.py", line 12, in <module>
    from maintenance.sync import SyncManager
ModuleNotFoundError: No module named 'maintenance.sync'
Traceback (most recent call last):
  File "/data/data/com.termux/files/home/broccoli-core/runtime/main.py", line 12, in <module>
    from maintenance.sync import SyncManager
ModuleNotFoundError: No module named 'maintenance.sync'
Traceback (most recent call last):
  File "/data/data/com.termux/files/home/broccoli-core/runtime/main.py", line 12, in <module>
    from maintenance.sync import SyncManager
ModuleNotFoundError: No module named 'maintenance.sync'
Traceback (most recent call last):
  File "/data/data/com.termux/files/home/broccoli-core/runtime/main.py", line 12, in <module>
    from maintenance.sync import SyncManager
ModuleNotFoundError: No module named 'maintenance.sync'
Traceback (most recent call last):
  File "/data/data/com.termux/files/home/broccoli-core/runtime/main.py", line 12, in <module>
    from maintenance.sync import SyncManager
ModuleNotFoundError: No module named 'maintenance.sync'
Traceback (most recent call last):
  File "/data/data/com.termux/files/home/broccoli-core/runtime/main.py", line 12, in <module>
    from maintenance.sync import SyncManager
ModuleNotFoundError: No module named 'maintenance.sync'
Traceback (most recent call last):
  File "/data/data/com.termux/files/home/broccoli-core/runtime/main.py", line 12, in <module>
    from maintenance.sync import SyncManager
ModuleNotFoundError: No module named 'maintenance.sync'
Traceback (most recent call last):
  File "/data/data/com.termux/files/home/broccoli-core/runtime/main.py", line 12, in <module>
    from maintenance.sync import SyncManager
ModuleNotFoundError: No module named 'maintenance.sync'
Traceback (most recent call last):
  File "/data/data/com.termux/files/home/broccoli-core/runtime/main.py", line 12, in <module>
    from maintenance.sync import SyncManager
ModuleNotFoundError: No module named 'maintenance.sync'
Traceback (most recent call last):
  File "/data/data/com.termux/files/home/broccoli-core/runtime/main.py", line 12, in <module>
    from maintenance.sync import SyncManager
ModuleNotFoundError: No module named 'maintenance.sync'
Traceback (most recent call last):
  File "/data/data/com.termux/files/home/broccoli-core/runtime/main.py", line 12, in <module>
    from maintenance.sync import SyncManager
ModuleNotFoundError: No module named 'maintenance.sync'
Traceback (most recent call last):
  File "/data/data/com.termux/files/home/broccoli-core/runtime/main.py", line 12, in <module>
    from maintenance.sync import SyncManager
ModuleNotFoundError: No module named 'maintenance.sync'
Traceback (most recent call last):
  File "/data/data/com.termux/files/home/broccoli-core/runtime/main.py", line 12, in <module>
    from maintenance.sync import SyncManager
ModuleNotFoundError: No module named 'maintenance.sync'
Traceback (most recent call last):
  File "/data/data/com.termux/files/home/broccoli-core/runtime/main.py", line 12, in <module>
    from maintenance.sync import SyncManager
ModuleNotFoundError: No module named 'maintenance.sync'
Traceback (most recent call last):
  File "/data/data/com.termux/files/home/broccoli-core/runtime/main.py", line 12, in <module>
    from maintenance.sync import SyncManager
ModuleNotFoundError: No module named 'maintenance.sync'
Traceback (most recent call last):
  File "/data/data/com.termux/files/home/broccoli-core/runtime/main.py", line 12, in <module>
    from maintenance.sync import SyncManager
ModuleNotFoundError: No module named 'maintenance.sync'
Traceback (most recent call last):
  File "/data/data/com.termux/files/home/broccoli-core/runtime/main.py", line 12, in <module>
    from maintenance.sync import SyncManager
ModuleNotFoundError: No module named 'maintenance.sync'
Traceback (most recent call last):
  File "/data/data/com.termux/files/home/broccoli-core/runtime/main.py", line 12, in <module>
    from maintenance.sync import SyncManager
ModuleNotFoundError: No module named 'maintenance.sync'
Traceback (most recent call last):
  File "/data/data/com.termux/files/home/broccoli-core/runtime/main.py", line 12, in <module>
    from maintenance.sync import SyncManager
ModuleNotFoundError: No module named 'maintenance.sync'
Traceback (most recent call last):
  File "/data/data/com.termux/files/home/broccoli-core/runtime/main.py", line 12, in <module>
    from maintenance.sync import SyncManager
ModuleNotFoundError: No module named 'maintenance.sync'
Traceback (most recent call last):
  File "/data/data/com.termux/files/home/broccoli-core/runtime/main.py", line 12, in <module>
    from maintenance.sync import SyncManager
ModuleNotFoundError: No module named 'maintenance.sync'
Traceback (most recent call last):
  File "/data/data/com.termux/files/home/broccoli-core/runtime/main.py", line 12, in <module>
    from maintenance.sync import SyncManager
ModuleNotFoundError: No module named 'maintenance.sync'
Traceback (most recent call last):
  File "/data/data/com.termux/files/home/broccoli-core/runtime/main.py", line 12, in <module>
    from maintenance.sync import SyncManager
ModuleNotFoundError: No module named 'maintenance.sync'
Traceback (most recent call last):
  File "/data/data/com.termux/files/home/broccoli-core/runtime/main.py", line 12, in <module>
    from maintenance.sync import SyncManager
ModuleNotFoundError: No module named 'maintenance.sync'
Traceback (most recent call last):
  File "/data/data/com.termux/files/home/broccoli-core/runtime/main.py", line 12, in <module>
    from maintenance.sync import SyncManager
ModuleNotFoundError: No module named 'maintenance.sync'
Traceback (most recent call last):
  File "/data/data/com.termux/files/home/broccoli-core/runtime/main.py", line 12, in <module>
    from maintenance.sync import SyncManager
ModuleNotFoundError: No module named 'maintenance.sync'
Traceback (most recent call last):
  File "/data/data/com.termux/files/home/broccoli-core/runtime/main.py", line 12, in <module>
    from maintenance.sync import SyncManager
ModuleNotFoundError: No module named 'maintenance.sync'
Traceback (most recent call last):
  File "/data/data/com.termux/files/home/broccoli-core/runtime/main.py", line 12, in <module>
    from maintenance.sync import SyncManager
ModuleNotFoundError: No module named 'maintenance.sync'
Traceback (most recent call last):
  File "/data/data/com.termux/files/home/broccoli-core/runtime/main.py", line 12, in <module>
    from maintenance.sync import SyncManager
ModuleNotFoundError: No module named 'maintenance.sync'
Traceback (most recent call last):
  File "/data/data/com.termux/files/home/broccoli-core/runtime/main.py", line 12, in <module>
    from maintenance.sync import SyncManager
ModuleNotFoundError: No module named 'maintenance.sync'
Traceback (most recent call last):
  File "/data/data/com.termux/files/home/broccoli-core/runtime/main.py", line 12, in <module>
    from maintenance.sync import SyncManager
ModuleNotFoundError: No module named 'maintenance.sync'
Traceback (most recent call last):
  File "/data/data/com.termux/files/home/broccoli-core/runtime/main.py", line 12, in <module>
    from maintenance.sync import SyncManager
ModuleNotFoundError: No module named 'maintenance.sync'
Traceback (most recent call last):
  File "/data/data/com.termux/files/home/broccoli-core/runtime/main.py", line 12, in <module>
    from maintenance.sync import SyncManager
ModuleNotFoundError: No module named 'maintenance.sync'
Traceback (most recent call last):
  File "/data/data/com.termux/files/home/broccoli-core/runtime/main.py", line 12, in <module>
    from maintenance.sync import SyncManager
ModuleNotFoundError: No module named 'maintenance.sync'
Traceback (most recent call last):
  File "/data/data/com.termux/files/home/broccoli-core/runtime/main.py", line 12, in <module>
    from maintenance.sync import SyncManager
ModuleNotFoundError: No module named 'maintenance.sync'
Traceback (most recent call last):
  File "/data/data/com.termux/files/home/broccoli-core/runtime/main.py", line 12, in <module>
    from maintenance.sync import SyncManager
ModuleNotFoundError: No module named 'maintenance.sync'
Traceback (most recent call last):
  File "/data/data/com.termux/files/home/broccoli-core/runtime/main.py", line 12, in <module>
    from maintenance.sync import SyncManager
ModuleNotFoundError: No module named 'maintenance.sync'
Traceback (most recent call last):
  File "/data/data/com.termux/files/home/broccoli-core/runtime/main.py", line 12, in <module>
    from maintenance.sync import SyncManager
ModuleNotFoundError: No module named 'maintenance.sync'
Traceback (most recent call last):
  File "/data/data/com.termux/files/home/broccoli-core/runtime/main.py", line 12, in <module>
    from maintenance.sync import SyncManager
ModuleNotFoundError: No module named 'maintenance.sync'
Traceback (most recent call last):
  File "/data/data/com.termux/files/home/broccoli-core/runtime/main.py", line 12, in <module>
    from maintenance.sync import SyncManager
ModuleNotFoundError: No module named 'maintenance.sync'
Traceback (most recent call last):
  File "/data/data/com.termux/files/home/broccoli-core/runtime/main.py", line 12, in <module>
    from maintenance.sync import SyncManager
ModuleNotFoundError: No module named 'maintenance.sync'
Traceback (most recent call last):
  File "/data/data/com.termux/files/home/broccoli-core/runtime/main.py", line 12, in <module>
    from maintenance.sync import SyncManager
ModuleNotFoundError: No module named 'maintenance.sync'
Traceback (most recent call last):
  File "/data/data/com.termux/files/home/broccoli-core/runtime/main.py", line 12, in <module>
    from maintenance.sync import SyncManager
ModuleNotFoundError: No module named 'maintenance.sync'
Traceback (most recent call last):
  File "/data/data/com.termux/files/home/broccoli-core/runtime/main.py", line 12, in <module>
    from maintenance.sync import SyncManager
ModuleNotFoundError: No module named 'maintenance.sync'
Traceback (most recent call last):
  File "/data/data/com.termux/files/home/broccoli-core/runtime/main.py", line 12, in <module>
    from maintenance.sync import SyncManager
ModuleNotFoundError: No module named 'maintenance.sync'
Traceback (most recent call last):
  File "/data/data/com.termux/files/home/broccoli-core/runtime/main.py", line 12, in <module>
    from maintenance.sync import SyncManager
ModuleNotFoundError: No module named 'maintenance.sync'
Traceback (most recent call last):
  File "/data/data/com.termux/files/home/broccoli-core/runtime/main.py", line 12, in <module>
    from maintenance.sync import SyncManager
ModuleNotFoundError: No module named 'maintenance.sync'
Traceback (most recent call last):
  File "/data/data/com.termux/files/home/broccoli-core/runtime/main.py", line 12, in <module>
    from maintenance.sync import SyncManager
ModuleNotFoundError: No module named 'maintenance.sync'
Traceback (most recent call last):
  File "/data/data/com.termux/files/home/broccoli-core/runtime/main.py", line 12, in <module>
    from maintenance.sync import SyncManager
ModuleNotFoundError: No module named 'maintenance.sync'
Traceback (most recent call last):
  File "/data/data/com.termux/files/home/broccoli-core/runtime/main.py", line 12, in <module>
    from maintenance.sync import SyncManager
ModuleNotFoundError: No module named 'maintenance.sync'
Traceback (most recent call last):
  File "/data/data/com.termux/files/home/broccoli-core/runtime/main.py", line 12, in <module>
    from maintenance.sync import SyncManager
ModuleNotFoundError: No module named 'maintenance.sync'
Traceback (most recent call last):
  File "/data/data/com.termux/files/home/broccoli-core/runtime/main.py", line 12, in <module>
    from maintenance.sync import SyncManager
ModuleNotFoundError: No module named 'maintenance.sync'
Traceback (most recent call last):
  File "/data/data/com.termux/files/home/broccoli-core/runtime/main.py", line 12, in <module>
    from maintenance.sync import SyncManager
ModuleNotFoundError: No module named 'maintenance.sync'
Traceback (most recent call last):
  File "/data/data/com.termux/files/home/broccoli-core/runtime/main.py", line 12, in <module>
    from maintenance.sync import SyncManager
ModuleNotFoundError: No module named 'maintenance.sync'
Traceback (most recent call last):
  File "/data/data/com.termux/files/home/broccoli-core/runtime/main.py", line 12, in <module>
    from maintenance.sync import SyncManager
ModuleNotFoundError: No module named 'maintenance.sync'
Traceback (most recent call last):
  File "/data/data/com.termux/files/home/broccoli-core/runtime/main.py", line 12, in <module>
    from maintenance.sync import SyncManager
ModuleNotFoundError: No module named 'maintenance.sync'
Traceback (most recent call last):
  File "/data/data/com.termux/files/home/broccoli-core/runtime/main.py", line 12, in <module>
    from maintenance.sync import SyncManager
ModuleNotFoundError: No module named 'maintenance.sync'
Traceback (most recent call last):
  File "/data/data/com.termux/files/home/broccoli-core/runtime/main.py", line 12, in <module>
    from maintenance.sync import SyncManager
ModuleNotFoundError: No module named 'maintenance.sync'
Traceback (most recent call last):
  File "/data/data/com.termux/files/home/broccoli-core/runtime/main.py", line 12, in <module>
    from maintenance.sync import SyncManager
ModuleNotFoundError: No module named 'maintenance.sync'
Traceback (most recent call last):
  File "/data/data/com.termux/files/home/broccoli-core/runtime/main.py", line 12, in <module>
    from maintenance.sync import SyncManager
ModuleNotFoundError: No module named 'maintenance.sync'
Traceback (most recent call last):
  File "/data/data/com.termux/files/home/broccoli-core/runtime/main.py", line 12, in <module>
    from maintenance.sync import SyncManager
ModuleNotFoundError: No module named 'maintenance.sync'
Traceback (most recent call last):
  File "/data/data/com.termux/files/home/broccoli-core/runtime/main.py", line 12, in <module>
    from maintenance.sync import SyncManager
ModuleNotFoundError: No module named 'maintenance.sync'
Traceback (most recent call last):
  File "/data/data/com.termux/files/home/broccoli-core/runtime/main.py", line 12, in <module>
    from maintenance.sync import SyncManager
ModuleNotFoundError: No module named 'maintenance.sync'
Traceback (most recent call last):
  File "/data/data/com.termux/files/home/broccoli-core/runtime/main.py", line 12, in <module>
    from maintenance.sync import SyncManager
ModuleNotFoundError: No module named 'maintenance.sync'
Traceback (most recent call last):
  File "/data/data/com.termux/files/home/broccoli-core/runtime/main.py", line 12, in <module>
    from maintenance.sync import SyncManager
ModuleNotFoundError: No module named 'maintenance.sync'
Traceback (most recent call last):
  File "/data/data/com.termux/files/home/broccoli-core/runtime/main.py", line 12, in <module>
    from maintenance.sync import SyncManager
ModuleNotFoundError: No module named 'maintenance.sync'
Traceback (most recent call last):
  File "/data/data/com.termux/files/home/broccoli-core/runtime/main.py", line 12, in <module>
    from maintenance.sync import SyncManager
ModuleNotFoundError: No module named 'maintenance.sync'
Traceback (most recent call last):
  File "/data/data/com.termux/files/home/broccoli-core/runtime/main.py", line 12, in <module>
    from maintenance.sync import SyncManager
ModuleNotFoundError: No module named 'maintenance.sync'
Traceback (most recent call last):
  File "/data/data/com.termux/files/home/broccoli-core/runtime/main.py", line 12, in <module>
    from maintenance.sync import SyncManager
ModuleNotFoundError: No module named 'maintenance.sync'
Traceback (most recent call last):
  File "/data/data/com.termux/files/home/broccoli-core/runtime/main.py", line 12, in <module>
    from maintenance.sync import SyncManager
ModuleNotFoundError: No module named 'maintenance.sync'
Traceback (most recent call last):
  File "/data/data/com.termux/files/home/broccoli-core/runtime/main.py", line 12, in <module>
    from maintenance.sync import SyncManager
ModuleNotFoundError: No module named 'maintenance.sync'
Traceback (most recent call last):
  File "/data/data/com.termux/files/home/broccoli-core/runtime/main.py", line 12, in <module>
    from maintenance.sync import SyncManager
ModuleNotFoundError: No module named 'maintenance.sync'
Traceback (most recent call last):
  File "/data/data/com.termux/files/home/broccoli-core/runtime/main.py", line 12, in <module>
    from maintenance.sync import SyncManager
ModuleNotFoundError: No module named 'maintenance.sync'
Traceback (most recent call last):
  File "/data/data/com.termux/files/home/broccoli-core/runtime/main.py", line 12, in <module>
    from maintenance.sync import SyncManager
ModuleNotFoundError: No module named 'maintenance.sync'
Traceback (most recent call last):
  File "/data/data/com.termux/files/home/broccoli-core/runtime/main.py", line 12, in <module>
    from maintenance.sync import SyncManager
ModuleNotFoundError: No module named 'maintenance.sync'
Traceback (most recent call last):
  File "/data/data/com.termux/files/home/broccoli-core/runtime/main.py", line 12, in <module>
    from maintenance.sync import SyncManager
ModuleNotFoundError: No module named 'maintenance.sync'
Traceback (most recent call last):
  File "/data/data/com.termux/files/home/broccoli-core/runtime/main.py", line 12, in <module>
    from maintenance.sync import SyncManager
ModuleNotFoundError: No module named 'maintenance.sync'
Traceback (most recent call last):
  File "/data/data/com.termux/files/home/broccoli-core/runtime/main.py", line 12, in <module>
    from maintenance.sync import SyncManager
ModuleNotFoundError: No module named 'maintenance.sync'
Traceback (most recent call last):
  File "/data/data/com.termux/files/home/broccoli-core/runtime/main.py", line 12, in <module>
    from maintenance.sync import SyncManager
ModuleNotFoundError: No module named 'maintenance.sync'
Traceback (most recent call last):
  File "/data/data/com.termux/files/home/broccoli-core/runtime/main.py", line 12, in <module>
    from maintenance.sync import SyncManager
ModuleNotFoundError: No module named 'maintenance.sync'
Traceback (most recent call last):
  File "/data/data/com.termux/files/home/broccoli-core/runtime/main.py", line 12, in <module>
    from maintenance.sync import SyncManager
ModuleNotFoundError: No module named 'maintenance.sync'
Traceback (most recent call last):
  File "/data/data/com.termux/files/home/broccoli-core/runtime/main.py", line 12, in <module>
    from maintenance.sync import SyncManager
ModuleNotFoundError: No module named 'maintenance.sync'
Traceback (most recent call last):
  File "/data/data/com.termux/files/home/broccoli-core/runtime/main.py", line 12, in <module>
    from maintenance.sync import SyncManager
ModuleNotFoundError: No module named 'maintenance.sync'
Traceback (most recent call last):
  File "/data/data/com.termux/files/home/broccoli-core/runtime/main.py", line 12, in <module>
    from maintenance.sync import SyncManager
ModuleNotFoundError: No module named 'maintenance.sync'
Traceback (most recent call last):
  File "/data/data/com.termux/files/home/broccoli-core/runtime/main.py", line 12, in <module>
    from maintenance.sync import SyncManager
ModuleNotFoundError: No module named 'maintenance.sync'
Traceback (most recent call last):
  File "/data/data/com.termux/files/home/broccoli-core/runtime/main.py", line 12, in <module>
    from maintenance.sync import SyncManager
ModuleNotFoundError: No module named 'maintenance.sync'
Traceback (most recent call last):
  File "/data/data/com.termux/files/home/broccoli-core/runtime/main.py", line 12, in <module>
    from maintenance.sync import SyncManager
ModuleNotFoundError: No module named 'maintenance.sync'
Traceback (most recent call last):
  File "/data/data/com.termux/files/home/broccoli-core/runtime/main.py", line 12, in <module>
    from maintenance.sync import SyncManager
ModuleNotFoundError: No module named 'maintenance.sync'
Traceback (most recent call last):
  File "/data/data/com.termux/files/home/broccoli-core/runtime/main.py", line 12, in <module>
    from maintenance.sync import SyncManager
ModuleNotFoundError: No module named 'maintenance.sync'
Traceback (most recent call last):
  File "/data/data/com.termux/files/home/broccoli-core/runtime/main.py", line 12, in <module>
    from maintenance.sync import SyncManager
ModuleNotFoundError: No module named 'maintenance.sync'
Traceback (most recent call last):
  File "/data/data/com.termux/files/home/broccoli-core/runtime/main.py", line 12, in <module>
    from maintenance.sync import SyncManager
ModuleNotFoundError: No module named 'maintenance.sync'
Traceback (most recent call last):
  File "/data/data/com.termux/files/home/broccoli-core/runtime/main.py", line 12, in <module>
    from maintenance.sync import SyncManager
ModuleNotFoundError: No module named 'maintenance.sync'
Traceback (most recent call last):
  File "/data/data/com.termux/files/home/broccoli-core/runtime/main.py", line 12, in <module>
    from maintenance.sync import SyncManager
ModuleNotFoundError: No module named 'maintenance.sync'
Traceback (most recent call last):
  File "/data/data/com.termux/files/home/broccoli-core/runtime/main.py", line 12, in <module>
    from maintenance.sync import SyncManager
ModuleNotFoundError: No module named 'maintenance.sync'
Traceback (most recent call last):
  File "/data/data/com.termux/files/home/broccoli-core/runtime/main.py", line 12, in <module>
    from maintenance.sync import SyncManager
ModuleNotFoundError: No module named 'maintenance.sync'
Traceback (most recent call last):
  File "/data/data/com.termux/files/home/broccoli-core/runtime/main.py", line 12, in <module>
    from maintenance.sync import SyncManager
ModuleNotFoundError: No module named 'maintenance.sync'
Traceback (most recent call last):
  File "/data/data/com.termux/files/home/broccoli-core/runtime/main.py", line 12, in <module>
    from maintenance.sync import SyncManager
ModuleNotFoundError: No module named 'maintenance.sync'
Traceback (most recent call last):
  File "/data/data/com.termux/files/home/broccoli-core/runtime/main.py", line 12, in <module>
    from maintenance.sync import SyncManager
ModuleNotFoundError: No module named 'maintenance.sync'
Traceback (most recent call last):
  File "/data/data/com.termux/files/home/broccoli-core/runtime/main.py", line 12, in <module>
    from maintenance.sync import SyncManager
ModuleNotFoundError: No module named 'maintenance.sync'
Traceback (most recent call last):
  File "/data/data/com.termux/files/home/broccoli-core/runtime/main.py", line 12, in <module>
    from maintenance.sync import SyncManager
ModuleNotFoundError: No module named 'maintenance.sync'
Traceback (most recent call last):
  File "/data/data/com.termux/files/home/broccoli-core/runtime/main.py", line 12, in <module>
    from maintenance.sync import SyncManager
ModuleNotFoundError: No module named 'maintenance.sync'
Traceback (most recent call last):
  File "/data/data/com.termux/files/home/broccoli-core/runtime/main.py", line 12, in <module>
    from maintenance.sync import SyncManager
ModuleNotFoundError: No module named 'maintenance.sync'
Traceback (most recent call last):
  File "/data/data/com.termux/files/home/broccoli-core/runtime/main.py", line 12, in <module>
    from maintenance.sync import SyncManager
ModuleNotFoundError: No module named 'maintenance.sync'
Traceback (most recent call last):
  File "/data/data/com.termux/files/home/broccoli-core/runtime/main.py", line 12, in <module>
    from maintenance.sync import SyncManager
ModuleNotFoundError: No module named 'maintenance.sync'
Traceback (most recent call last):
  File "/data/data/com.termux/files/home/broccoli-core/runtime/main.py", line 12, in <module>
    from maintenance.sync import SyncManager
ModuleNotFoundError: No module named 'maintenance.sync'
Traceback (most recent call last):
  File "/data/data/com.termux/files/home/broccoli-core/runtime/main.py", line 12, in <module>
    from maintenance.sync import SyncManager
ModuleNotFoundError: No module named 'maintenance.sync'
Traceback (most recent call last):
  File "/data/data/com.termux/files/home/broccoli-core/runtime/main.py", line 12, in <module>
    from maintenance.sync import SyncManager
ModuleNotFoundError: No module named 'maintenance.sync'
Traceback (most recent call last):
  File "/data/data/com.termux/files/home/broccoli-core/runtime/main.py", line 12, in <module>
    from maintenance.sync import SyncManager
ModuleNotFoundError: No module named 'maintenance.sync'
Traceback (most recent call last):
  File "/data/data/com.termux/files/home/broccoli-core/runtime/main.py", line 12, in <module>
    from maintenance.sync import SyncManager
ModuleNotFoundError: No module named 'maintenance.sync'
Traceback (most recent call last):
  File "/data/data/com.termux/files/home/broccoli-core/runtime/main.py", line 12, in <module>
    from maintenance.sync import SyncManager
ModuleNotFoundError: No module named 'maintenance.sync'
Traceback (most recent call last):
  File "/data/data/com.termux/files/home/broccoli-core/runtime/main.py", line 12, in <module>
    from maintenance.sync import SyncManager
ModuleNotFoundError: No module named 'maintenance.sync'
Traceback (most recent call last):
  File "/data/data/com.termux/files/home/broccoli-core/runtime/main.py", line 12, in <module>
    from maintenance.sync import SyncManager
ModuleNotFoundError: No module named 'maintenance.sync'
Traceback (most recent call last):
  File "/data/data/com.termux/files/home/broccoli-core/runtime/main.py", line 12, in <module>
    from maintenance.sync import SyncManager
ModuleNotFoundError: No module named 'maintenance.sync'
Traceback (most recent call last):
  File "/data/data/com.termux/files/home/broccoli-core/runtime/main.py", line 12, in <module>
    from maintenance.sync import SyncManager
ModuleNotFoundError: No module named 'maintenance.sync'
Traceback (most recent call last):
  File "/data/data/com.termux/files/home/broccoli-core/runtime/main.py", line 12, in <module>
    from maintenance.sync import SyncManager
ModuleNotFoundError: No module named 'maintenance.sync'
Traceback (most recent call last):
  File "/data/data/com.termux/files/home/broccoli-core/runtime/main.py", line 12, in <module>
    from maintenance.sync import SyncManager
ModuleNotFoundError: No module named 'maintenance.sync'
Traceback (most recent call last):
  File "/data/data/com.termux/files/home/broccoli-core/runtime/main.py", line 12, in <module>
    from maintenance.sync import SyncManager
ModuleNotFoundError: No module named 'maintenance.sync'
Traceback (most recent call last):
  File "/data/data/com.termux/files/home/broccoli-core/runtime/main.py", line 12, in <module>
    from maintenance.sync import SyncManager
ModuleNotFoundError: No module named 'maintenance.sync'
Traceback (most recent call last):
  File "/data/data/com.termux/files/home/broccoli-core/runtime/main.py", line 12, in <module>
    from maintenance.sync import SyncManager
ModuleNotFoundError: No module named 'maintenance.sync'
Traceback (most recent call last):
  File "/data/data/com.termux/files/home/broccoli-core/runtime/main.py", line 12, in <module>
    from maintenance.sync import SyncManager
ModuleNotFoundError: No module named 'maintenance.sync'
Traceback (most recent call last):
  File "/data/data/com.termux/files/home/broccoli-core/runtime/main.py", line 12, in <module>
    from maintenance.sync import SyncManager
ModuleNotFoundError: No module named 'maintenance.sync'
Traceback (most recent call last):
  File "/data/data/com.termux/files/home/broccoli-core/runtime/main.py", line 12, in <module>
    from maintenance.sync import SyncManager
ModuleNotFoundError: No module named 'maintenance.sync'
Traceback (most recent call last):
  File "/data/data/com.termux/files/home/broccoli-core/runtime/main.py", line 12, in <module>
    from maintenance.sync import SyncManager
ModuleNotFoundError: No module named 'maintenance.sync'
Traceback (most recent call last):
  File "/data/data/com.termux/files/home/broccoli-core/runtime/main.py", line 12, in <module>
    from maintenance.sync import SyncManager
ModuleNotFoundError: No module named 'maintenance.sync'
Traceback (most recent call last):
  File "/data/data/com.termux/files/home/broccoli-core/runtime/main.py", line 12, in <module>
    from maintenance.sync import SyncManager
ModuleNotFoundError: No module named 'maintenance.sync'
Traceback (most recent call last):
  File "/data/data/com.termux/files/home/broccoli-core/runtime/main.py", line 12, in <module>
    from maintenance.sync import SyncManager
ModuleNotFoundError: No module named 'maintenance.sync'
Traceback (most recent call last):
  File "/data/data/com.termux/files/home/broccoli-core/runtime/main.py", line 12, in <module>
    from maintenance.sync import SyncManager
ModuleNotFoundError: No module named 'maintenance.sync'
Traceback (most recent call last):
  File "/data/data/com.termux/files/home/broccoli-core/runtime/main.py", line 12, in <module>
    from maintenance.sync import SyncManager
ModuleNotFoundError: No module named 'maintenance.sync'
Traceback (most recent call last):
  File "/data/data/com.termux/files/home/broccoli-core/runtime/main.py", line 12, in <module>
    from maintenance.sync import SyncManager
ModuleNotFoundError: No module named 'maintenance.sync'
Traceback (most recent call last):
  File "/data/data/com.termux/files/home/broccoli-core/runtime/main.py", line 12, in <module>
    from maintenance.sync import SyncManager
ModuleNotFoundError: No module named 'maintenance.sync'
Traceback (most recent call last):
  File "/data/data/com.termux/files/home/broccoli-core/runtime/main.py", line 12, in <module>
    from maintenance.sync import SyncManager
ModuleNotFoundError: No module named 'maintenance.sync'
Traceback (most recent call last):
  File "/data/data/com.termux/files/home/broccoli-core/runtime/main.py", line 12, in <module>
    from maintenance.sync import SyncManager
ModuleNotFoundError: No module named 'maintenance.sync'
Traceback (most recent call last):
  File "/data/data/com.termux/files/home/broccoli-core/runtime/main.py", line 12, in <module>
    from maintenance.sync import SyncManager
ModuleNotFoundError: No module named 'maintenance.sync'
Traceback (most recent call last):
  File "/data/data/com.termux/files/home/broccoli-core/runtime/main.py", line 12, in <module>
    from maintenance.sync import SyncManager
ModuleNotFoundError: No module named 'maintenance.sync'
Traceback (most recent call last):
  File "/data/data/com.termux/files/home/broccoli-core/runtime/main.py", line 12, in <module>
    from maintenance.sync import SyncManager
ModuleNotFoundError: No module named 'maintenance.sync'
Traceback (most recent call last):
  File "/data/data/com.termux/files/home/broccoli-core/runtime/main.py", line 12, in <module>
    from maintenance.sync import SyncManager
ModuleNotFoundError: No module named 'maintenance.sync'
Traceback (most recent call last):
  File "/data/data/com.termux/files/home/broccoli-core/runtime/main.py", line 12, in <module>
    from maintenance.sync import SyncManager
ModuleNotFoundError: No module named 'maintenance.sync'
Traceback (most recent call last):
  File "/data/data/com.termux/files/home/broccoli-core/runtime/main.py", line 12, in <module>
    from maintenance.sync import SyncManager
ModuleNotFoundError: No module named 'maintenance.sync'
Traceback (most recent call last):
  File "/data/data/com.termux/files/home/broccoli-core/runtime/main.py", line 12, in <module>
    from maintenance.sync import SyncManager
ModuleNotFoundError: No module named 'maintenance.sync'
Traceback (most recent call last):
  File "/data/data/com.termux/files/home/broccoli-core/runtime/main.py", line 12, in <module>
    from maintenance.sync import SyncManager
ModuleNotFoundError: No module named 'maintenance.sync'
Traceback (most recent call last):
  File "/data/data/com.termux/files/home/broccoli-core/runtime/main.py", line 12, in <module>
    from maintenance.sync import SyncManager
ModuleNotFoundError: No module named 'maintenance.sync'
Traceback (most recent call last):
  File "/data/data/com.termux/files/home/broccoli-core/runtime/main.py", line 12, in <module>
    from maintenance.sync import SyncManager
ModuleNotFoundError: No module named 'maintenance.sync'
Traceback (most recent call last):
  File "/data/data/com.termux/files/home/broccoli-core/runtime/main.py", line 12, in <module>
    from maintenance.sync import SyncManager
ModuleNotFoundError: No module named 'maintenance.sync'
Traceback (most recent call last):
  File "/data/data/com.termux/files/home/broccoli-core/runtime/main.py", line 12, in <module>
    from maintenance.sync import SyncManager
ModuleNotFoundError: No module named 'maintenance.sync'
Traceback (most recent call last):
  File "/data/data/com.termux/files/home/broccoli-core/runtime/main.py", line 12, in <module>
    from maintenance.sync import SyncManager
ModuleNotFoundError: No module named 'maintenance.sync'
Traceback (most recent call last):
  File "/data/data/com.termux/files/home/broccoli-core/runtime/main.py", line 12, in <module>
    from maintenance.sync import SyncManager
ModuleNotFoundError: No module named 'maintenance.sync'
Traceback (most recent call last):
  File "/data/data/com.termux/files/home/broccoli-core/runtime/main.py", line 12, in <module>
    from maintenance.sync import SyncManager
ModuleNotFoundError: No module named 'maintenance.sync'
Traceback (most recent call last):
  File "/data/data/com.termux/files/home/broccoli-core/runtime/main.py", line 12, in <module>
    from maintenance.sync import SyncManager
ModuleNotFoundError: No module named 'maintenance.sync'
Traceback (most recent call last):
  File "/data/data/com.termux/files/home/broccoli-core/runtime/main.py", line 12, in <module>
    from maintenance.sync import SyncManager
ModuleNotFoundError: No module named 'maintenance.sync'
Traceback (most recent call last):
  File "/data/data/com.termux/files/home/broccoli-core/runtime/main.py", line 12, in <module>
    from maintenance.sync import SyncManager
ModuleNotFoundError: No module named 'maintenance.sync'
Traceback (most recent call last):
  File "/data/data/com.termux/files/home/broccoli-core/runtime/main.py", line 12, in <module>
    from maintenance.sync import SyncManager
ModuleNotFoundError: No module named 'maintenance.sync'
Traceback (most recent call last):
  File "/data/data/com.termux/files/home/broccoli-core/runtime/main.py", line 12, in <module>
    from maintenance.sync import SyncManager
ModuleNotFoundError: No module named 'maintenance.sync'
Traceback (most recent call last):
  File "/data/data/com.termux/files/home/broccoli-core/runtime/main.py", line 12, in <module>
    from maintenance.sync import SyncManager
ModuleNotFoundError: No module named 'maintenance.sync'
Traceback (most recent call last):
  File "/data/data/com.termux/files/home/broccoli-core/runtime/main.py", line 12, in <module>
    from maintenance.sync import SyncManager
ModuleNotFoundError: No module named 'maintenance.sync'
Traceback (most recent call last):
  File "/data/data/com.termux/files/home/broccoli-core/runtime/main.py", line 12, in <module>
    from maintenance.sync import SyncManager
ModuleNotFoundError: No module named 'maintenance.sync'
Traceback (most recent call last):
  File "/data/data/com.termux/files/home/broccoli-core/runtime/main.py", line 12, in <module>
    from maintenance.sync import SyncManager
ModuleNotFoundError: No module named 'maintenance.sync'
Traceback (most recent call last):
  File "/data/data/com.termux/files/home/broccoli-core/runtime/main.py", line 12, in <module>
    from maintenance.sync import SyncManager
ModuleNotFoundError: No module named 'maintenance.sync'
Traceback (most recent call last):
  File "/data/data/com.termux/files/home/broccoli-core/runtime/main.py", line 12, in <module>
    from maintenance.sync import SyncManager
ModuleNotFoundError: No module named 'maintenance.sync'
Traceback (most recent call last):
  File "/data/data/com.termux/files/home/broccoli-core/runtime/main.py", line 12, in <module>
    from maintenance.sync import SyncManager
ModuleNotFoundError: No module named 'maintenance.sync'
Traceback (most recent call last):
  File "/data/data/com.termux/files/home/broccoli-core/runtime/main.py", line 12, in <module>
    from maintenance.sync import SyncManager
ModuleNotFoundError: No module named 'maintenance.sync'
Traceback (most recent call last):
  File "/data/data/com.termux/files/home/broccoli-core/runtime/main.py", line 12, in <module>
    from maintenance.sync import SyncManager
ModuleNotFoundError: No module named 'maintenance.sync'
Traceback (most recent call last):
  File "/data/data/com.termux/files/home/broccoli-core/runtime/main.py", line 12, in <module>
    from maintenance.sync import SyncManager
ModuleNotFoundError: No module named 'maintenance.sync'
Traceback (most recent call last):
  File "/data/data/com.termux/files/home/broccoli-core/runtime/main.py", line 12, in <module>
    from maintenance.sync import SyncManager
ModuleNotFoundError: No module named 'maintenance.sync'
Traceback (most recent call last):
  File "/data/data/com.termux/files/home/broccoli-core/runtime/main.py", line 12, in <module>
    from maintenance.sync import SyncManager
ModuleNotFoundError: No module named 'maintenance.sync'
Traceback (most recent call last):
  File "/data/data/com.termux/files/home/broccoli-core/runtime/main.py", line 12, in <module>
    from maintenance.sync import SyncManager
ModuleNotFoundError: No module named 'maintenance.sync'
Traceback (most recent call last):
  File "/data/data/com.termux/files/home/broccoli-core/runtime/main.py", line 12, in <module>
    from maintenance.sync import SyncManager
ModuleNotFoundError: No module named 'maintenance.sync'
Traceback (most recent call last):
  File "/data/data/com.termux/files/home/broccoli-core/runtime/main.py", line 12, in <module>
    from maintenance.sync import SyncManager
ModuleNotFoundError: No module named 'maintenance.sync'
Traceback (most recent call last):
  File "/data/data/com.termux/files/home/broccoli-core/runtime/main.py", line 12, in <module>
    from maintenance.sync import SyncManager
ModuleNotFoundError: No module named 'maintenance.sync'
Traceback (most recent call last):
  File "/data/data/com.termux/files/home/broccoli-core/runtime/main.py", line 12, in <module>
    from maintenance.sync import SyncManager
ModuleNotFoundError: No module named 'maintenance.sync'
Traceback (most recent call last):
  File "/data/data/com.termux/files/home/broccoli-core/runtime/main.py", line 12, in <module>
    from maintenance.sync import SyncManager
ModuleNotFoundError: No module named 'maintenance.sync'
Traceback (most recent call last):
  File "/data/data/com.termux/files/home/broccoli-core/runtime/main.py", line 12, in <module>
    from maintenance.sync import SyncManager
ModuleNotFoundError: No module named 'maintenance.sync'
Traceback (most recent call last):
  File "/data/data/com.termux/files/home/broccoli-core/runtime/main.py", line 12, in <module>
    from maintenance.sync import SyncManager
ModuleNotFoundError: No module named 'maintenance.sync'
Traceback (most recent call last):
  File "/data/data/com.termux/files/home/broccoli-core/runtime/main.py", line 12, in <module>
    from maintenance.sync import SyncManager
ModuleNotFoundError: No module named 'maintenance.sync'
Traceback (most recent call last):
  File "/data/data/com.termux/files/home/broccoli-core/runtime/main.py", line 12, in <module>
    from maintenance.sync import SyncManager
ModuleNotFoundError: No module named 'maintenance.sync'
Traceback (most recent call last):
  File "/data/data/com.termux/files/home/broccoli-core/runtime/main.py", line 12, in <module>
    from maintenance.sync import SyncManager
ModuleNotFoundError: No module named 'maintenance.sync'
Traceback (most recent call last):
  File "/data/data/com.termux/files/home/broccoli-core/runtime/main.py", line 12, in <module>
    from maintenance.sync import SyncManager
ModuleNotFoundError: No module named 'maintenance.sync'
Traceback (most recent call last):
  File "/data/data/com.termux/files/home/broccoli-core/runtime/main.py", line 12, in <module>
    from maintenance.sync import SyncManager
ModuleNotFoundError: No module named 'maintenance.sync'
Traceback (most recent call last):
  File "/data/data/com.termux/files/home/broccoli-core/runtime/main.py", line 12, in <module>
    from maintenance.sync import SyncManager
ModuleNotFoundError: No module named 'maintenance.sync'
Traceback (most recent call last):
  File "/data/data/com.termux/files/home/broccoli-core/runtime/main.py", line 12, in <module>
    from maintenance.sync import SyncManager
ModuleNotFoundError: No module named 'maintenance.sync'
Traceback (most recent call last):
  File "/data/data/com.termux/files/home/broccoli-core/runtime/main.py", line 12, in <module>
    from maintenance.sync import SyncManager
ModuleNotFoundError: No module named 'maintenance.sync'
Traceback (most recent call last):
  File "/data/data/com.termux/files/home/broccoli-core/runtime/main.py", line 12, in <module>
    from maintenance.sync import SyncManager
ModuleNotFoundError: No module named 'maintenance.sync'
Traceback (most recent call last):
  File "/data/data/com.termux/files/home/broccoli-core/runtime/main.py", line 12, in <module>
    from maintenance.sync import SyncManager
ModuleNotFoundError: No module named 'maintenance.sync'
Traceback (most recent call last):
  File "/data/data/com.termux/files/home/broccoli-core/runtime/main.py", line 12, in <module>
    from maintenance.sync import SyncManager
ModuleNotFoundError: No module named 'maintenance.sync'
Traceback (most recent call last):
  File "/data/data/com.termux/files/home/broccoli-core/runtime/main.py", line 12, in <module>
    from maintenance.sync import SyncManager
ModuleNotFoundError: No module named 'maintenance.sync'
Traceback (most recent call last):
  File "/data/data/com.termux/files/home/broccoli-core/runtime/main.py", line 12, in <module>
    from maintenance.sync import SyncManager
ModuleNotFoundError: No module named 'maintenance.sync'
Traceback (most recent call last):
  File "/data/data/com.termux/files/home/broccoli-core/runtime/main.py", line 12, in <module>
    from maintenance.sync import SyncManager
ModuleNotFoundError: No module named 'maintenance.sync'
Traceback (most recent call last):
  File "/data/data/com.termux/files/home/broccoli-core/runtime/main.py", line 12, in <module>
    from maintenance.sync import SyncManager
ModuleNotFoundError: No module named 'maintenance.sync'
Traceback (most recent call last):
  File "/data/data/com.termux/files/home/broccoli-core/runtime/main.py", line 12, in <module>
    from maintenance.sync import SyncManager
ModuleNotFoundError: No module named 'maintenance.sync'
Traceback (most recent call last):
  File "/data/data/com.termux/files/home/broccoli-core/runtime/main.py", line 12, in <module>
    from maintenance.sync import SyncManager
ModuleNotFoundError: No module named 'maintenance.sync'
Traceback (most recent call last):
  File "/data/data/com.termux/files/home/broccoli-core/runtime/main.py", line 12, in <module>
    from maintenance.sync import SyncManager
ModuleNotFoundError: No module named 'maintenance.sync'
Traceback (most recent call last):
  File "/data/data/com.termux/files/home/broccoli-core/runtime/main.py", line 12, in <module>
    from maintenance.sync import SyncManager
ModuleNotFoundError: No module named 'maintenance.sync'
Traceback (most recent call last):
  File "/data/data/com.termux/files/home/broccoli-core/runtime/main.py", line 12, in <module>
    from maintenance.sync import SyncManager
ModuleNotFoundError: No module named 'maintenance.sync'
Traceback (most recent call last):
  File "/data/data/com.termux/files/home/broccoli-core/runtime/main.py", line 12, in <module>
    from maintenance.sync import SyncManager
ModuleNotFoundError: No module named 'maintenance.sync'
Traceback (most recent call last):
  File "/data/data/com.termux/files/home/broccoli-core/runtime/main.py", line 12, in <module>
    from maintenance.sync import SyncManager
ModuleNotFoundError: No module named 'maintenance.sync'
Traceback (most recent call last):
  File "/data/data/com.termux/files/home/broccoli-core/runtime/main.py", line 12, in <module>
    from maintenance.sync import SyncManager
ModuleNotFoundError: No module named 'maintenance.sync'
Traceback (most recent call last):
  File "/data/data/com.termux/files/home/broccoli-core/runtime/main.py", line 12, in <module>
    from maintenance.sync import SyncManager
ModuleNotFoundError: No module named 'maintenance.sync'
Traceback (most recent call last):
  File "/data/data/com.termux/files/home/broccoli-core/runtime/main.py", line 12, in <module>
    from maintenance.sync import SyncManager
ModuleNotFoundError: No module named 'maintenance.sync'
Traceback (most recent call last):
  File "/data/data/com.termux/files/home/broccoli-core/runtime/main.py", line 12, in <module>
    from maintenance.sync import SyncManager
ModuleNotFoundError: No module named 'maintenance.sync'
Traceback (most recent call last):
  File "/data/data/com.termux/files/home/broccoli-core/runtime/main.py", line 12, in <module>
    from maintenance.sync import SyncManager
ModuleNotFoundError: No module named 'maintenance.sync'
Traceback (most recent call last):
  File "/data/data/com.termux/files/home/broccoli-core/runtime/main.py", line 12, in <module>
    from maintenance.sync import SyncManager
ModuleNotFoundError: No module named 'maintenance.sync'
Traceback (most recent call last):
  File "/data/data/com.termux/files/home/broccoli-core/runtime/main.py", line 12, in <module>
    from maintenance.sync import SyncManager
ModuleNotFoundError: No module named 'maintenance.sync'
Traceback (most recent call last):
  File "/data/data/com.termux/files/home/broccoli-core/runtime/main.py", line 12, in <module>
    from maintenance.sync import SyncManager
ModuleNotFoundError: No module named 'maintenance.sync'
Traceback (most recent call last):
  File "/data/data/com.termux/files/home/broccoli-core/runtime/main.py", line 12, in <module>
    from maintenance.sync import SyncManager
ModuleNotFoundError: No module named 'maintenance.sync'
Traceback (most recent call last):
  File "/data/data/com.termux/files/home/broccoli-core/runtime/main.py", line 12, in <module>
    from maintenance.sync import SyncManager
ModuleNotFoundError: No module named 'maintenance.sync'
Traceback (most recent call last):
  File "/data/data/com.termux/files/home/broccoli-core/runtime/main.py", line 12, in <module>
    from maintenance.sync import SyncManager
ModuleNotFoundError: No module named 'maintenance.sync'
Traceback (most recent call last):
  File "/data/data/com.termux/files/home/broccoli-core/runtime/main.py", line 12, in <module>
    from maintenance.sync import SyncManager
ModuleNotFoundError: No module named 'maintenance.sync'
Traceback (most recent call last):
  File "/data/data/com.termux/files/home/broccoli-core/runtime/main.py", line 12, in <module>
    from maintenance.sync import SyncManager
ModuleNotFoundError: No module named 'maintenance.sync'
Traceback (most recent call last):
  File "/data/data/com.termux/files/home/broccoli-core/runtime/main.py", line 12, in <module>
    from maintenance.sync import SyncManager
ModuleNotFoundError: No module named 'maintenance.sync'
Traceback (most recent call last):
  File "/data/data/com.termux/files/home/broccoli-core/runtime/main.py", line 12, in <module>
    from maintenance.sync import SyncManager
ModuleNotFoundError: No module named 'maintenance.sync'
Traceback (most recent call last):
  File "/data/data/com.termux/files/home/broccoli-core/runtime/main.py", line 12, in <module>
    from maintenance.sync import SyncManager
ModuleNotFoundError: No module named 'maintenance.sync'
Traceback (most recent call last):
  File "/data/data/com.termux/files/home/broccoli-core/runtime/main.py", line 12, in <module>
    from maintenance.sync import SyncManager
ModuleNotFoundError: No module named 'maintenance.sync'
Traceback (most recent call last):
  File "/data/data/com.termux/files/home/broccoli-core/runtime/main.py", line 12, in <module>
    from maintenance.sync import SyncManager
ModuleNotFoundError: No module named 'maintenance.sync'
Traceback (most recent call last):
  File "/data/data/com.termux/files/home/broccoli-core/runtime/main.py", line 12, in <module>
    from maintenance.sync import SyncManager
ModuleNotFoundError: No module named 'maintenance.sync'
Traceback (most recent call last):
  File "/data/data/com.termux/files/home/broccoli-core/runtime/main.py", line 12, in <module>
    from maintenance.sync import SyncManager
ModuleNotFoundError: No module named 'maintenance.sync'
Traceback (most recent call last):
  File "/data/data/com.termux/files/home/broccoli-core/runtime/main.py", line 12, in <module>
    from maintenance.sync import SyncManager
ModuleNotFoundError: No module named 'maintenance.sync'
Traceback (most recent call last):
  File "/data/data/com.termux/files/home/broccoli-core/runtime/main.py", line 12, in <module>
    from maintenance.sync import SyncManager
ModuleNotFoundError: No module named 'maintenance.sync'
Traceback (most recent call last):
  File "/data/data/com.termux/files/home/broccoli-core/runtime/main.py", line 12, in <module>
    from maintenance.sync import SyncManager
ModuleNotFoundError: No module named 'maintenance.sync'
Traceback (most recent call last):
  File "/data/data/com.termux/files/home/broccoli-core/runtime/main.py", line 12, in <module>
    from maintenance.sync import SyncManager
ModuleNotFoundError: No module named 'maintenance.sync'
Traceback (most recent call last):
  File "/data/data/com.termux/files/home/broccoli-core/runtime/main.py", line 12, in <module>
    from maintenance.sync import SyncManager
ModuleNotFoundError: No module named 'maintenance.sync'
Traceback (most recent call last):
  File "/data/data/com.termux/files/home/broccoli-core/runtime/main.py", line 12, in <module>
    from maintenance.sync import SyncManager
ModuleNotFoundError: No module named 'maintenance.sync'
Traceback (most recent call last):
  File "/data/data/com.termux/files/home/broccoli-core/runtime/main.py", line 12, in <module>
    from maintenance.sync import SyncManager
ModuleNotFoundError: No module named 'maintenance.sync'
Traceback (most recent call last):
  File "/data/data/com.termux/files/home/broccoli-core/runtime/main.py", line 12, in <module>
    from maintenance.sync import SyncManager
ModuleNotFoundError: No module named 'maintenance.sync'
Traceback (most recent call last):
  File "/data/data/com.termux/files/home/broccoli-core/runtime/main.py", line 12, in <module>
    from maintenance.sync import SyncManager
ModuleNotFoundError: No module named 'maintenance.sync'
Traceback (most recent call last):
  File "/data/data/com.termux/files/home/broccoli-core/runtime/main.py", line 12, in <module>
    from maintenance.sync import SyncManager
ModuleNotFoundError: No module named 'maintenance.sync'
Traceback (most recent call last):
  File "/data/data/com.termux/files/home/broccoli-core/runtime/main.py", line 12, in <module>
    from maintenance.sync import SyncManager
ModuleNotFoundError: No module named 'maintenance.sync'
Traceback (most recent call last):
  File "/data/data/com.termux/files/home/broccoli-core/runtime/main.py", line 12, in <module>
    from maintenance.sync import SyncManager
ModuleNotFoundError: No module named 'maintenance.sync'
Traceback (most recent call last):
  File "/data/data/com.termux/files/home/broccoli-core/runtime/main.py", line 12, in <module>
    from maintenance.sync import SyncManager
ModuleNotFoundError: No module named 'maintenance.sync'
Traceback (most recent call last):
  File "/data/data/com.termux/files/home/broccoli-core/runtime/main.py", line 12, in <module>
    from maintenance.sync import SyncManager
ModuleNotFoundError: No module named 'maintenance.sync'
Traceback (most recent call last):
  File "/data/data/com.termux/files/home/broccoli-core/runtime/main.py", line 12, in <module>
    from maintenance.sync import SyncManager
ModuleNotFoundError: No module named 'maintenance.sync'
Traceback (most recent call last):
  File "/data/data/com.termux/files/home/broccoli-core/runtime/main.py", line 12, in <module>
    from maintenance.sync import SyncManager
ModuleNotFoundError: No module named 'maintenance.sync'
Traceback (most recent call last):
  File "/data/data/com.termux/files/home/broccoli-core/runtime/main.py", line 12, in <module>
    from maintenance.sync import SyncManager
ModuleNotFoundError: No module named 'maintenance.sync'
Traceback (most recent call last):
  File "/data/data/com.termux/files/home/broccoli-core/runtime/main.py", line 12, in <module>
    from maintenance.sync import SyncManager
ModuleNotFoundError: No module named 'maintenance.sync'
Traceback (most recent call last):
  File "/data/data/com.termux/files/home/broccoli-core/runtime/main.py", line 12, in <module>
    from maintenance.sync import SyncManager
ModuleNotFoundError: No module named 'maintenance.sync'
Traceback (most recent call last):
  File "/data/data/com.termux/files/home/broccoli-core/runtime/main.py", line 12, in <module>
    from maintenance.sync import SyncManager
ModuleNotFoundError: No module named 'maintenance.sync'
Traceback (most recent call last):
  File "/data/data/com.termux/files/home/broccoli-core/runtime/main.py", line 12, in <module>
    from maintenance.sync import SyncManager
ModuleNotFoundError: No module named 'maintenance.sync'
Traceback (most recent call last):
  File "/data/data/com.termux/files/home/broccoli-core/runtime/main.py", line 12, in <module>
    from maintenance.sync import SyncManager
ModuleNotFoundError: No module named 'maintenance.sync'
Traceback (most recent call last):
  File "/data/data/com.termux/files/home/broccoli-core/runtime/main.py", line 12, in <module>
    from maintenance.sync import SyncManager
ModuleNotFoundError: No module named 'maintenance.sync'
Traceback (most recent call last):
  File "/data/data/com.termux/files/home/broccoli-core/runtime/main.py", line 12, in <module>
    from maintenance.sync import SyncManager
ModuleNotFoundError: No module named 'maintenance.sync'
Traceback (most recent call last):
  File "/data/data/com.termux/files/home/broccoli-core/runtime/main.py", line 12, in <module>
    from maintenance.sync import SyncManager
ModuleNotFoundError: No module named 'maintenance.sync'
Traceback (most recent call last):
  File "/data/data/com.termux/files/home/broccoli-core/runtime/main.py", line 12, in <module>
    from maintenance.sync import SyncManager
ModuleNotFoundError: No module named 'maintenance.sync'
Traceback (most recent call last):
  File "/data/data/com.termux/files/home/broccoli-core/runtime/main.py", line 12, in <module>
    from maintenance.sync import SyncManager
ModuleNotFoundError: No module named 'maintenance.sync'
Traceback (most recent call last):
  File "/data/data/com.termux/files/home/broccoli-core/runtime/main.py", line 12, in <module>
    from maintenance.sync import SyncManager
ModuleNotFoundError: No module named 'maintenance.sync'
Traceback (most recent call last):
  File "/data/data/com.termux/files/home/broccoli-core/runtime/main.py", line 12, in <module>
    from maintenance.sync import SyncManager
ModuleNotFoundError: No module named 'maintenance.sync'
Traceback (most recent call last):
  File "/data/data/com.termux/files/home/broccoli-core/runtime/main.py", line 12, in <module>
    from maintenance.sync import SyncManager
ModuleNotFoundError: No module named 'maintenance.sync'
Traceback (most recent call last):
  File "/data/data/com.termux/files/home/broccoli-core/runtime/main.py", line 12, in <module>
    from maintenance.sync import SyncManager
ModuleNotFoundError: No module named 'maintenance.sync'
Traceback (most recent call last):
  File "/data/data/com.termux/files/home/broccoli-core/runtime/main.py", line 12, in <module>
    from maintenance.sync import SyncManager
ModuleNotFoundError: No module named 'maintenance.sync'
Traceback (most recent call last):
  File "/data/data/com.termux/files/home/broccoli-core/runtime/main.py", line 12, in <module>
    from maintenance.sync import SyncManager
ModuleNotFoundError: No module named 'maintenance.sync'
Traceback (most recent call last):
  File "/data/data/com.termux/files/home/broccoli-core/runtime/main.py", line 12, in <module>
    from maintenance.sync import SyncManager
ModuleNotFoundError: No module named 'maintenance.sync'
Traceback (most recent call last):
  File "/data/data/com.termux/files/home/broccoli-core/runtime/main.py", line 12, in <module>
    from maintenance.sync import SyncManager
ModuleNotFoundError: No module named 'maintenance.sync'
Traceback (most recent call last):
  File "/data/data/com.termux/files/home/broccoli-core/runtime/main.py", line 12, in <module>
    from maintenance.sync import SyncManager
ModuleNotFoundError: No module named 'maintenance.sync'
Traceback (most recent call last):
  File "/data/data/com.termux/files/home/broccoli-core/runtime/main.py", line 12, in <module>
    from maintenance.sync import SyncManager
ModuleNotFoundError: No module named 'maintenance.sync'
Traceback (most recent call last):
  File "/data/data/com.termux/files/home/broccoli-core/runtime/main.py", line 12, in <module>
    from maintenance.sync import SyncManager
ModuleNotFoundError: No module named 'maintenance.sync'
Traceback (most recent call last):
  File "/data/data/com.termux/files/home/broccoli-core/runtime/main.py", line 12, in <module>
    from maintenance.sync import SyncManager
ModuleNotFoundError: No module named 'maintenance.sync'
Traceback (most recent call last):
  File "/data/data/com.termux/files/home/broccoli-core/runtime/main.py", line 12, in <module>
    from maintenance.sync import SyncManager
ModuleNotFoundError: No module named 'maintenance.sync'
Traceback (most recent call last):
  File "/data/data/com.termux/files/home/broccoli-core/runtime/main.py", line 12, in <module>
    from maintenance.sync import SyncManager
ModuleNotFoundError: No module named 'maintenance.sync'
Traceback (most recent call last):
  File "/data/data/com.termux/files/home/broccoli-core/runtime/main.py", line 12, in <module>
    from maintenance.sync import SyncManager
ModuleNotFoundError: No module named 'maintenance.sync'
Traceback (most recent call last):
  File "/data/data/com.termux/files/home/broccoli-core/runtime/main.py", line 12, in <module>
    from maintenance.sync import SyncManager
ModuleNotFoundError: No module named 'maintenance.sync'
Traceback (most recent call last):
  File "/data/data/com.termux/files/home/broccoli-core/runtime/main.py", line 12, in <module>
    from maintenance.sync import SyncManager
ModuleNotFoundError: No module named 'maintenance.sync'
Traceback (most recent call last):
  File "/data/data/com.termux/files/home/broccoli-core/runtime/main.py", line 12, in <module>
    from maintenance.sync import SyncManager
ModuleNotFoundError: No module named 'maintenance.sync'
Traceback (most recent call last):
  File "/data/data/com.termux/files/home/broccoli-core/runtime/main.py", line 12, in <module>
    from maintenance.sync import SyncManager
ModuleNotFoundError: No module named 'maintenance.sync'
Traceback (most recent call last):
  File "/data/data/com.termux/files/home/broccoli-core/runtime/main.py", line 12, in <module>
    from maintenance.sync import SyncManager
ModuleNotFoundError: No module named 'maintenance.sync'
Traceback (most recent call last):
  File "/data/data/com.termux/files/home/broccoli-core/runtime/main.py", line 12, in <module>
    from maintenance.sync import SyncManager
ModuleNotFoundError: No module named 'maintenance.sync'
Traceback (most recent call last):
  File "/data/data/com.termux/files/home/broccoli-core/runtime/main.py", line 12, in <module>
    from maintenance.sync import SyncManager
ModuleNotFoundError: No module named 'maintenance.sync'
Traceback (most recent call last):
  File "/data/data/com.termux/files/home/broccoli-core/runtime/main.py", line 12, in <module>
    from maintenance.sync import SyncManager
ModuleNotFoundError: No module named 'maintenance.sync'
Traceback (most recent call last):
  File "/data/data/com.termux/files/home/broccoli-core/runtime/main.py", line 12, in <module>
    from maintenance.sync import SyncManager
ModuleNotFoundError: No module named 'maintenance.sync'
Traceback (most recent call last):
  File "/data/data/com.termux/files/home/broccoli-core/runtime/main.py", line 12, in <module>
    from maintenance.sync import SyncManager
ModuleNotFoundError: No module named 'maintenance.sync'
Traceback (most recent call last):
  File "/data/data/com.termux/files/home/broccoli-core/runtime/main.py", line 12, in <module>
    from maintenance.sync import SyncManager
ModuleNotFoundError: No module named 'maintenance.sync'
Traceback (most recent call last):
  File "/data/data/com.termux/files/home/broccoli-core/runtime/main.py", line 12, in <module>
    from maintenance.sync import SyncManager
ModuleNotFoundError: No module named 'maintenance.sync'
Traceback (most recent call last):
  File "/data/data/com.termux/files/home/broccoli-core/runtime/main.py", line 12, in <module>
    from maintenance.sync import SyncManager
ModuleNotFoundError: No module named 'maintenance.sync'
Traceback (most recent call last):
  File "/data/data/com.termux/files/home/broccoli-core/runtime/main.py", line 12, in <module>
    from maintenance.sync import SyncManager
ModuleNotFoundError: No module named 'maintenance.sync'
Traceback (most recent call last):
  File "/data/data/com.termux/files/home/broccoli-core/runtime/main.py", line 12, in <module>
    from maintenance.sync import SyncManager
ModuleNotFoundError: No module named 'maintenance.sync'
Traceback (most recent call last):
  File "/data/data/com.termux/files/home/broccoli-core/runtime/main.py", line 12, in <module>
    from maintenance.sync import SyncManager
ModuleNotFoundError: No module named 'maintenance.sync'
Traceback (most recent call last):
  File "/data/data/com.termux/files/home/broccoli-core/runtime/main.py", line 12, in <module>
    from maintenance.sync import SyncManager
ModuleNotFoundError: No module named 'maintenance.sync'
Traceback (most recent call last):
  File "/data/data/com.termux/files/home/broccoli-core/runtime/main.py", line 12, in <module>
    from maintenance.sync import SyncManager
ModuleNotFoundError: No module named 'maintenance.sync'
Traceback (most recent call last):
  File "/data/data/com.termux/files/home/broccoli-core/runtime/main.py", line 12, in <module>
    from maintenance.sync import SyncManager
ModuleNotFoundError: No module named 'maintenance.sync'
Traceback (most recent call last):
  File "/data/data/com.termux/files/home/broccoli-core/runtime/main.py", line 12, in <module>
    from maintenance.sync import SyncManager
ModuleNotFoundError: No module named 'maintenance.sync'
Traceback (most recent call last):
  File "/data/data/com.termux/files/home/broccoli-core/runtime/main.py", line 12, in <module>
    from maintenance.sync import SyncManager
ModuleNotFoundError: No module named 'maintenance.sync'
Traceback (most recent call last):
  File "/data/data/com.termux/files/home/broccoli-core/runtime/main.py", line 12, in <module>
    from maintenance.sync import SyncManager
ModuleNotFoundError: No module named 'maintenance.sync'
Traceback (most recent call last):
  File "/data/data/com.termux/files/home/broccoli-core/runtime/main.py", line 12, in <module>
    from maintenance.sync import SyncManager
ModuleNotFoundError: No module named 'maintenance.sync'
Traceback (most recent call last):
  File "/data/data/com.termux/files/home/broccoli-core/runtime/main.py", line 12, in <module>
    from maintenance.sync import SyncManager
ModuleNotFoundError: No module named 'maintenance.sync'
Traceback (most recent call last):
  File "/data/data/com.termux/files/home/broccoli-core/runtime/main.py", line 12, in <module>
    from maintenance.sync import SyncManager
ModuleNotFoundError: No module named 'maintenance.sync'
Traceback (most recent call last):
  File "/data/data/com.termux/files/home/broccoli-core/runtime/main.py", line 12, in <module>
    from maintenance.sync import SyncManager
ModuleNotFoundError: No module named 'maintenance.sync'
Traceback (most recent call last):
  File "/data/data/com.termux/files/home/broccoli-core/runtime/main.py", line 12, in <module>
    from maintenance.sync import SyncManager
ModuleNotFoundError: No module named 'maintenance.sync'
Traceback (most recent call last):
  File "/data/data/com.termux/files/home/broccoli-core/runtime/main.py", line 12, in <module>
    from maintenance.sync import SyncManager
ModuleNotFoundError: No module named 'maintenance.sync'
Traceback (most recent call last):
  File "/data/data/com.termux/files/home/broccoli-core/runtime/main.py", line 12, in <module>
    from maintenance.sync import SyncManager
ModuleNotFoundError: No module named 'maintenance.sync'
Traceback (most recent call last):
  File "/data/data/com.termux/files/home/broccoli-core/runtime/main.py", line 12, in <module>
    from maintenance.sync import SyncManager
ModuleNotFoundError: No module named 'maintenance.sync'
Traceback (most recent call last):
  File "/data/data/com.termux/files/home/broccoli-core/runtime/main.py", line 12, in <module>
    from maintenance.sync import SyncManager
ModuleNotFoundError: No module named 'maintenance.sync'
Traceback (most recent call last):
  File "/data/data/com.termux/files/home/broccoli-core/runtime/main.py", line 12, in <module>
    from maintenance.sync import SyncManager
ModuleNotFoundError: No module named 'maintenance.sync'
Traceback (most recent call last):
  File "/data/data/com.termux/files/home/broccoli-core/runtime/main.py", line 12, in <module>
    from maintenance.sync import SyncManager
ModuleNotFoundError: No module named 'maintenance.sync'
Traceback (most recent call last):
  File "/data/data/com.termux/files/home/broccoli-core/runtime/main.py", line 12, in <module>
    from maintenance.sync import SyncManager
ModuleNotFoundError: No module named 'maintenance.sync'
Traceback (most recent call last):
  File "/data/data/com.termux/files/home/broccoli-core/runtime/main.py", line 12, in <module>
    from maintenance.sync import SyncManager
ModuleNotFoundError: No module named 'maintenance.sync'
Traceback (most recent call last):
  File "/data/data/com.termux/files/home/broccoli-core/runtime/main.py", line 12, in <module>
    from maintenance.sync import SyncManager
ModuleNotFoundError: No module named 'maintenance.sync'
Traceback (most recent call last):
  File "/data/data/com.termux/files/home/broccoli-core/runtime/main.py", line 12, in <module>
    from maintenance.sync import SyncManager
ModuleNotFoundError: No module named 'maintenance.sync'
Traceback (most recent call last):
  File "/data/data/com.termux/files/home/broccoli-core/runtime/main.py", line 12, in <module>
    from maintenance.sync import SyncManager
ModuleNotFoundError: No module named 'maintenance.sync'
Traceback (most recent call last):
  File "/data/data/com.termux/files/home/broccoli-core/runtime/main.py", line 12, in <module>
    from maintenance.sync import SyncManager
ModuleNotFoundError: No module named 'maintenance.sync'
Traceback (most recent call last):
  File "/data/data/com.termux/files/home/broccoli-core/runtime/main.py", line 12, in <module>
    from maintenance.sync import SyncManager
ModuleNotFoundError: No module named 'maintenance.sync'
Traceback (most recent call last):
  File "/data/data/com.termux/files/home/broccoli-core/runtime/main.py", line 12, in <module>
    from maintenance.sync import SyncManager
ModuleNotFoundError: No module named 'maintenance.sync'
Traceback (most recent call last):
  File "/data/data/com.termux/files/home/broccoli-core/runtime/main.py", line 12, in <module>
    from maintenance.sync import SyncManager
ModuleNotFoundError: No module named 'maintenance.sync'
Traceback (most recent call last):
  File "/data/data/com.termux/files/home/broccoli-core/runtime/main.py", line 12, in <module>
    from maintenance.sync import SyncManager
ModuleNotFoundError: No module named 'maintenance.sync'
Traceback (most recent call last):
  File "/data/data/com.termux/files/home/broccoli-core/runtime/main.py", line 12, in <module>
    from maintenance.sync import SyncManager
ModuleNotFoundError: No module named 'maintenance.sync'
Traceback (most recent call last):
  File "/data/data/com.termux/files/home/broccoli-core/runtime/main.py", line 12, in <module>
    from maintenance.sync import SyncManager
ModuleNotFoundError: No module named 'maintenance.sync'
Traceback (most recent call last):
  File "/data/data/com.termux/files/home/broccoli-core/runtime/main.py", line 12, in <module>
    from maintenance.sync import SyncManager
ModuleNotFoundError: No module named 'maintenance.sync'
Traceback (most recent call last):
  File "/data/data/com.termux/files/home/broccoli-core/runtime/main.py", line 12, in <module>
    from maintenance.sync import SyncManager
ModuleNotFoundError: No module named 'maintenance.sync'
Traceback (most recent call last):
  File "/data/data/com.termux/files/home/broccoli-core/runtime/main.py", line 12, in <module>
    from maintenance.sync import SyncManager
ModuleNotFoundError: No module named 'maintenance.sync'
Traceback (most recent call last):
  File "/data/data/com.termux/files/home/broccoli-core/runtime/main.py", line 12, in <module>
    from maintenance.sync import SyncManager
ModuleNotFoundError: No module named 'maintenance.sync'
Traceback (most recent call last):
  File "/data/data/com.termux/files/home/broccoli-core/runtime/main.py", line 12, in <module>
    from maintenance.sync import SyncManager
ModuleNotFoundError: No module named 'maintenance.sync'
Traceback (most recent call last):
  File "/data/data/com.termux/files/home/broccoli-core/runtime/main.py", line 12, in <module>
    from maintenance.sync import SyncManager
ModuleNotFoundError: No module named 'maintenance.sync'
Traceback (most recent call last):
  File "/data/data/com.termux/files/home/broccoli-core/runtime/main.py", line 12, in <module>
    from maintenance.sync import SyncManager
ModuleNotFoundError: No module named 'maintenance.sync'
Traceback (most recent call last):
  File "/data/data/com.termux/files/home/broccoli-core/runtime/main.py", line 12, in <module>
    from maintenance.sync import SyncManager
ModuleNotFoundError: No module named 'maintenance.sync'
Traceback (most recent call last):
  File "/data/data/com.termux/files/home/broccoli-core/runtime/main.py", line 12, in <module>
    from maintenance.sync import SyncManager
ModuleNotFoundError: No module named 'maintenance.sync'
Traceback (most recent call last):
  File "/data/data/com.termux/files/home/broccoli-core/runtime/main.py", line 12, in <module>
    from maintenance.sync import SyncManager
ModuleNotFoundError: No module named 'maintenance.sync'
Traceback (most recent call last):
  File "/data/data/com.termux/files/home/broccoli-core/runtime/main.py", line 12, in <module>
    from maintenance.sync import SyncManager
ModuleNotFoundError: No module named 'maintenance.sync'
Traceback (most recent call last):
  File "/data/data/com.termux/files/home/broccoli-core/runtime/main.py", line 12, in <module>
    from maintenance.sync import SyncManager
ModuleNotFoundError: No module named 'maintenance.sync'
Traceback (most recent call last):
  File "/data/data/com.termux/files/home/broccoli-core/runtime/main.py", line 12, in <module>
    from maintenance.sync import SyncManager
ModuleNotFoundError: No module named 'maintenance.sync'
Traceback (most recent call last):
  File "/data/data/com.termux/files/home/broccoli-core/runtime/main.py", line 12, in <module>
    from maintenance.sync import SyncManager
ModuleNotFoundError: No module named 'maintenance.sync'
Traceback (most recent call last):
  File "/data/data/com.termux/files/home/broccoli-core/runtime/main.py", line 12, in <module>
    from maintenance.sync import SyncManager
ModuleNotFoundError: No module named 'maintenance.sync'
Traceback (most recent call last):
  File "/data/data/com.termux/files/home/broccoli-core/runtime/main.py", line 12, in <module>
    from maintenance.sync import SyncManager
ModuleNotFoundError: No module named 'maintenance.sync'
Traceback (most recent call last):
  File "/data/data/com.termux/files/home/broccoli-core/runtime/main.py", line 12, in <module>
    from maintenance.sync import SyncManager
ModuleNotFoundError: No module named 'maintenance.sync'
Traceback (most recent call last):
  File "/data/data/com.termux/files/home/broccoli-core/runtime/main.py", line 12, in <module>
    from maintenance.sync import SyncManager
ModuleNotFoundError: No module named 'maintenance.sync'
Traceback (most recent call last):
  File "/data/data/com.termux/files/home/broccoli-core/runtime/main.py", line 12, in <module>
    from maintenance.sync import SyncManager
ModuleNotFoundError: No module named 'maintenance.sync'
Traceback (most recent call last):
  File "/data/data/com.termux/files/home/broccoli-core/runtime/main.py", line 12, in <module>
    from maintenance.sync import SyncManager
ModuleNotFoundError: No module named 'maintenance.sync'
Traceback (most recent call last):
  File "/data/data/com.termux/files/home/broccoli-core/runtime/main.py", line 12, in <module>
    from maintenance.sync import SyncManager
ModuleNotFoundError: No module named 'maintenance.sync'
Traceback (most recent call last):
  File "/data/data/com.termux/files/home/broccoli-core/runtime/main.py", line 12, in <module>
    from maintenance.sync import SyncManager
ModuleNotFoundError: No module named 'maintenance.sync'
Traceback (most recent call last):
  File "/data/data/com.termux/files/home/broccoli-core/runtime/main.py", line 12, in <module>
    from maintenance.sync import SyncManager
ModuleNotFoundError: No module named 'maintenance.sync'
Traceback (most recent call last):
  File "/data/data/com.termux/files/home/broccoli-core/runtime/main.py", line 12, in <module>
    from maintenance.sync import SyncManager
ModuleNotFoundError: No module named 'maintenance.sync'
Traceback (most recent call last):
  File "/data/data/com.termux/files/home/broccoli-core/runtime/main.py", line 12, in <module>
    from maintenance.sync import SyncManager
ModuleNotFoundError: No module named 'maintenance.sync'
Traceback (most recent call last):
  File "/data/data/com.termux/files/home/broccoli-core/runtime/main.py", line 12, in <module>
    from maintenance.sync import SyncManager
ModuleNotFoundError: No module named 'maintenance.sync'
Traceback (most recent call last):
  File "/data/data/com.termux/files/home/broccoli-core/runtime/main.py", line 12, in <module>
    from maintenance.sync import SyncManager
ModuleNotFoundError: No module named 'maintenance.sync'
Traceback (most recent call last):
  File "/data/data/com.termux/files/home/broccoli-core/runtime/main.py", line 12, in <module>
    from maintenance.sync import SyncManager
ModuleNotFoundError: No module named 'maintenance.sync'
Traceback (most recent call last):
  File "/data/data/com.termux/files/home/broccoli-core/runtime/main.py", line 12, in <module>
    from maintenance.sync import SyncManager
ModuleNotFoundError: No module named 'maintenance.sync'
Traceback (most recent call last):
  File "/data/data/com.termux/files/home/broccoli-core/runtime/main.py", line 12, in <module>
    from maintenance.sync import SyncManager
ModuleNotFoundError: No module named 'maintenance.sync'
Traceback (most recent call last):
  File "/data/data/com.termux/files/home/broccoli-core/runtime/main.py", line 12, in <module>
    from maintenance.sync import SyncManager
ModuleNotFoundError: No module named 'maintenance.sync'
Traceback (most recent call last):
  File "/data/data/com.termux/files/home/broccoli-core/runtime/main.py", line 12, in <module>
    from maintenance.sync import SyncManager
ModuleNotFoundError: No module named 'maintenance.sync'
Traceback (most recent call last):
  File "/data/data/com.termux/files/home/broccoli-core/runtime/main.py", line 12, in <module>
    from maintenance.sync import SyncManager
ModuleNotFoundError: No module named 'maintenance.sync'
Traceback (most recent call last):
  File "/data/data/com.termux/files/home/broccoli-core/runtime/main.py", line 12, in <module>
    from maintenance.sync import SyncManager
ModuleNotFoundError: No module named 'maintenance.sync'
Traceback (most recent call last):
  File "/data/data/com.termux/files/home/broccoli-core/runtime/main.py", line 12, in <module>
    from maintenance.sync import SyncManager
ModuleNotFoundError: No module named 'maintenance.sync'
Traceback (most recent call last):
  File "/data/data/com.termux/files/home/broccoli-core/runtime/main.py", line 12, in <module>
    from maintenance.sync import SyncManager
ModuleNotFoundError: No module named 'maintenance.sync'
Traceback (most recent call last):
  File "/data/data/com.termux/files/home/broccoli-core/runtime/main.py", line 12, in <module>
    from maintenance.sync import SyncManager
ModuleNotFoundError: No module named 'maintenance.sync'
Traceback (most recent call last):
  File "/data/data/com.termux/files/home/broccoli-core/runtime/main.py", line 12, in <module>
    from maintenance.sync import SyncManager
ModuleNotFoundError: No module named 'maintenance.sync'
Traceback (most recent call last):
  File "/data/data/com.termux/files/home/broccoli-core/runtime/main.py", line 12, in <module>
    from maintenance.sync import SyncManager
ModuleNotFoundError: No module named 'maintenance.sync'
Traceback (most recent call last):
  File "/data/data/com.termux/files/home/broccoli-core/runtime/main.py", line 12, in <module>
    from maintenance.sync import SyncManager
ModuleNotFoundError: No module named 'maintenance.sync'
Traceback (most recent call last):
  File "/data/data/com.termux/files/home/broccoli-core/runtime/main.py", line 12, in <module>
    from maintenance.sync import SyncManager
ModuleNotFoundError: No module named 'maintenance.sync'
Traceback (most recent call last):
  File "/data/data/com.termux/files/home/broccoli-core/runtime/main.py", line 12, in <module>
    from maintenance.sync import SyncManager
ModuleNotFoundError: No module named 'maintenance.sync'
Traceback (most recent call last):
  File "/data/data/com.termux/files/home/broccoli-core/runtime/main.py", line 12, in <module>
    from maintenance.sync import SyncManager
ModuleNotFoundError: No module named 'maintenance.sync'
Traceback (most recent call last):
  File "/data/data/com.termux/files/home/broccoli-core/runtime/main.py", line 12, in <module>
    from maintenance.sync import SyncManager
ModuleNotFoundError: No module named 'maintenance.sync'
Traceback (most recent call last):
  File "/data/data/com.termux/files/home/broccoli-core/runtime/main.py", line 12, in <module>
    from maintenance.sync import SyncManager
ModuleNotFoundError: No module named 'maintenance.sync'
Traceback (most recent call last):
  File "/data/data/com.termux/files/home/broccoli-core/runtime/main.py", line 12, in <module>
    from maintenance.sync import SyncManager
ModuleNotFoundError: No module named 'maintenance.sync'
Traceback (most recent call last):
  File "/data/data/com.termux/files/home/broccoli-core/runtime/main.py", line 12, in <module>
    from maintenance.sync import SyncManager
ModuleNotFoundError: No module named 'maintenance.sync'
Traceback (most recent call last):
  File "/data/data/com.termux/files/home/broccoli-core/runtime/main.py", line 12, in <module>
    from maintenance.sync import SyncManager
ModuleNotFoundError: No module named 'maintenance.sync'
Traceback (most recent call last):
  File "/data/data/com.termux/files/home/broccoli-core/runtime/main.py", line 12, in <module>
    from maintenance.sync import SyncManager
ModuleNotFoundError: No module named 'maintenance.sync'
Traceback (most recent call last):
  File "/data/data/com.termux/files/home/broccoli-core/runtime/main.py", line 12, in <module>
    from maintenance.sync import SyncManager
ModuleNotFoundError: No module named 'maintenance.sync'
Traceback (most recent call last):
  File "/data/data/com.termux/files/home/broccoli-core/runtime/main.py", line 12, in <module>
    from maintenance.sync import SyncManager
ModuleNotFoundError: No module named 'maintenance.sync'
Traceback (most recent call last):
  File "/data/data/com.termux/files/home/broccoli-core/runtime/main.py", line 12, in <module>
    from maintenance.sync import SyncManager
ModuleNotFoundError: No module named 'maintenance.sync'
Traceback (most recent call last):
  File "/data/data/com.termux/files/home/broccoli-core/runtime/main.py", line 12, in <module>
    from maintenance.sync import SyncManager
ModuleNotFoundError: No module named 'maintenance.sync'
Traceback (most recent call last):
  File "/data/data/com.termux/files/home/broccoli-core/runtime/main.py", line 12, in <module>
    from maintenance.sync import SyncManager
ModuleNotFoundError: No module named 'maintenance.sync'
Traceback (most recent call last):
  File "/data/data/com.termux/files/home/broccoli-core/runtime/main.py", line 12, in <module>
    from maintenance.sync import SyncManager
ModuleNotFoundError: No module named 'maintenance.sync'
Traceback (most recent call last):
  File "/data/data/com.termux/files/home/broccoli-core/runtime/main.py", line 12, in <module>
    from maintenance.sync import SyncManager
ModuleNotFoundError: No module named 'maintenance.sync'
Traceback (most recent call last):
  File "/data/data/com.termux/files/home/broccoli-core/runtime/main.py", line 12, in <module>
    from maintenance.sync import SyncManager
ModuleNotFoundError: No module named 'maintenance.sync'
Traceback (most recent call last):
  File "/data/data/com.termux/files/home/broccoli-core/runtime/main.py", line 12, in <module>
    from maintenance.sync import SyncManager
ModuleNotFoundError: No module named 'maintenance.sync'
Traceback (most recent call last):
  File "/data/data/com.termux/files/home/broccoli-core/runtime/main.py", line 12, in <module>
    from maintenance.sync import SyncManager
ModuleNotFoundError: No module named 'maintenance.sync'
Traceback (most recent call last):
  File "/data/data/com.termux/files/home/broccoli-core/runtime/main.py", line 12, in <module>
    from maintenance.sync import SyncManager
ModuleNotFoundError: No module named 'maintenance.sync'
Traceback (most recent call last):
  File "/data/data/com.termux/files/home/broccoli-core/runtime/main.py", line 12, in <module>
    from maintenance.sync import SyncManager
ModuleNotFoundError: No module named 'maintenance.sync'
Traceback (most recent call last):
  File "/data/data/com.termux/files/home/broccoli-core/runtime/main.py", line 12, in <module>
    from maintenance.sync import SyncManager
ModuleNotFoundError: No module named 'maintenance.sync'
Traceback (most recent call last):
  File "/data/data/com.termux/files/home/broccoli-core/runtime/main.py", line 12, in <module>
    from maintenance.sync import SyncManager
ModuleNotFoundError: No module named 'maintenance.sync'
Traceback (most recent call last):
  File "/data/data/com.termux/files/home/broccoli-core/runtime/main.py", line 12, in <module>
    from maintenance.sync import SyncManager
ModuleNotFoundError: No module named 'maintenance.sync'
Traceback (most recent call last):
  File "/data/data/com.termux/files/home/broccoli-core/runtime/main.py", line 12, in <module>
    from maintenance.sync import SyncManager
ModuleNotFoundError: No module named 'maintenance.sync'
Traceback (most recent call last):
  File "/data/data/com.termux/files/home/broccoli-core/runtime/main.py", line 12, in <module>
    from maintenance.sync import SyncManager
ModuleNotFoundError: No module named 'maintenance.sync'
Traceback (most recent call last):
  File "/data/data/com.termux/files/home/broccoli-core/runtime/main.py", line 12, in <module>
    from maintenance.sync import SyncManager
ModuleNotFoundError: No module named 'maintenance.sync'
Traceback (most recent call last):
  File "/data/data/com.termux/files/home/broccoli-core/runtime/main.py", line 12, in <module>
    from maintenance.sync import SyncManager
ModuleNotFoundError: No module named 'maintenance.sync'
Traceback (most recent call last):
  File "/data/data/com.termux/files/home/broccoli-core/runtime/main.py", line 12, in <module>
    from maintenance.sync import SyncManager
ModuleNotFoundError: No module named 'maintenance.sync'
Traceback (most recent call last):
  File "/data/data/com.termux/files/home/broccoli-core/runtime/main.py", line 12, in <module>
    from maintenance.sync import SyncManager
ModuleNotFoundError: No module named 'maintenance.sync'
Traceback (most recent call last):
  File "/data/data/com.termux/files/home/broccoli-core/runtime/main.py", line 12, in <module>
    from maintenance.sync import SyncManager
ModuleNotFoundError: No module named 'maintenance.sync'
Traceback (most recent call last):
  File "/data/data/com.termux/files/home/broccoli-core/runtime/main.py", line 12, in <module>
    from maintenance.sync import SyncManager
ModuleNotFoundError: No module named 'maintenance.sync'
Traceback (most recent call last):
  File "/data/data/com.termux/files/home/broccoli-core/runtime/main.py", line 12, in <module>
    from maintenance.sync import SyncManager
ModuleNotFoundError: No module named 'maintenance.sync'
Traceback (most recent call last):
  File "/data/data/com.termux/files/home/broccoli-core/runtime/main.py", line 12, in <module>
    from maintenance.sync import SyncManager
ModuleNotFoundError: No module named 'maintenance.sync'
Traceback (most recent call last):
  File "/data/data/com.termux/files/home/broccoli-core/runtime/main.py", line 12, in <module>
    from maintenance.sync import SyncManager
ModuleNotFoundError: No module named 'maintenance.sync'
Traceback (most recent call last):
  File "/data/data/com.termux/files/home/broccoli-core/runtime/main.py", line 12, in <module>
    from maintenance.sync import SyncManager
ModuleNotFoundError: No module named 'maintenance.sync'
Traceback (most recent call last):
  File "/data/data/com.termux/files/home/broccoli-core/runtime/main.py", line 12, in <module>
    from maintenance.sync import SyncManager
ModuleNotFoundError: No module named 'maintenance.sync'
Traceback (most recent call last):
  File "/data/data/com.termux/files/home/broccoli-core/runtime/main.py", line 12, in <module>
    from maintenance.sync import SyncManager
ModuleNotFoundError: No module named 'maintenance.sync'
Traceback (most recent call last):
  File "/data/data/com.termux/files/home/broccoli-core/runtime/main.py", line 12, in <module>
    from maintenance.sync import SyncManager
ModuleNotFoundError: No module named 'maintenance.sync'
Traceback (most recent call last):
  File "/data/data/com.termux/files/home/broccoli-core/runtime/main.py", line 12, in <module>
    from maintenance.sync import SyncManager
ModuleNotFoundError: No module named 'maintenance.sync'
Traceback (most recent call last):
  File "/data/data/com.termux/files/home/broccoli-core/runtime/main.py", line 12, in <module>
    from maintenance.sync import SyncManager
ModuleNotFoundError: No module named 'maintenance.sync'
Traceback (most recent call last):
  File "/data/data/com.termux/files/home/broccoli-core/runtime/main.py", line 12, in <module>
    from maintenance.sync import SyncManager
ModuleNotFoundError: No module named 'maintenance.sync'
Traceback (most recent call last):
  File "/data/data/com.termux/files/home/broccoli-core/runtime/main.py", line 12, in <module>
    from maintenance.sync import SyncManager
ModuleNotFoundError: No module named 'maintenance.sync'
Traceback (most recent call last):
  File "/data/data/com.termux/files/home/broccoli-core/runtime/main.py", line 12, in <module>
    from maintenance.sync import SyncManager
ModuleNotFoundError: No module named 'maintenance.sync'
Traceback (most recent call last):
  File "/data/data/com.termux/files/home/broccoli-core/runtime/main.py", line 12, in <module>
    from maintenance.sync import SyncManager
ModuleNotFoundError: No module named 'maintenance.sync'
Traceback (most recent call last):
  File "/data/data/com.termux/files/home/broccoli-core/runtime/main.py", line 12, in <module>
    from maintenance.sync import SyncManager
ModuleNotFoundError: No module named 'maintenance.sync'
Traceback (most recent call last):
  File "/data/data/com.termux/files/home/broccoli-core/runtime/main.py", line 12, in <module>
    from maintenance.sync import SyncManager
ModuleNotFoundError: No module named 'maintenance.sync'
Traceback (most recent call last):
  File "/data/data/com.termux/files/home/broccoli-core/runtime/main.py", line 12, in <module>
    from maintenance.sync import SyncManager
ModuleNotFoundError: No module named 'maintenance.sync'
Traceback (most recent call last):
  File "/data/data/com.termux/files/home/broccoli-core/runtime/main.py", line 12, in <module>
    from maintenance.sync import SyncManager
ModuleNotFoundError: No module named 'maintenance.sync'
Traceback (most recent call last):
  File "/data/data/com.termux/files/home/broccoli-core/runtime/main.py", line 12, in <module>
    from maintenance.sync import SyncManager
ModuleNotFoundError: No module named 'maintenance.sync'
Traceback (most recent call last):
  File "/data/data/com.termux/files/home/broccoli-core/runtime/main.py", line 12, in <module>
    from maintenance.sync import SyncManager
ModuleNotFoundError: No module named 'maintenance.sync'
Traceback (most recent call last):
  File "/data/data/com.termux/files/home/broccoli-core/runtime/main.py", line 12, in <module>
    from maintenance.sync import SyncManager
ModuleNotFoundError: No module named 'maintenance.sync'
Traceback (most recent call last):
  File "/data/data/com.termux/files/home/broccoli-core/runtime/main.py", line 12, in <module>
    from maintenance.sync import SyncManager
ModuleNotFoundError: No module named 'maintenance.sync'
Traceback (most recent call last):
  File "/data/data/com.termux/files/home/broccoli-core/runtime/main.py", line 12, in <module>
    from maintenance.sync import SyncManager
ModuleNotFoundError: No module named 'maintenance.sync'
Traceback (most recent call last):
  File "/data/data/com.termux/files/home/broccoli-core/runtime/main.py", line 12, in <module>
    from maintenance.sync import SyncManager
ModuleNotFoundError: No module named 'maintenance.sync'
Traceback (most recent call last):
  File "/data/data/com.termux/files/home/broccoli-core/runtime/main.py", line 12, in <module>
    from maintenance.sync import SyncManager
ModuleNotFoundError: No module named 'maintenance.sync'
Traceback (most recent call last):
  File "/data/data/com.termux/files/home/broccoli-core/runtime/main.py", line 12, in <module>
    from maintenance.sync import SyncManager
ModuleNotFoundError: No module named 'maintenance.sync'
Traceback (most recent call last):
  File "/data/data/com.termux/files/home/broccoli-core/runtime/main.py", line 12, in <module>
    from maintenance.sync import SyncManager
ModuleNotFoundError: No module named 'maintenance.sync'
Traceback (most recent call last):
  File "/data/data/com.termux/files/home/broccoli-core/runtime/main.py", line 12, in <module>
    from maintenance.sync import SyncManager
ModuleNotFoundError: No module named 'maintenance.sync'
Traceback (most recent call last):
  File "/data/data/com.termux/files/home/broccoli-core/runtime/main.py", line 12, in <module>
    from maintenance.sync import SyncManager
ModuleNotFoundError: No module named 'maintenance.sync'
Traceback (most recent call last):
  File "/data/data/com.termux/files/home/broccoli-core/runtime/main.py", line 12, in <module>
    from maintenance.sync import SyncManager
ModuleNotFoundError: No module named 'maintenance.sync'
Traceback (most recent call last):
  File "/data/data/com.termux/files/home/broccoli-core/runtime/main.py", line 12, in <module>
    from maintenance.sync import SyncManager
ModuleNotFoundError: No module named 'maintenance.sync'
Traceback (most recent call last):
  File "/data/data/com.termux/files/home/broccoli-core/runtime/main.py", line 12, in <module>
    from maintenance.sync import SyncManager
ModuleNotFoundError: No module named 'maintenance.sync'
Traceback (most recent call last):
  File "/data/data/com.termux/files/home/broccoli-core/runtime/main.py", line 12, in <module>
    from maintenance.sync import SyncManager
ModuleNotFoundError: No module named 'maintenance.sync'
Traceback (most recent call last):
  File "/data/data/com.termux/files/home/broccoli-core/runtime/main.py", line 12, in <module>
    from maintenance.sync import SyncManager
ModuleNotFoundError: No module named 'maintenance.sync'
Traceback (most recent call last):
  File "/data/data/com.termux/files/home/broccoli-core/runtime/main.py", line 12, in <module>
    from maintenance.sync import SyncManager
ModuleNotFoundError: No module named 'maintenance.sync'
Traceback (most recent call last):
  File "/data/data/com.termux/files/home/broccoli-core/runtime/main.py", line 12, in <module>
    from maintenance.sync import SyncManager
ModuleNotFoundError: No module named 'maintenance.sync'
Traceback (most recent call last):
  File "/data/data/com.termux/files/home/broccoli-core/runtime/main.py", line 12, in <module>
    from maintenance.sync import SyncManager
ModuleNotFoundError: No module named 'maintenance.sync'
Traceback (most recent call last):
  File "/data/data/com.termux/files/home/broccoli-core/runtime/main.py", line 12, in <module>
    from maintenance.sync import SyncManager
ModuleNotFoundError: No module named 'maintenance.sync'
Traceback (most recent call last):
  File "/data/data/com.termux/files/home/broccoli-core/runtime/main.py", line 12, in <module>
    from maintenance.sync import SyncManager
ModuleNotFoundError: No module named 'maintenance.sync'
